tree
version=v4
num_class=1
num_tree_per_iteration=1
label_index=0
max_feature_idx=20
objective=lambdarank
feature_names=cf_score global_pop log_global_pop week_position abs_week_distance engagement_band type_match item_duration_proxy activity_resource activity_oucontent activity_forumng activity_quiz activity_url activity_subpage activity_glossary activity_oucollaborate activity_other module_BBB module_DDD module_FFF cf_score_user_norm
feature_infos=[0:267.43282542490397] [1:391476] [0.69314718055994529:12.877682044283663] [0.026119402985074626:0.7574626865671642] [0:0.89583333333333337] [0:3] [0:1] [1:12] [0:1] [0:1] [0:1] [0:1] [0:1] [0:1] [0:1] [0:1] [0:1] [0:1] [0:1] [0:1] [0:1]
tree_sizes=3516 3504 3545 3539 3530 3550 3546 3537 3536 3554 3541 3537 3510 3515 3567 3558 3512 3520 3549 3530 3524 3543 3518 3563 3510 3509 3539 3476 3547 3525 3503 3538 3539 3556 3532 3494 3552 3494 3551 3540 3525 3526 3486 3537 3527 3510 3509 3536 3520 3527 3524 3547 3558 3524 3526 3497 3498 3479 3545 3534 3476 3467 3522 3519 3495 3510 3513 3534 3456 3525 3547 3514 3508 3451 3551 3504 3478 3538 3468 3499 3471 3543 3495 3522 3517 3465 3485 3451 3499 3466 3468 3506 3548 3524 3462 3441 3455 3499 3456 3496 3522 3479 3503 3548 3481 3469 3472 3472 3498 3523 3456 3528 3504 3475 3521 3489 3476 3488 3493 3468 3489 3521 3515 3493 3518 3528 3528 3460 3500 3507 3487 3449 3490 3506 3514 3470 3467 3518 3470 3473 3514 3503 3503 3530 3493 3517 3462 3458 3451 3479 3522 3460 3472 3483 3410 3493 3504 3485 3487 3520 3481 3425 3462 3428 3479 3507 3495 3466 3503 3517 3492 3499 3521 3409 3433 3538 3456 3456 3459 3495 3477 3521 3477 3522 3515 3487 3500 3486 3394 3482 3477 3504 3460 3485 3467 3413 3499 3499 3496 3499 3466 3443 3467 3432 3510 3490 3479 3482 3483 3418 3475 3465 3470 3481 3446 3474 3449 3437 3485 3444 3433 3538 3481 3490 3441 3491 3463 3449 3491 3443 3439 3454 3489 3460 3414 3449 3502 3433 3474 3487 3470 3475 3425 3468 3454 3474 3476 3490 3504 3425 3521 3440 3458 3472 3443 3444 3453 3505 3454 3493 3465 3451 3497 3445 3462 3489 3524 3472 3429 3461

Tree=0
num_leaves=31
num_cat=0
split_feature=1 0 17 3 3 3 4 16 1 0 11 12 3 3 17 17 0 1 1 1 1 1 4 4 1 3 4 1 3 4
split_gain=4350.19 952.523 747.252 606.669 487.57 380.489 298.408 250.843 336.038 244.685 215.848 197.202 174.412 171.17 148.148 128.83 297.26 175.708 131.592 136.614 127.304 118.183 115.076 113.261 102.498 97.1705 92.7711 92.5727 87.9077 82.6378
threshold=2088.5000000000005 15.108645180584869 1.0000000180025095e-35 0.49813432835820898 0.63992537313432851 0.48320895522388069 0.07276119402985072 1.0000000180025095e-35 823.50000000000011 28.504126943894985 1.0000000180025095e-35 1.0000000180025095e-35 0.48320895522388069 0.49813432835820898 1.0000000180025095e-35 1.0000000180025095e-35 11.534016257491627 673.50000000000011 456.50000000000006 345.00000000000006 812.50000000000011 1027.0000000000002 0.11567164179104478 0.1506704980842912 17959.000000000004 0.12363184079601992 0.16920426602619093 187.50000000000003 0.51119402985074636 0.1506704980842912
decision_type=2 2 2 2 2 2 2 2 2 2 2 2 2 2 2 2 2 2 2 2 2 2 2 2 2 2 2 2 2 2
left_child=1 3 12 6 7 9 -1 11 20 25 24 15 22 23 -6 18 17 -17 19 27 -9 -14 -3 -4 -7 -2 -11 -5 -18 -23
right_child=5 2 13 4 14 10 -8 8 -10 26 -12 -13 21 -15 -16 16 28 -19 -20 -21 -22 29 -24 -25 -26 -27 -28 -29 -30 -31
leaf_value=0.0088788975681934404 0.1125634431583169 0.0017347830990248969 0.14790753948993762 -0.012020747834661743 0.1469386116811294 0.094495864471637256 -0.17255726702992225 0.038672390747717431 -0.14046121881673732 0.14621288129444071 0.18044868461363034 -0.12402376401919918 -0.051506186716431507 0.10984363333102568 0.0040901115322875183 -0.10947617026438775 0.023787459284835402 0.17459279579681392 -0.064163579482528502 0.033955531799737614 0.19828346797792823 0.062600254798547902 -0.16024161235175099 -0.095859217934527785 0.15097850040343178 -0.13079454834932239 0.018830950154652516 -0.079670934269523722 -0.15830568757548399 -0.011778199022739825
leaf_weight=106.49075082808849 19.252387755725067 62.545578200399177 25.956059408548754 499.5092383316769 151.58687296803691 1329.6901317080046 609.34890773089501 249.69891132938938 99.453538919646235 104.60565176705131 540.02666182315443 459.30036782578827 451.82400898612104 729.99936278499081 139.3345722560116 1059.7225184177587 284.99529560594237 22.231066115666181 1186.9951777425194 363.73277206045896 62.473195926999324 234.14843142262544 146.8236351062078 71.744821964093717 423.64296576241031 111.03703851881437 126.09035663789837 339.93166571375696 29.231047924433369 412.59845304916962
leaf_count=5908 2252 2931 1659 24036 3312 71512 46688 10091 6651 6255 9640 30792 39478 45573 6882 63662 13897 3077 62650 13789 493 15349 16666 15786 19568 8630 13447 19454 1415 32811
internal_value=-0.000430523 -0.0380621 0.0188492 -0.0595207 -0.0470727 0.110148 -0.145566 -0.0549182 0.0196161 0.0147185 0.125169 -0.0621445 -0.0282065 0.093207 0.0785224 -0.0546382 -0.0787729 -0.103639 -0.0405403 -0.0172348 0.0706144 -0.0122647 -0.111854 -0.031098 0.108143 -0.0948344 0.0765904 -0.0394157 0.00684816 0.0151498
internal_weight=10454 7799.68 2135.64 5664.04 4948.2 2654.35 715.84 4657.27 411.626 360.985 2293.36 4245.65 1307.94 827.7 290.921 3786.35 1396.18 1081.95 2390.17 1203.17 312.172 1098.57 209.369 97.7009 1753.33 130.289 230.696 839.441 314.226 646.747
internal_count=614354 483050 170253 312797 260201 131304 52596 250007 17235 30584 100720 232772 107235 63018 10194 201980 82051 66739 119929 57279 10584 87638 19597 17445 91080 10882 19702 43490 15312 48160
is_linear=0
shrinkage=0.1


Tree=1
num_leaves=31
num_cat=0
split_feature=1 11 20 4 3 4 12 20 20 0 20 14 7 20 16 8 19 4 3 1 4 1 3 1 0 1 7 18 7 1
split_gain=3671.9 1540.51 1210.86 833.467 806.22 685.679 610.697 608.106 650.979 827.193 568.505 637.294 443.623 457.371 484.233 461.663 570.285 459.225 403.961 348.127 335.476 316.729 310.149 307.092 295.718 274.583 273.753 267.027 234.695 219.29
threshold=3067.5000000000005 1.0000000180025095e-35 0.92156384690717086 0.27950870646766179 0.49813432835820898 0.07276119402985072 1.0000000180025095e-35 0.12441516710294666 0.93381963191493456 49.513267308007926 0.25113437415743511 1.0000000180025095e-35 1.2500000000000002 0.70614097360683437 1.0000000180025095e-35 1.0000000180025095e-35 1.0000000180025095e-35 0.16266762452107283 0.63992537313432851 1364.0000000000002 0.13275862068965522 28587.500000000004 0.51119402985074636 812.50000000000011 57.973155683127395 823.50000000000011 1.7500000000000002 1.0000000180025095e-35 10.500000000000002 2553.5000000000005
decision_type=2 2 2 2 2 2 2 2 2 2 2 2 2 2 2 2 2 2 2 2 2 2 2 2 2 2 2 2 2 2
left_child=4 2 10 21 5 -1 12 -5 9 -9 11 26 13 14 15 18 17 -17 -6 23 -12 -3 -19 27 -23 -25 -2 -16 -28 -14
right_child=1 3 -4 7 6 -7 -8 8 -10 -11 20 -13 29 -15 19 16 -18 22 -20 -21 -22 24 -24 25 -26 -27 28 -29 -30 -31
leaf_value=0.030479372361962562 -0.1101866167672666 0.15673498773544986 0.079276482841634771 0.1805046517297425 -0.076700789488695589 -0.14887677827146537 -0.11185132134239151 -0.18280616680203907 0.10425441863424145 0.11276225764834198 0.020214983687801141 -0.13817798317692145 0.031232924609263087 0.01703084257912835 -0.052211216881815348 -0.053207302512445757 -0.10690437774591165 0.030648356841005225 0.05094109977937436 -0.136785313781251 -0.045191406334178327 -0.09312481909813794 -0.16289068592980005 0.16602207716644979 0.10856978575036896 -0.0072535218106032215 0.10608780448669608 0.11727021651735033 -0.10427541084183728 0.1785673434368881
leaf_weight=271.72541458735941 70.408440954983234 1752.9308254915522 2351.5339677362936 196.53406998468563 3629.0312881641294 988.81296308763558 782.19728229398606 309.35275301430374 270.71805538516492 136.45261374861002 1099.3795805436093 153.08450723765418 538.42172080767341 2068.9977699614537 335.04004210943822 1216.9663472806569 635.38795071141794 2143.0502909885254 266.12601889698999 110.78077344113262 2735.2448727095616 98.690224455669522 86.128376719600055 295.02448566816747 275.94936605356634 132.53824940806953 921.03828904370312 128.66308824799489 56.275598760112189 124.35181175987236
leaf_count=9758 446 3348 20371 488 131678 87164 47478 2549 1072 638 13910 714 10385 45822 8350 48755 32392 68724 4589 5476 49653 641 2963 499 1124 5226 7004 1679 1818 634
internal_value=-6.20894e-05 0.0446907 0.0200309 0.1046 -0.0339933 -0.110214 -0.0263024 0.0246797 -0.0180613 -0.0923382 -0.00763665 0.0524079 -0.0205882 -0.0253555 -0.0351227 -0.0433536 -0.0198518 -0.00380136 -0.06798 0.0303993 -0.0264395 0.138898 0.0231706 0.0511797 0.055438 0.112309 0.0802548 -0.00518543 0.0939747 0.0588763
internal_weight=24180.8 10427.6 7386.97 3040.63 13753.2 1260.54 12492.7 913.057 716.523 445.805 5035.43 1200.81 11710.5 11047.7 8978.74 7976.69 4081.53 3446.15 3895.16 1002.05 3834.62 2127.57 2229.18 891.266 374.64 427.563 1047.72 463.703 977.314 662.774
internal_count=615348 103776 93916 9860 511572 96922 414650 4747 4259 3187 73545 9982 367172 356153 310331 289101 152834 120442 136267 21230 63563 5113 71687 15754 1765 5725 9268 10029 8822 11019
is_linear=0
shrinkage=0.1


Tree=2
num_leaves=31
num_cat=0
split_feature=1 11 3 12 20 20 16 20 1 20 1 1 1 3 1 18 18 17 7 1 3 17 20 9 13 18 7 1 1 1
split_gain=3962.53 1305.42 697.997 483.859 431.259 725.245 360.504 533.366 634.153 404.738 329.374 285.47 304.014 268.572 318.029 314.971 252.306 214.797 212.382 211.545 191.635 201.141 187.092 176.801 176.092 170.148 220.193 149.627 147.496 143.766
threshold=2553.5000000000005 1.0000000180025095e-35 0.49813432835820898 1.0000000180025095e-35 0.95533903296776679 0.22849665766322161 1.0000000180025095e-35 0.36199550496186472 223.00000000000003 0.55849013106619139 3873.5000000000005 823.50000000000011 812.50000000000011 0.63992537313432851 313.50000000000006 1.0000000180025095e-35 1.0000000180025095e-35 1.0000000180025095e-35 1.2500000000000002 67494.500000000015 0.49813432835820898 1.0000000180025095e-35 0.52115977695809612 1.0000000180025095e-35 1.0000000180025095e-35 1.0000000180025095e-35 2.5000000000000004 3230.0000000000005 1685.0000000000002 478.50000000000006
decision_type=2 2 2 2 2 2 2 2 2 2 2 2 2 2 2 2 2 2 2 2 2 2 2 2 2 2 2 2 2 2
left_child=2 4 22 6 5 20 7 13 -9 -10 -3 12 16 15 -15 18 -8 28 -4 -12 -2 27 -1 -6 29 26 -13 -22 -11 -17
right_child=1 10 3 -5 23 -7 11 8 9 17 19 25 -14 14 -16 24 -18 -19 -20 -21 21 -23 -24 -25 -26 -27 -28 -29 -30 -31
leaf_value=-0.13554424995757028 -0.13283672206407302 -0.16011235583601297 -0.10569269380430826 -0.11721952410111264 0.042322292686041062 -0.0069370588433047414 -0.033626693671196112 0.081619860855015297 -0.073437076866256779 -0.062435630754252097 0.12797461034326088 -0.12842082855848985 0.15112355417513845 -0.046661070531870547 0.12216744616999471 0.0051461159041514886 0.096059551605052348 0.020357956963358213 0.016205919478319838 0.047136697730598691 0.15361243015564074 -0.21246090577746798 -0.054579901683513427 0.10473347245389407 -0.079790194765789357 0.041553138848350005 0.10629792871816729 0.072163827653265997 0.0020193946115154445 -0.072989687391161226
leaf_weight=838.99198681802955 40.203038711333647 44.267844878369942 1731.6951710039284 598.40878473926568 1128.9590402771719 4317.2737118222576 361.87817305058707 663.35382907988969 1174.5567849923391 770.04190632665996 2038.8963504742132 232.41533222305588 248.38336053490639 323.07518759940285 170.44011310022324 899.80225087422878 256.24195618275553 1634.9852124141762 155.78739283781033 384.82273987913504 314.55457617179491 21.66255615092814 432.55677616188768 759.09697495447472 648.86782886751462 158.46987019118387 48.267947003245354 797.13239204743877 658.7515771407634 318.95314200990833
leaf_count=67379 2336 1894 109081 47782 7937 80537 9518 8393 46479 34499 6313 12237 497 6956 1396 20695 1664 24377 3437 2865 1544 170 26809 4020 43452 3380 503 6806 14563 17686
internal_value=-5.2559e-05 0.0472448 -0.0378372 -0.0297664 0.0261875 0.0120112 -0.0247613 -0.0317754 -0.00929802 -0.0235278 0.110203 0.0243946 0.0576827 -0.0577078 0.0116454 -0.0668226 0.0201348 -0.00439419 -0.0956315 0.11514 0.0817183 0.0893292 -0.108002 0.0674148 -0.0377073 -0.0412869 -0.0880572 0.0952099 -0.0327184 -0.0153023
internal_weight=22172.8 9846.87 12325.9 11054.4 7378.88 5490.83 10456 9150.31 4901.69 4238.34 2467.99 1305.66 866.503 4248.62 493.515 3755.11 618.12 3063.78 1887.48 2423.72 1173.55 1133.35 1271.55 1888.06 1867.62 439.153 280.683 1111.69 1428.79 1218.76
internal_count=615205 114422 500783 406595 103350 91393 358813 331014 128311 119918 11072 27799 11679 202703 8352 194351 11182 73439 112518 9178 10856 8520 94188 11957 81833 16120 12740 8350 49062 38381
is_linear=0
shrinkage=0.1


Tree=3
num_leaves=31
num_cat=0
split_feature=1 11 3 12 4 20 20 20 16 1 3 1 1 20 18 1 7 7 13 1 9 4 17 20 20 1 1 1 1 18
split_gain=2893.08 771.789 688.851 431.786 406.498 403.613 518.69 275.978 522.994 470.594 319.388 254.516 212.103 210.166 207.178 200.476 188.096 186.895 180.537 173.004 155.073 153.334 153.148 161.519 152.575 250.241 140.103 135.704 272.325 177.961
threshold=2553.5000000000005 1.0000000180025095e-35 0.49813432835820898 1.0000000180025095e-35 0.07276119402985072 0.93381963191493456 0.22849665766322161 0.4015469294529494 1.0000000180025095e-35 223.00000000000003 0.63992537313432851 67494.500000000015 313.50000000000006 0.58630365786571892 1.0000000180025095e-35 3873.5000000000005 1.7500000000000002 1.2500000000000002 1.0000000180025095e-35 3230.0000000000005 1.0000000180025095e-35 0.15866858237547896 1.0000000180025095e-35 0.87916566570653887 0.34581603453140503 137.50000000000003 1631.0000000000002 823.50000000000011 812.50000000000011 1.0000000180025095e-35
decision_type=2 2 2 2 2 2 2 2 2 2 2 2 2 2 2 2 2 2 2 2 2 2 2 2 2 2 2 2 2 2
left_child=2 5 4 7 -1 6 16 8 10 -9 14 15 -12 -11 17 -3 -2 24 -16 -18 -7 -8 23 -15 -4 -26 -25 28 29 -10
right_child=1 11 3 -5 -6 20 21 9 27 13 12 -13 -14 22 18 -17 19 -19 -20 -21 -22 -23 -24 26 25 -27 -28 -29 -30 -31
leaf_value=0.016251813215736485 -0.13703812101338986 -0.14814479151701568 -0.10639904853298182 -0.11150385089834464 -0.13320706834671478 0.033646765642813097 0.014031717448861825 0.078283122413221301 -0.034458654063383339 -0.054539898333393601 -0.037804525774327802 0.017327520900670607 0.099690466952420301 -0.04445094572976916 -0.014616969854946453 0.10915802286536838 0.13634792321910963 0.017004448508125779 -0.081262144172811246 0.04800745803564338 0.083417660244735264 -0.030668413824201924 0.021617793823242373 -0.10323206927555138 0.12471008168342862 -0.074339194952812632 0.057633652674011895 -0.043780843115074353 0.14150368006332883 0.070335104556424499
leaf_weight=224.72758115630131 43.714078828459606 30.747874021762982 1431.9498292916105 538.15979625127511 956.57851090753684 1326.1099896768574 1251.3162073156564 638.01198181539075 360.96028296323493 975.9892638779711 228.3285815063864 393.10023673530668 220.58489297702909 1055.162782693631 1299.5040178087074 1995.1858973274939 317.46862851362675 176.09816321660765 591.47850713669322 734.75870038778521 1185.7957739600679 1984.3266355149681 1483.0843050773838 64.953721997095272 77.202430952573195 347.21596341847908 325.2015102521982 215.41274890204659 218.52711681649089 294.07670959364623
leaf_count=9373 1108 1874 105057 47400 84733 11274 21428 4707 9484 46407 6935 2806 1407 42488 39338 6383 1455 3446 44962 8244 6111 53694 21390 2581 712 13119 4805 10077 493 1644
internal_value=0.000642115 0.0424133 -0.0323613 -0.0242469 -0.104775 0.0252513 0.0067577 -0.0195528 -0.0347006 -0.00134059 -0.0501442 0.0909648 0.0297571 -0.0143518 -0.0592864 0.105253 0.0662167 -0.0814515 -0.0354628 0.0746608 0.0571421 -0.0133816 -0.000957768 -0.0241232 -0.0907912 -0.0381318 0.0308524 0.0273074 0.0448371 0.0125882
internal_weight=20985.7 9262.52 11723.2 10541.9 1181.31 6843.49 4331.58 10003.7 5461.34 4542.4 4372.36 2419.03 448.913 3904.39 3923.45 2025.93 1095.94 2032.47 1890.98 1052.23 2511.91 3235.64 2928.4 1445.32 1856.37 424.418 390.155 1088.98 873.564 655.037
internal_count=614935 114377 500558 406452 94106 103314 85929 359052 236674 122378 214976 11063 8342 117671 206634 8257 10807 122334 84300 9699 17385 75122 71264 49874 118888 13831 7386 21698 11621 11128
is_linear=0
shrinkage=0.1


Tree=4
num_leaves=31
num_cat=0
split_feature=1 11 3 4 20 20 12 0 4 8 1 20 20 16 20 3 1 1 18 17 10 5 3 1 4 5 9 5 1 20
split_gain=2147.2 752.36 545.59 394.871 360.115 399.22 341.57 211.424 202.896 202.757 173.258 226.016 214.124 227.639 191.015 220.093 172.939 204.947 175.958 143.48 148.545 133.508 129.244 152.29 123.939 123.087 120.452 115.707 112.103 111.602
threshold=2553.5000000000005 1.0000000180025095e-35 0.49813432835820898 0.08620689655172413 0.91001430758476776 0.24376396504046743 1.0000000180025095e-35 2.1776369112410761 0.42123756218905478 1.0000000180025095e-35 223.00000000000003 0.36199550496186472 0.87916566570653887 1.0000000180025095e-35 0.58102809574536685 0.63992537313432851 823.50000000000011 812.50000000000011 1.0000000180025095e-35 1.0000000180025095e-35 1.0000000180025095e-35 1.5000000000000002 0.49813432835820898 3230.0000000000005 0.20857279693486594 1.5000000000000002 1.0000000180025095e-35 2.5000000000000004 3575.0000000000005 0.97394144385072001
decision_type=2 2 2 2 2 2 2 2 2 2 2 2 2 2 2 2 2 2 2 2 2 2 2 2 2 2 2 2 2 2
left_child=2 4 3 -1 5 22 7 9 21 27 11 -9 13 14 15 -12 17 18 -15 -16 -21 29 -2 -24 -7 -25 -6 -4 -27 -3
right_child=1 8 6 -5 26 24 -8 10 -10 -11 12 -13 -14 16 19 -17 -18 -19 -20 20 -22 -23 23 25 -26 28 -28 -29 -30 -31
leaf_value=0.011777490245361739 -0.11580499792526558 0.053436221552186913 -0.071912362399515775 -0.12803974314040337 0.026463765766886527 0.0014141350611444716 -0.10274010455995833 -0.018307593491665344 -0.080895666132914532 -0.091636132624634992 -0.057629052293533094 0.051845256877821794 0.042663313008177495 -0.091213719528192752 -0.042690965302873307 0.062218006525950421 -0.03752953343671387 0.13770517719621755 0.054854819674917288 0.022075343108401486 -0.084949798664858675 0.1203811993539796 0.12411888230213031 -0.078561772142788547 -0.040625584237341292 -0.16407428703180316 0.067436618596171408 0.017850498443168737 0.060065173958505615 0.12626010391714407
leaf_weight=263.83154233882669 43.152992204413749 914.9875535289757 220.72074911225354 861.77016675984487 1458.2107527810149 1397.0029993394855 496.20353760450962 956.27065310670878 69.619638778967783 700.62253808011883 2625.9101611276565 883.6005196160404 510.50079794152407 116.53062454538303 859.04524528188631 162.72877065418288 326.79384477890562 192.96668938174844 282.15105525776744 1150.0971389232436 146.16561488923617 956.28246762254275 274.62659453414381 82.421581227798015 1408.1447962745442 23.190835712477565 1412.5092003501486 411.01587333637872 590.31182258320041 273.29319054284133
leaf_count=10870 2439 4078 12895 83228 15324 25927 47461 45413 1598 35571 155229 8361 8394 3877 40022 1758 14552 451 1382 17435 2987 4756 1575 1405 42404 430 8600 10685 5305 697
internal_value=-4.24634e-05 0.0365874 -0.0292487 -0.0952678 0.0198637 -0.000252737 -0.0218481 -0.017643 0.0871139 -0.0545934 -0.0116485 0.0153834 -0.0194526 -0.0248617 -0.033355 -0.0506355 0.0208573 0.053107 0.0121605 -0.0109968 0.0100073 0.092568 0.0535324 0.0610615 -0.0196892 0.0361778 0.0466241 -0.0135115 0.0515925 0.070185
internal_weight=20070.7 8903.75 11166.9 1125.6 6689.57 3818.85 10041.3 9545.12 2214.18 1332.36 8212.76 1839.87 6372.89 5862.39 4943.95 2788.64 918.442 591.648 398.682 2155.31 1296.26 2144.56 1013.7 970.551 2805.15 695.924 2870.72 631.737 613.503 1188.28
internal_count=615109 114538 500571 94098 103409 79485 406473 359012 11129 59151 299861 53774 246087 237693 217431 156987 20262 5710 5259 60444 20422 9531 11154 8715 68331 7140 23924 23580 5735 4775
is_linear=0
shrinkage=0.1


Tree=5
num_leaves=31
num_cat=0
split_feature=1 11 3 20 20 4 12 1 16 20 8 17 3 1 1 1 20 1 7 1 0 1 4 10 14 3 8 1 20 4
split_gain=1940.59 775.93 402.451 336.535 406.175 308.721 273.721 183.958 160.775 294.508 278.205 206.631 271.616 184.188 181.407 167.068 198.63 161.254 152.745 150.142 165.66 132.928 119.203 125.26 115.526 114.948 113.947 110.628 161.416 108.744
threshold=2200.5000000000005 1.0000000180025095e-35 0.49813432835820898 0.89965401021936353 0.23629354976228015 0.08620689655172413 1.0000000180025095e-35 3873.5000000000005 1.0000000180025095e-35 0.36199550496186472 1.0000000180025095e-35 1.0000000180025095e-35 0.63992537313432851 1027.0000000000002 137.50000000000003 474.50000000000006 0.01795700428909516 1340.0000000000002 1.7500000000000002 47190.500000000007 39.877151738390872 173.50000000000003 0.50394900497512451 1.0000000180025095e-35 1.0000000180025095e-35 0.49813432835820898 1.0000000180025095e-35 223.00000000000003 0.52642975449311058 0.21072761194029857
decision_type=2 2 2 2 2 2 2 2 2 2 2 2 2 2 2 2 2 2 2 2 2 2 2 2 2 2 2 2 2 2
left_child=2 3 5 4 18 -1 8 -3 9 11 13 12 15 -11 -12 16 -4 -10 -2 -9 -21 -16 23 -5 25 -20 -18 -23 -29 -6
right_child=1 7 6 22 29 -7 -8 19 17 10 14 -13 -14 -15 21 -17 26 -19 24 20 -22 27 -24 -25 -26 -27 -28 28 -30 -31
leaf_value=0.0018693928635541608 -0.11509575074328474 -0.13334064193936965 -0.055107674570160504 0.051857762070736148 -0.0019143872942460499 -0.12095674111429729 -0.098118150987632671 0.10618694004624288 0.03133754589543724 -0.087822434978059569 0.11810485076176136 -0.088343839752472397 0.065119741513397084 -0.012610715760045833 -0.13680060245577186 -0.075640767559774058 -0.060475732699908358 -0.093207286314552204 -0.11389092867486952 -0.092383788079192841 0.068229576111168463 0.045505505254701969 -0.085986513029392003 -0.015049036514218128 -0.12437443915088431 0.071337323758627863 0.033330791039247437 -0.071683915259363559 0.010985684718239337 -0.040734715510832853
leaf_weight=277.94844075234141 53.074287896277383 37.066833403659984 891.607070969505 2760.6547374210786 1444.5484099581372 775.84638316719793 464.49934859105269 1563.074623003602 930.21978224616032 534.15462516713887 156.43814526032656 837.01931558665819 262.31462217972148 833.96303264365997 62.607793918112293 929.60746306198416 163.46169458387885 117.03814243339002 34.704333546338603 77.377790297847241 377.58583365147933 663.74044491827954 70.998981399927288 311.37534698704258 33.309331212192774 968.02999188238755 623.07385252637323 282.34172199340537 1444.8231854666956 1441.7795376681024
leaf_count=10375 2452 2412 37448 23843 28543 81688 47375 4925 17449 29375 795 67166 2429 28483 872 68588 11804 7800 2359 1760 2502 5894 1612 3213 720 8616 12943 17589 38045 46290
internal_value=-0.000123182 0.0332887 -0.0300242 0.0176621 -0.00167106 -0.0885602 -0.0233171 0.0874163 -0.0193383 -0.0243472 -0.00544974 -0.044626 -0.0318762 -0.0419757 0.0136969 -0.041633 -0.0227944 0.0174188 0.0503643 0.0914711 0.0409133 0.00703973 0.0421156 0.0450762 0.0588405 0.0649266 0.0138355 0.0108063 -0.00252841 -0.0213059
internal_weight=19424.3 9173.58 10250.7 7118.47 3975.45 1053.79 9196.91 2055.11 8732.41 7685.15 3978.07 3707.08 2870.06 1368.12 2609.95 2607.75 1678.14 1047.26 1089.12 2018.04 454.964 2453.51 3143.03 3072.03 1036.04 1002.73 786.536 2390.91 1727.16 2886.33
internal_count=615365 129247 486118 117648 88980 92063 394055 11599 346680 321431 121053 200378 133212 57858 63195 130783 62195 25249 14147 9187 4262 62400 28668 27056 11695 10975 24747 61528 55634 74833
is_linear=0
shrinkage=0.1


Tree=6
num_leaves=31
num_cat=0
split_feature=1 3 3 4 4 12 20 20 1 0 8 4 20 1 1 13 1 19 17 7 10 10 17 9 7 19 10 1 4 1
split_gain=1579.74 410.813 393.922 289.076 267.739 243.61 231.912 260.222 170.66 164.02 178.449 143.561 156.973 155.287 133.06 129.955 122.611 222.118 207.888 120.249 118.125 118.033 127.73 125.235 111.107 107.388 105.017 104.536 187.637 186.967
threshold=2553.5000000000005 0.49813432835820898 0.49813432835820898 0.059701492537313453 0.06343283582089547 1.0000000180025095e-35 0.23629354976228015 0.97394144385072001 13603.000000000002 2.1776369112410761 1.0000000180025095e-35 0.22630597014925377 0.88911681117536079 3873.5000000000005 4575.5000000000009 1.0000000180025095e-35 1027.0000000000002 1.0000000180025095e-35 1.0000000180025095e-35 1.7500000000000002 1.0000000180025095e-35 1.0000000180025095e-35 1.0000000180025095e-35 1.0000000180025095e-35 5.5000000000000009 1.0000000180025095e-35 1.0000000180025095e-35 407.50000000000006 0.17816091954022989 793.00000000000011
decision_type=2 2 2 2 2 2 2 2 2 2 2 2 2 2 2 2 2 2 2 2 2 2 2 2 2 2 2 2 2 2
left_child=2 3 4 -2 -1 9 8 11 14 10 -4 13 -13 -8 19 27 17 -17 -18 -3 -9 22 23 -15 26 -25 -16 28 -11 -29
right_child=1 6 5 -5 -6 -7 7 20 -10 15 -12 12 -14 21 24 16 18 -19 -20 -21 -22 -23 -24 25 -26 -27 -28 29 -30 -31
leaf_value=0.0072943917200648722 0.058241756270708246 -0.10332770833571295 -0.014712906159294735 -0.062696949507884556 -0.11256751051885755 -0.092365341128695877 -0.022694523761372921 0.078553407581676782 0.12178809518859753 -0.024660552108744731 -0.094239157958579622 -0.025226345131999353 0.029989066060169989 -0.0003848290042301812 -0.070700875599544605 -0.075651771187479469 -0.034528718662066853 0.070498673216916621 0.073945618643111652 0.10607662331841505 -0.014336613950219845 -0.036407423315515185 0.087391759258700352 0.11884776652592183 0.07774381550379203 0.03256705583810246 0.090222205702638711 -0.05032234556740172 0.0306867691939685 0.00091226956151640645
leaf_weight=243.91596826678142 276.26358677574899 29.727219865657389 613.55380513163982 694.49509466765448 789.74964008072857 435.02706646523438 367.7724437455181 1328.0575984783936 546.33990887645632 943.89102270302828 522.3930816508946 1073.9907276970334 989.02312151575461 552.94337050779723 185.02131327893585 862.01958929828834 710.29011597344652 118.25343942915788 235.17087993887253 353.74746310245246 152.63349997694604 153.75010785833001 733.20945279416628 232.21032531373203 136.84120577434078 380.84422410256229 51.936336072161794 1042.6772514001932 1744.7962708487175 2247.6247510641115
leaf_count=7738 3768 1572 23618 24430 86365 47623 6648 6378 2642 33256 35383 30343 11058 6906 2521 65625 34212 2497 3452 2029 1342 2803 2779 1286 1453 6228 349 45590 43057 72074
internal_value=3.61442e-05 0.0328207 -0.0256653 -0.0282796 -0.0842835 -0.0192709 0.0409816 0.0326305 0.0791903 -0.0157536 -0.051285 0.0206272 0.00124431 0.0371459 0.0484579 -0.0106476 -0.0332404 -0.0580212 -0.00754717 0.0898435 0.0689781 0.0478659 0.0546883 0.0341234 0.00600109 0.0652481 -0.0354298 -0.00337084 0.0112565 -0.0153237
internal_weight=18748.2 8238.81 10509.4 970.759 1033.67 9475.7 7268.05 5964.43 1303.61 9040.67 1135.95 4483.74 2063.01 2420.73 757.274 7904.72 1925.73 980.273 945.461 383.475 1480.69 2052.96 1899.21 1166 373.799 613.055 236.958 5978.99 2688.69 3290.3
internal_count=615025 114535 500490 28198 94103 406387 86337 75771 10566 358764 59001 68051 41401 26650 7924 299763 105786 68122 37664 3601 7720 20002 17199 14420 4323 7514 2870 193977 76313 117664
is_linear=0
shrinkage=0.1


Tree=7
num_leaves=31
num_cat=0
split_feature=1 11 3 4 12 9 3 20 17 1 3 16 20 4 4 20 5 1 20 17 1 4 13 1 3 13 8 1 1 7
split_gain=1562.77 588.871 327.089 217.424 187.047 179.272 228.242 147.041 238.319 188.822 160.815 155.078 136.964 122.081 119.586 134.551 152.242 117.293 175.31 111.307 124.3 107.889 117.549 106.923 100.498 94.8645 100.007 94.0158 117.186 106.214
threshold=2553.5000000000005 1.0000000180025095e-35 0.49813432835820898 0.08620689655172413 1.0000000180025095e-35 1.0000000180025095e-35 0.49813432835820898 0.3775441977456902 1.0000000180025095e-35 223.00000000000003 0.63992537313432851 1.0000000180025095e-35 0.65107843584786196 0.42123756218905478 0.12593283582089551 0.91001430758476776 1.5000000000000002 474.50000000000006 0.017195134670771783 1.0000000180025095e-35 1723.5000000000002 0.50394900497512451 1.0000000180025095e-35 67494.500000000015 0.53544776119402993 1.0000000180025095e-35 1.0000000180025095e-35 823.50000000000011 812.50000000000011 2.5000000000000004
decision_type=2 2 2 2 2 2 2 2 2 2 2 2 2 2 2 2 2 2 2 2 2 2 2 2 2 2 2 2 2 2
left_child=2 5 3 -1 7 21 -7 8 10 24 11 17 -11 23 -8 16 -16 18 -4 20 -14 22 -2 -3 -9 26 -21 28 -13 -29
right_child=1 13 4 -5 -6 6 14 9 -10 12 -12 27 19 -15 15 -17 -18 -19 -20 25 -22 -23 -24 -25 -26 -27 -28 29 -30 -31
leaf_value=-0.0079173002302847986 -0.017528313017910257 0.094619561547187078 -0.056046835765196625 -0.11150391942915328 -0.085590807156049387 -0.023531461551507298 0.085169578464792089 0.05081629732841092 -0.074393183746485098 -0.03785469029127167 0.057253692115819911 0.010945227016525481 -0.046808459243819961 -0.066823189298636537 -0.057048604821334885 0.06332110762586457 0.035647088728434861 -0.06420203465808251 0.010471123104889487 -0.072967825993347377 0.016590616000977075 -0.11124356679411392 0.021900984784139037 0.022758748142041579 -0.11388567446041016 0.078022117584674908 0.028650979681391422 -0.084895561349951645 0.11998805103718922 0.091063606137477285
leaf_weight=287.41958974779118 1358.3623037387151 1642.2178529098164 726.16736505102017 686.85914307180792 415.75377277540974 524.91895757569 668.60572387790307 707.08552056364715 933.94374203379266 1370.6645690629957 264.60597718023928 574.55352581257466 645.77740329323569 54.088217493146658 259.57185812923126 833.29060433898121 558.20541281090118 944.56456053175498 871.98736145006842 122.58158318209462 593.42137230222579 82.828187611186877 1705.3336904407479 236.92915189452469 39.096053522080183 281.12102042068727 461.30161966150627 161.2428302798653 118.96123852208257 43.576125240884721
leaf_count=10879 25477 7071 36769 83280 47582 15262 5546 6199 71376 67585 2991 9865 29784 1604 9711 4844 8835 71935 25460 3500 12759 3136 30738 2361 536 3157 6602 9209 519 499
internal_value=-4.37132e-05 0.033307 -0.0258257 -0.0809451 -0.0200366 0.0178218 0.0360149 -0.0169607 -0.029248 -0.00345502 -0.01787 -0.0236467 -0.013256 0.0812957 0.0494897 0.035041 0.00622442 -0.036265 -0.0197532 0.00276745 -0.0164482 0.0013744 0.00441907 0.0855591 0.0421868 0.0302957 0.00731693 0.0120689 0.0296498 -0.0474595
internal_weight=18175 7924.35 10250.7 974.279 9276.41 5991.12 2844.59 8860.65 4639.6 4221.05 3705.66 3441.05 3474.87 1933.24 2319.67 1651.07 817.777 2542.72 1598.15 2104.2 1239.2 3146.52 3063.7 1879.15 746.182 865.004 583.883 898.334 693.515 204.819
internal_count=615071 114585 500486 94159 406327 103549 44198 358745 228623 130122 157247 154256 123387 11036 28936 23390 18546 134164 62229 55802 42543 59351 56215 9432 6735 13259 10102 20092 10384 9708
is_linear=0
shrinkage=0.1


Tree=8
num_leaves=31
num_cat=0
split_feature=1 11 3 0 9 3 7 1 20 17 7 1 0 3 1 16 18 20 3 8 1 1 20 20 20 1 20 20 20 18
split_gain=1367.05 481.763 262.75 177.017 173.199 190.575 146.688 123.962 142.412 134.576 115.508 111.779 100.553 97.7708 111.317 96.1178 147.733 95.4304 92.7998 94.4994 108.382 94.6956 102.904 92.1123 175.842 88.9515 126.269 88.2213 122.276 91.6086
threshold=2553.5000000000005 1.0000000180025095e-35 0.49813432835820898 2.8148990264540319 1.0000000180025095e-35 0.30037313432835827 1.2500000000000002 204.50000000000003 0.71094166581115481 1.0000000180025095e-35 2.5000000000000004 3873.5000000000005 12.350451396992581 0.58768656716417922 6201.5000000000009 1.0000000180025095e-35 1.0000000180025095e-35 0.51605052850477839 0.71828358208955234 1.0000000180025095e-35 407.50000000000006 345.00000000000006 0.47064215217813715 0.23629354976228015 0.55849013106619139 10610.000000000002 0.56977839954494269 0.23629354976228015 0.73949172190507462 1.0000000180025095e-35
decision_type=2 2 2 2 2 2 2 2 2 2 2 2 2 2 2 2 2 2 2 2 2 2 2 2 2 2 2 2 2 2
left_child=2 4 17 6 27 -6 -4 12 15 -10 25 -3 -5 14 -12 18 -17 -1 19 -9 21 22 -21 -13 -25 26 -7 29 -29 -2
right_child=1 11 3 7 5 10 -8 8 9 -11 13 23 -14 -15 -16 16 -18 -19 -20 20 -22 -23 -24 24 -26 -27 -28 28 -30 -31
leaf_value=-0.09941569032126156 -0.16327920225956183 -0.13043551408746254 -0.060548428123595344 -0.010404647085980349 -0.036172694417378574 0.12459975169592073 0.039025990999259283 -0.052786336982539608 -0.016072150041074967 0.042530208038245164 -0.10090746647257808 0.12109478710846239 0.041912017077937722 0.092707907827066255 0.027193204163731333 -0.033079872815186581 0.067166668365316207 -0.033436584487732034 0.13903344605035359 -0.047445438891000183 -0.043249447338281649 0.051988631772447225 0.037505389886107514 -0.12025442167729475 0.073629176328996182 0.093532283323171428 -0.052007036778779603 -0.055157919875234065 0.0045259716063262428 0.071839137142594003
leaf_weight=583.96553617605241 17.755235410062596 25.84757278393954 1374.3074760686723 811.10838738735765 329.30181134922896 63.952713374514133 165.7922870721668 1762.4122895364999 1053.1561884264229 624.08000646095024 71.166497903410345 404.91623498126864 671.55208284989931 218.69217890966684 1449.4670007666573 356.00004167912994 250.41364147537388 350.96782642946346 30.520137406885624 404.59745262376964 1012.0351083124988 285.75240283715539 220.19587034091819 48.411964576225728 1385.8181630163454 629.47665114421397 110.31900157453492 401.11650517722592 2379.8890297871549 248.57420653896406
leaf_count=66588 917 1864 88846 35934 10895 307 3496 126257 36415 9230 1631 1423 9851 1462 23176 14490 3137 27429 163 16192 51869 5299 4895 744 7119 4565 2095 13327 43027 2182
internal_value=0.000359583 0.0317528 -0.024185 -0.0189556 0.0177896 0.0354079 -0.0498292 -0.0126004 -0.0189995 0.0057331 0.0446768 0.0760735 0.0132915 0.0301892 0.021198 -0.0285976 0.00831613 -0.0746476 -0.0346224 -0.0360606 -0.0207283 0.00430303 -0.0175062 0.0789758 0.0670847 0.0760282 0.0128026 0.00118295 -0.0040825 0.0561646
internal_weight=17741.6 7784.7 9956.86 9021.92 5919.71 2872.38 1540.1 7481.82 5999.16 1677.24 2543.07 1864.99 1482.66 1739.33 1520.63 4321.93 606.414 934.933 3715.51 3684.99 1922.58 910.546 624.793 1839.15 1434.23 803.748 174.272 3047.33 2781.01 266.329
internal_count=614825 114734 500091 406074 103584 44131 92342 313732 267947 45645 33236 11150 45785 26269 24807 222302 17627 94017 204675 204512 78255 26386 21087 9286 7863 6967 2402 59453 56354 3099
is_linear=0
shrinkage=0.1


Tree=9
num_leaves=31
num_cat=0
split_feature=1 11 3 20 17 1 20 20 3 16 20 17 1 0 1 1 18 7 8 1 1 0 18 9 14 7 0 1 20 5
split_gain=1131.41 427.856 233.837 170.144 176.174 165.978 151.446 178.344 138.251 138.978 128.899 124.467 97.4247 105.647 99.2096 92.5582 88.9055 111.142 88.4283 87.6305 81.9881 82.1707 81.6684 92.9316 79.4087 84.8932 78.4661 78.747 77.558 68.2653
threshold=2553.5000000000005 1.0000000180025095e-35 0.49813432835820898 0.3775441977456902 1.0000000180025095e-35 237.50000000000003 0.94737100035896937 0.25113437415743511 0.63992537313432851 1.0000000180025095e-35 0.60877280091551167 1.0000000180025095e-35 62575.000000000007 86.46692445718601 3873.5000000000005 18911.000000000004 1.0000000180025095e-35 1.2500000000000002 1.0000000180025095e-35 1384.0000000000002 478.50000000000006 3.3072283446008739 1.0000000180025095e-35 1.0000000180025095e-35 1.0000000180025095e-35 10.500000000000002 11.212210140899963 137.50000000000003 0.49550456499008572 1.0000000180025095e-35
decision_type=2 2 2 2 2 2 2 2 2 2 2 2 2 2 2 2 2 2 2 2 2 2 2 2 2 2 2 2 2 2
left_child=2 6 28 4 8 -5 7 24 9 16 -7 19 14 -14 -3 -8 17 -4 -18 -12 21 -20 -9 -24 25 -2 -6 -28 -1 -16
right_child=1 12 3 5 26 10 15 22 -10 -11 11 -13 13 -15 29 -17 18 -19 20 -21 -22 -23 23 -25 -26 -27 27 -29 -30 -31
leaf_value=-0.097227131016855942 0.058748274764981713 -0.12370292177865899 -0.075672754441373724 0.037224730778086121 -0.086383550856618405 -0.043256673250291776 0.011059992774282872 -0.018166162715561218 0.051592523211934874 0.0083041382644240581 -0.056984944239079398 0.023739642991784781 -0.017250349579396598 0.097549154940412192 0.056348325210719141 0.057327575351584614 -0.054242510236395716 0.022007999970532599 -0.037285959717557181 -0.0021161338512283691 -0.062662498226617042 0.029670418055061744 -0.0033058869592087858 0.061410480352790411 -0.11981290262688596 -0.090703488160546325 0.080618789615455863 -0.056045636214452146 -0.036731103572616101 0.10294212559933864
leaf_weight=509.24193427379942 769.46522137557622 22.703080717241392 832.76356536563253 817.77280791016528 702.5767876804457 993.1354627572 701.61894289683551 2024.5430044158129 242.70751798932906 863.60742576012854 456.38219864072744 1128.0504362795618 220.34525393694639 126.00497222319245 477.5247997995466 1126.7258079962339 603.93098368903156 135.42420421424322 272.06495137955062 803.59895051806234 205.75677903881297 561.6992695457302 738.36092689190991 317.21729988628067 28.038562319241464 39.982586575555615 59.770960189634934 143.11479557125131 362.96990329341497 920.7427241934929
leaf_count=64180 8778 1885 64882 10586 65743 61832 7148 59195 3358 20079 28688 20633 2807 848 2160 6707 57210 3177 11147 23865 15782 9471 15778 3272 713 1810 1957 7923 29870 3366
internal_value=-8.44043e-05 0.0290427 -0.0226578 -0.0177746 -0.031009 -0.0032023 0.0158081 0.00471721 -0.0213757 -0.0264718 -0.01298 -0.000388572 0.0720713 0.0245146 0.0836629 0.0395726 -0.0379713 -0.0620098 -0.0238098 -0.0219904 -0.00612935 0.00782193 -0.0064084 0.0161424 0.0456351 0.0513661 -0.0705643 -0.0157837 -0.0720518 0.0870298
internal_weight=17207.8 7513.27 9694.57 8822.36 4623.42 4198.94 5745.95 3917.61 3717.95 3475.25 3381.17 2388.03 1767.32 346.35 1420.97 1828.34 2611.64 968.188 1643.45 1259.98 1039.52 833.764 3080.12 1055.58 837.486 809.448 905.463 202.886 872.212 1398.27
internal_count=614850 114467 500383 406333 260729 145604 103401 89546 185106 181748 135018 73186 11066 3655 7411 13855 161669 68059 93610 52553 36400 20618 78245 19050 11301 10588 75623 9880 94050 5526
is_linear=0
shrinkage=0.1


Tree=10
num_leaves=31
num_cat=0
split_feature=1 11 3 4 12 9 7 4 4 0 17 1 7 1 1 9 20 3 1 0 4 13 1 1 1 20 18 20 3 17
split_gain=928.284 359.36 187.177 234.48 140.79 127.571 178.181 168.722 126.884 102.661 208.641 185.334 98.3034 101.979 157.167 98.1715 75.4802 74.4786 71.1673 105.419 69.6625 74.5528 67.7152 93.4845 67.3592 68.4076 64.7555 64.5883 61.7762 72.3614
threshold=2553.5000000000005 1.0000000180025095e-35 0.49813432835820898 0.08620689655172413 1.0000000180025095e-35 1.0000000180025095e-35 2.5000000000000004 0.19284825870646763 0.42123756218905478 11.377212369845063 1.0000000180025095e-35 137.50000000000003 2.5000000000000004 823.50000000000011 812.50000000000011 1.0000000180025095e-35 0.95533903296776679 0.63992537313432851 47190.500000000007 65.892608633726368 0.50394900497512451 1.0000000180025095e-35 67494.500000000015 24327.500000000004 12333.500000000002 0.16668612546032643 1.0000000180025095e-35 0.61962107968522817 0.51119402985074636 1.0000000180025095e-35
decision_type=2 2 2 2 2 2 2 2 2 2 2 2 2 2 2 2 2 2 2 2 2 2 2 2 2 2 2 2 2 2
left_child=2 5 3 -1 9 20 -7 26 18 10 12 -11 13 14 17 28 -9 -4 -3 27 21 -2 23 -18 25 -23 -8 -20 29 -13
right_child=1 8 4 -5 -6 6 7 16 -10 11 -12 15 -14 -15 -16 -17 22 -19 19 -21 -22 24 -24 -25 -26 -27 -28 -29 -30 -31
leaf_value=0.012898547296572839 -0.016432495046158895 0.083785083570131577 -0.022091020262092916 -0.10208099595171483 -0.075894384548520211 0.069325050060778201 0.032579257159375777 -0.035627448359521183 -0.099896798270927095 0.086788189479115763 -0.070811203475149867 -0.017660232558550693 0.056056720101641283 -0.073716836323844903 0.10876382451127538 -0.10133913394848096 -0.090827491348111355 0.046217530683687273 -0.1579701716314246 0.076133414494748738 -0.097342534232885067 0.087652365547223179 -0.081694641973224166 0.079106550624875441 0.060930505355342515 0.00074391193145831834 0.11265011737323168 0.0029156837968299996 -0.073063337418768234 0.009188022629298985
leaf_weight=257.51454006996937 1205.7093218493974 1231.5482414540602 2127.1377835501044 569.84417180420132 381.17972917133011 812.04369863308966 933.19889408885501 657.78898251743522 44.090281603042968 216.15251427877229 812.67657335376134 1897.2906181127764 190.04806323861703 296.19401915778872 103.91636672744062 110.0694487800356 39.153563261032104 172.56692943861708 31.649417671840638 236.52897344436496 71.799871426075697 97.68423271831125 47.475863020867109 186.92346502840519 280.86729737184942 1243.4482641993091 113.25970497820526 117.9301676643081 131.66181694692932 2131.8173125102767
leaf_count=10939 25628 5766 96830 83027 47557 6987 14198 20618 1576 2616 72528 90203 3124 25637 1066 7932 320 2269 543 1538 3108 873 642 865 2059 27837 461 1558 5505 51123
internal_value=-5.05949e-05 0.0265681 -0.0208716 -0.0662937 -0.0164868 0.0146189 0.0298846 0.0136912 0.0674789 -0.0137217 -0.0260471 -0.00355114 -0.0134587 -0.0183521 -0.0115296 -0.00812332 -0.0172689 -0.0169652 0.0720408 0.0345808 -6.94385e-05 0.00240047 0.0268764 0.0496762 0.0163999 0.00707407 0.0412454 -0.031126 -0.00565738 -0.00345471
internal_weight=16749.2 7351.1 9398.07 827.359 8570.71 5689.35 2789.84 1977.8 1661.75 8189.53 3702.54 4486.99 2889.86 2699.82 2403.62 4270.84 931.342 2299.7 1617.66 386.109 2899.51 2827.71 273.553 226.077 1622 1341.13 1046.46 149.58 4160.77 4029.11
internal_count=614933 114577 500356 93966 406390 103596 44091 37104 10981 358833 201454 157379 128926 125802 100165 154763 22445 99099 9405 3639 59505 56397 1827 1185 30769 28710 14659 2101 146831 141326
is_linear=0
shrinkage=0.1


Tree=11
num_leaves=31
num_cat=0
split_feature=2 3 4 3 4 20 10 20 4 0 17 2 8 19 16 2 2 17 13 7 2 2 7 7 7 3 16 2 2 2
split_gain=761.888 211.582 182.012 172.641 190.65 126.128 128.855 121.531 142.856 118.545 166.046 159.389 102.711 114.785 109.992 126.265 90.8945 88.7443 133.083 88.029 82.3921 77.2183 95.5204 94.3235 75.1024 71.4162 77.0066 103.33 85.5812 143.145
threshold=7.8456113098779339 0.49813432835820898 0.06343283582089547 0.49813432835820898 0.13805970149253743 0.24376396504046743 1.0000000180025095e-35 0.94737100035896937 0.27694859038142633 11.377212369845063 1.0000000180025095e-35 4.9308638091439496 1.0000000180025095e-35 1.0000000180025095e-35 1.0000000180025095e-35 6.8961885146852913 8.2621708936589169 1.0000000180025095e-35 1.0000000180025095e-35 2.5000000000000004 9.5181035408774814 9.7958469679709452 1.7500000000000002 3.5000000000000004 2.5000000000000004 0.63992537313432851 1.0000000180025095e-35 6.7147769581220773 6.7013457377751759 5.750982812366944
decision_type=2 2 2 2 2 2 2 2 2 2 2 2 2 2 2 2 2 2 2 2 2 2 2 2 2 2 2 2 2 2
left_child=3 2 -2 4 -1 20 7 8 16 10 19 -11 13 14 15 -13 -7 -17 -19 25 -3 22 -9 -24 -10 26 -5 28 29 -28
right_child=1 5 -4 9 -6 6 -8 21 24 11 -12 12 -14 -15 -16 17 -18 18 -20 -21 -22 -23 23 -25 -26 -27 27 -29 -30 -31
leaf_value=0.00027854060150933504 0.049829377933494026 0.038746041174045537 -0.053813883928379297 -0.035366040152106662 -0.10197231647455469 -0.02022621499432186 -0.026965309482099749 0.038224364691563428 0.001415905163142337 0.076689134224682376 -0.068550791232014949 -0.061238499233688994 0.005958766589946673 -0.083349529853520996 0.054183088298854265 -0.028874238859365547 0.04169574478211735 -0.049983323471546645 0.069120110704114154 0.048314575459467823 0.095492737858319798 0.066102202166910665 -0.14435688728521823 0.074506622872356668 -0.064132097156971005 0.03957772042346859 0.039234337635143508 -0.1086835705861124 0.11067353521324591 -0.078424217221016113
leaf_weight=290.56744296220131 239.89294041390531 616.86486974812578 576.95871415664442 2000.5091035331134 489.61058328006766 274.40326884109527 447.01581772533245 531.53019429929554 899.97619345516432 232.46959367406089 792.40735826501623 577.31658589153085 2362.3093988677138 286.33879478805466 202.84981234371662 555.04535596701317 1741.6558278896846 137.15253830957226 296.9068040511338 192.55373635725118 437.20298320241272 1114.7942978937645 60.638131154701114 29.160722503438592 216.93063979991712 178.86733608151553 330.14799921575468 71.583229895448312 86.042655603960156 150.55683628469706
leaf_count=17371 3797 7908 24320 132209 76856 6868 9786 4116 20861 2761 77604 43901 69302 19947 3520 27347 18900 5661 2922 3063 2684 5331 815 177 8701 2658 5185 5857 478 3591
internal_value=0.000123691 0.0245388 -0.0233759 -0.0188807 -0.0638903 0.0306829 0.0244172 0.0291345 0.0173738 -0.0147265 -0.0278224 -0.00401783 -0.0082646 -0.0246101 -0.0151037 -0.0240763 0.0332676 -0.00238561 0.0314862 -0.0171012 0.0622833 0.0503575 0.0221083 -0.0732845 -0.0113151 -0.0215716 -0.0257164 0.00452518 0.018824 0.00238366
internal_weight=16420.3 7187.02 816.852 9233.24 780.178 6370.17 5316.11 4869.09 3132.97 8453.06 3802.67 4650.39 4417.92 2055.61 1769.27 1566.42 2016.06 989.105 434.059 3010.26 1054.07 1736.12 621.329 89.7989 1116.91 2817.71 2638.84 638.331 566.747 480.705
internal_count=614497 114264 28117 500233 94227 86147 75555 65769 55330 406006 230645 175361 172600 103298 83351 79831 25768 35930 8583 153041 10592 10439 5108 992 29562 149978 147320 15111 9254 8776
is_linear=0
shrinkage=0.1


Tree=12
num_leaves=31
num_cat=0
split_feature=1 11 3 4 9 0 7 4 7 4 12 13 1 1 20 1 18 20 5 7 7 1 20 1 0 20 3 0 1 1
split_gain=676.159 315.519 126.908 187.768 119.257 114.861 101.866 99.9493 90.4519 84.5886 69.3459 67.9171 66.4762 67.9309 63.9717 62.0876 111.814 59.5625 85.0078 68.8662 72.9618 57.8214 56.8361 53.0609 86.7416 68.9566 69.1992 56.6575 52.5202 99.8343
threshold=2553.5000000000005 1.0000000180025095e-35 0.49813432835820898 0.10153256704980844 1.0000000180025095e-35 1.5208528596770658 2.5000000000000004 0.11676245210727972 1.2500000000000002 0.42123756218905478 1.0000000180025095e-35 1.0000000180025095e-35 67494.500000000015 3873.5000000000005 0.86888973156516258 10610.000000000002 1.0000000180025095e-35 0.96371328872753381 2.5000000000000004 4.5000000000000009 7.5000000000000009 12333.500000000002 0.47064215217813715 204.50000000000003 11.534016257491627 0.84124878500783951 0.71828358208955234 56.555823294905601 137.50000000000003 187.50000000000003
decision_type=2 2 2 2 2 2 2 2 2 2 2 2 2 2 2 2 2 2 2 2 2 2 2 2 2 2 2 2 2 2
left_child=2 4 3 22 11 8 15 -8 -4 12 23 -2 13 -3 -14 16 -6 18 -9 -20 -21 -13 -1 24 -7 26 -25 -27 -26 -30
right_child=1 9 5 -5 6 10 7 17 -10 -11 -12 21 14 -15 -16 -17 -18 -19 19 20 -22 -23 -24 25 28 27 -28 -29 29 -31
leaf_value=-0.052065545137047489 -0.020893329617619767 -0.12300201622999318 -0.066263197133861099 -0.095999732781992531 0.051375612529834191 -0.01341633534636974 0.047023230614975008 -0.037942343288018821 0.038271858653699219 -0.070680663005456057 -0.061172177243862674 0.0019615575633922665 -0.13219181952509748 0.079179895809437517 0.036331986601992723 0.070984024337501811 -0.13723562569186851 0.038859992710986002 -0.027955218912049568 0.082336885392051112 -0.062046321857490407 0.050938312206407779 0.041657481194803406 -0.018842638510955412 0.073487007676257182 0.0406138053375611 0.11317019946265522 -0.018015035584769076 -0.045090001754838259 0.050147537254824737
leaf_weight=101.90562945581041 1162.1642002151348 16.843854860169813 632.83178240951383 472.4964995704795 119.23552791285329 909.11016957863467 627.11367943463847 579.43467539886478 95.23003311548382 45.548279525828548 265.69468639284605 1355.3182168420171 25.57186982780695 1240.1547732488252 189.05111346580088 638.88392955530435 42.682713649701327 279.8230868447572 163.63617828977294 194.60886148549616 42.67433837428689 293.19753831112757 177.24246162170311 4940.0787693003949 223.19386159745045 395.90604575839825 40.028895599767566 282.40385738527402 175.66539901023498 294.75872794864699
leaf_count=7343 26293 1311 49513 81272 1521 46664 8073 19856 1816 1563 37298 30764 668 5757 1734 4572 950 1965 3533 2432 1260 2180 5503 246798 2512 6897 301 7372 4560 2771
internal_value=-0.000113492 0.0231618 -0.0182446 -0.0575828 0.0120226 -0.0146626 0.0270815 0.014401 -0.0525901 0.0635343 -0.010994 -0.00237948 0.0676884 0.0764706 0.0162527 0.0569663 0.00165645 -0.00183305 -0.0134481 0.0219526 0.0563702 0.0106723 0.00744301 -0.00915788 0.00690422 -0.0137074 -0.0177816 0.0162046 0.0335379 0.014584
internal_weight=16022.5 7015.94 9006.55 751.645 5498.77 8254.9 2688.09 1887.29 728.062 1517.17 7526.84 2810.68 1471.62 1257 214.623 800.802 161.918 1260.18 980.354 400.919 237.283 1648.52 279.148 7261.15 1602.73 5658.42 4980.11 678.31 693.618 470.424
internal_count=615052 114432 500620 94118 103399 406502 44162 37119 51329 11033 355173 59237 9470 7068 2402 7043 2471 29046 27081 7225 3692 32944 12846 317875 56507 261368 247099 14269 9843 7331
is_linear=0
shrinkage=0.1


Tree=13
num_leaves=31
num_cat=0
split_feature=1 3 4 3 4 0 20 20 4 14 1 7 1 8 1 0 1 1 12 1 7 1 20 10 3 1 0 20 16 18
split_gain=556.44 135.053 136.216 113.492 173.955 99.9849 90.0272 117.541 108.569 85.047 83.3778 68.4151 83.3337 67.4739 64.6155 64.4642 76.1662 64.2601 58.4925 58.0607 51.9693 57.649 51.5384 49.444 49.0097 48.618 88.2665 64.68 73.5674 108.817
threshold=2553.5000000000005 0.49813432835820898 0.08620689655172413 0.49813432835820898 0.15466954022988508 1.5208528596770658 0.2209269493029887 0.94737100035896937 0.25047892720306525 1.0000000180025095e-35 13603.000000000002 1.7500000000000002 3230.0000000000005 1.0000000180025095e-35 3873.5000000000005 45.616441709830262 33892.500000000007 3575.0000000000005 1.0000000180025095e-35 2764.0000000000005 2.5000000000000004 37272.500000000007 0.85059515696560528 1.0000000180025095e-35 0.56156716417910457 204.50000000000003 12.018316546824574 0.79101610049150872 1.0000000180025095e-35 1.0000000180025095e-35
decision_type=2 2 2 2 2 2 2 2 2 2 2 2 2 2 2 2 2 2 2 2 2 2 2 2 2 2 2 2 2 2
left_child=3 2 22 4 -1 13 9 8 14 10 11 -3 -13 -5 19 23 -17 -14 25 -8 21 -10 -2 -9 -21 26 -7 28 -27 -30
right_child=1 6 -4 5 -6 18 7 15 20 -11 -12 12 17 -15 -16 16 -18 -19 -20 24 -22 -23 -24 -25 -26 27 -28 -29 29 -31
leaf_value=0.0016794100182463507 -0.024658577377983663 -0.11270569127936646 -0.050067463710313023 -0.025799648842773831 -0.098263510765335516 -0.012547010658828118 0.06959875109571724 0.066666147514467283 -0.014832793270178727 -0.11500181544576288 0.096404723102197554 0.10352315620187713 -0.17101548134960576 -0.090632800704686267 0.032291931082046976 -0.0068768894678195138 0.055172954094777252 0.026895077703877952 -0.057288579047437532 -0.059946837664758203 -0.057248244835468198 0.042654347530780783 0.064018574053951643 -0.0012651514381851721 0.091033715822736061 -0.02275905658220537 0.035369111454703089 0.010618909848205307 -0.021969919153054001 0.058837157697164279
leaf_weight=307.09758843044983 96.645186059875414 29.530697624082677 489.67889443074819 434.51412991574034 402.29219220814412 934.47222775238333 57.455187163315713 882.37684695748612 892.05901001626626 28.787155885249376 370.91438171267509 162.46226625703275 17.184573797276244 254.57242374541238 1659.1978122942382 449.87788313091733 353.08897337410599 362.12587513448671 252.17137794449809 195.27012856397778 215.60245339456014 216.84565992816351 203.63691180199385 121.9541216250509 24.160235779359937 3979.9394045615627 653.15129482219345 986.54969028464984 386.84330284767202 292.76662110397592
leaf_count=19753 3026 1585 22777 26169 74508 47285 1071 4442 23385 722 2230 872 423 25449 19994 4316 2070 4569 37083 5670 9542 3519 2414 1436 405 217208 9050 23249 16784 4049
internal_value=-0.000131521 0.0213327 -0.0175497 -0.0166297 -0.0549978 -0.0133003 0.026419 0.0210746 0.00973624 0.054313 0.059486 0.0355169 0.0435961 -0.0497513 0.024829 0.0415303 0.0204083 0.0179288 -0.00994496 -0.0198913 -0.0123255 -0.00359122 0.035478 0.0584174 -0.0433232 -0.00829454 0.00716577 -0.0126418 -0.0175667 0.0128407
internal_weight=15713.2 6828.85 789.961 8884.37 709.39 8174.98 6038.89 5067.89 3260.59 971.005 942.218 571.303 541.773 689.087 1936.08 1807.3 802.967 379.31 7485.89 276.886 1324.51 1108.9 300.282 1004.33 219.43 7233.72 1587.62 5646.1 4659.55 679.61
internal_count=615055 114468 28217 500587 94261 406326 86251 75850 63586 10401 9679 7449 5864 51618 27140 12264 6386 4992 354708 7146 36446 26904 5440 5878 6075 317625 56335 261290 238041 20833
is_linear=0
shrinkage=0.1


Tree=14
num_leaves=31
num_cat=0
split_feature=1 11 20 5 18 7 1 4 20 1 5 12 20 18 1 4 5 1 16 18 14 1 20 7 1 20 10 4 20 1
split_gain=508.187 257.153 104.275 106.627 143.559 88.0738 92.1606 82.1607 77.9718 93.3599 90.5881 93.5728 76.2096 85.0287 74.9389 68.1197 60.6872 60.5598 58.8955 103.249 58.3286 56.858 54.1398 52.6343 52.5215 97.2049 52.0472 54.9107 51.9015 64.251
threshold=2553.5000000000005 1.0000000180025095e-35 0.90454357557504406 2.5000000000000004 1.0000000180025095e-35 1.7500000000000002 15533.500000000002 0.49813432835820909 0.41576978188243507 237.50000000000003 1.0000000180025095e-35 1.0000000180025095e-35 0.61401581934296112 1.0000000180025095e-35 18911.000000000004 0.42518656716417919 1.0000000180025095e-35 75903.000000000015 1.0000000180025095e-35 1.0000000180025095e-35 1.0000000180025095e-35 75903.000000000015 0.23629354976228015 1.7500000000000002 326.00000000000006 0.055520433039996923 1.0000000180025095e-35 0.2953047263681593 0.0087427913135088957 474.50000000000006
decision_type=2 2 2 2 2 2 2 2 2 2 2 2 2 2 2 2 2 2 2 2 2 2 2 2 2 2 2 2 2 2
left_child=7 2 3 4 -2 -6 -7 8 10 -10 -1 18 -11 20 16 17 -4 -3 23 -20 26 -16 -5 28 -21 -26 27 -14 -12 -30
right_child=1 15 14 22 5 6 -8 -9 9 12 11 -13 13 -15 21 -17 -18 -19 19 24 -22 -23 -24 -25 25 -27 -28 -29 29 -31
leaf_value=-0.066362356285422933 -0.035890143435873108 0.071587776182929497 0.042578848042554664 0.057559597126550233 -0.0092745228816309335 0.072868746015173166 -0.066556765795097603 -0.092666557280430439 0.038691594436407968 -0.033059314116618901 -0.052409290012647464 -0.079750234547050269 0.033172288988596137 -0.023872868662592445 0.049876384446826898 -0.071654488096866392 -0.011529034047374672 0.0085153677665423862 -0.013111320346953169 0.14063725300207564 -0.11532357643773133 -0.010010179725028989 0.0045071071615655905 0.0230307393202684 -0.073413069860574068 0.090291453935144261 -0.060632210009755605 -0.01604546310976307 -0.0086922206085944653 -0.044516897781029491
leaf_weight=439.69515129219508 1214.1709394369973 1154.4013637814205 301.18585057416931 372.91789504652843 558.76764884102158 330.27695417171344 55.354771120240912 137.04897826650995 452.44296295184176 986.51819968645577 558.10466503663338 237.74109004394268 1061.1955849792575 917.10672350338427 1173.1460361990612 38.502166554331779 664.9033946065465 175.35623874142766 606.03650947037386 66.436533141881227 33.571322157047689 183.31026063440368 397.27562638930976 248.32904313248582 54.729249976575375 107.54998716432601 79.440476138377562 288.25356211038888 1797.3572714132606 693.90637455595424
leaf_count=54726 46520 7522 3403 4409 13492 2716 1476 25792 6493 69620 43398 35445 25528 39560 9117 1488 10328 2011 22939 209 1176 2609 9232 7096 900 972 2723 13678 84467 66042
internal_value=-5.29965e-05 0.0208609 0.0108001 -0.00174848 -0.0131459 0.0160952 0.0528552 -0.0158469 -0.0146268 -0.00395779 -0.0230968 -0.0187437 -0.00969039 -2.12652e-06 0.0266241 0.0594736 0.00533952 0.0632704 -0.015234 0.00849415 0.0149672 0.0417834 0.0301944 -0.0212404 0.065743 0.0350815 0.0180283 0.022659 -0.0248456 -0.0186707
internal_weight=15385 6619.57 5251.31 2928.76 2158.57 944.399 385.632 8765.46 8628.41 3818.53 4809.89 4370.19 3366.09 2379.57 2322.55 1368.26 966.089 1329.76 4132.45 834.752 1462.46 1356.46 770.194 3297.7 228.716 162.279 1428.89 1349.45 3049.37 2491.26
internal_count=615087 114323 103302 77845 64204 17684 4192 500764 474972 158778 316194 261468 152285 82665 25457 11021 13731 9533 226023 25020 43105 11726 13641 201003 2081 1872 41929 39206 193907 150509
is_linear=0
shrinkage=0.1


Tree=15
num_leaves=31
num_cat=0
split_feature=1 4 1 7 7 20 20 17 3 0 1 17 9 7 20 5 20 14 8 1 20 1 16 18 8 1 1 3 1 1
split_gain=425.713 141.684 132.889 108.89 115.698 92.8364 91.9934 87.4417 89.5509 78.6886 91.1078 73.7909 73.5561 72.7559 61.6164 115.449 60.2253 57.6686 54.6728 85.9985 59.9295 58.8004 47.4608 95.6671 45.4776 88.3896 98.6959 66.6681 66.2557 67.9406
threshold=10045.000000000002 0.49813432835820909 1364.0000000000002 2.5000000000000004 3.5000000000000004 0.12910733939439209 0.56977839954494269 1.0000000180025095e-35 0.63992537313432851 3.687320241915776 139.50000000000003 1.0000000180025095e-35 1.0000000180025095e-35 1.7500000000000002 0.92759410062517034 2.5000000000000004 0.28129918036922136 1.0000000180025095e-35 1.0000000180025095e-35 2200.5000000000005 0.066167545970289857 8612.5000000000018 1.0000000180025095e-35 1.0000000180025095e-35 1.0000000180025095e-35 877.00000000000011 859.50000000000011 0.51119402985074636 474.50000000000006 523.50000000000011
decision_type=2 2 2 2 2 2 2 2 2 2 2 2 2 2 2 2 2 2 2 2 2 2 2 2 2 2 2 2 2 2
left_child=1 2 9 5 -5 -2 -7 8 18 11 16 -1 22 17 15 -6 -11 -9 19 -4 21 -21 24 -24 -12 26 27 28 -26 -30
right_child=3 -3 7 4 14 6 -8 13 -10 10 12 -13 -14 -15 -16 -17 -18 -19 -20 20 -22 -23 23 -25 25 -27 -28 -29 29 -31
leaf_value=-0.026069530159807775 0.10396434120942105 -0.094517079069210613 -0.051632933012669351 -0.056091969981333915 -0.033355869737312506 -0.12656979925598041 0.038639030930780555 0.034368746747251738 0.07754001632160247 0.00079026940192982701 -0.032237473006505285 -0.079720959991464765 -0.076676326282902205 -0.13332133034445112 0.044207276334206146 0.052661465175822833 0.068855923461624627 -0.13529976406856004 0.028384302391441914 0.038993484654196262 -0.011542844376247176 -0.17981558217277555 -0.022542390479770878 0.070132915998121229 0.0087787558106949062 -0.051517459425732187 0.090183722680302045 -0.095510614033051694 -0.1051726971630611 -0.015285301945978439
leaf_weight=1299.6233852065343 221.92338559450582 195.20122508279746 458.64826862953487 238.87802919768728 411.3050410808064 34.276319990400225 2020.9929149587406 1166.1724248935934 129.99186478811316 335.10105860870681 1290.8252548629534 319.34561974063399 191.28950059908675 27.415965265361592 565.76605553971604 251.40720047079958 212.38205478148302 20.382727924268693 378.98124999160063 372.59816955169663 1863.6759237794904 12.700058219139462 259.34979775757529 195.23960721073672 1439.1088220905804 416.76749749010196 111.95077197963838 80.356383956735954 102.76192705574795 462.72073234553682
leaf_count=84463 1448 29811 34721 5716 16587 972 21587 18283 1279 15876 112508 42656 22458 886 5161 3966 3097 760 11476 6730 48506 551 12245 2181 47059 24606 2074 4224 7253 26071
internal_value=-0.000405684 -0.0100573 -0.0085783 0.0288299 0.00758634 0.0425186 0.0358838 0.00486516 -0.00376533 -0.0174459 -0.0113463 -0.0366524 -0.0159834 0.0277329 0.0199686 -0.000724245 0.0271946 0.0314542 -0.0071895 -0.0121687 -0.0041205 0.0317812 -0.01332 0.0172603 -0.0168804 -0.00929596 -0.00128624 -0.0061977 -0.00261749 -0.03162
internal_weight=15087.1 11342.6 11147.4 3744.55 1467.36 2277.19 2055.27 4430.57 3216.6 6716.82 5097.85 1618.97 4550.37 1213.97 1228.48 662.712 547.483 1186.56 3086.6 2707.62 2248.97 385.298 4359.08 454.589 3904.49 2613.67 2196.9 2084.95 2004.59 565.483
internal_count=615211 559774 529963 55437 31430 24007 22559 123192 103263 406771 279652 127119 260679 19929 25714 20553 18973 19043 101984 90508 55787 7281 238221 14426 223795 111287 86681 84607 80383 33324
is_linear=0
shrinkage=0.1


Tree=16
num_leaves=31
num_cat=0
split_feature=11 20 3 4 7 1 0 1 1 5 4 16 10 1 4 1 1 14 18 5 20 4 0 4 3 1 1 4 3 5
split_gain=398.914 229.937 101.255 173.426 122.877 122.145 100.785 95.0918 89.4617 84.9617 85.073 67.7118 62.8592 60.0783 65.9272 54.1094 53.2447 50.9347 71.8377 103.726 50.3189 47.248 45.3846 43.5023 40.8256 60.1137 40.024 37.2431 46.5938 37.104
threshold=1.0000000180025095e-35 0.89441734684883911 0.49813432835820898 0.06343283582089547 1.2500000000000002 18911.000000000004 5.0456049600372941 196.50000000000003 3873.5000000000005 1.5000000000000002 0.08620689655172413 1.0000000180025095e-35 1.0000000180025095e-35 67494.500000000015 0.42123756218905478 28587.500000000004 37272.500000000007 1.0000000180025095e-35 1.0000000180025095e-35 2.5000000000000004 0.77219929139569443 0.27694859038142633 101.64407639166049 0.39962686567164191 0.63992537313432851 313.50000000000006 67494.500000000015 0.19657567049808433 0.51119402985074636 1.0000000180025095e-35
decision_type=2 2 2 2 2 2 2 2 2 2 2 2 2 2 2 2 2 2 2 2 2 2 2 2 2 2 2 2 2 2
left_child=1 2 3 -1 6 17 11 27 -2 12 -11 24 -3 14 29 -16 -12 18 19 -6 -9 -14 -15 -20 -4 -26 -18 -8 -29 -10
right_child=8 9 4 -5 5 -7 7 20 13 10 16 -13 21 22 15 -17 26 -19 23 -21 -22 -23 -24 -25 25 -27 -28 28 -30 -31
leaf_value=0.021241410653393803 -0.11196546513816055 0.039873758803809951 -0.048857688074094158 -0.069320667562363478 -0.030432416704821125 -0.056223139377079616 -0.0011105027969099356 -0.018180065870187941 0.044360463239115681 0.063365243117942033 -0.031297214929902437 0.0057220620351489167 -0.072784810973876332 -0.02039480477111601 -0.18904045310738418 0.075540964866729982 0.056652449565280177 -0.1170680687536462 0.071808577092726575 0.03664582277573767 0.0044008533189172343 0.032268616087270267 0.087528145923912032 -0.16515911753274332 -0.033773494234089665 0.10231571165560743 -0.038377460918293881 0.044045681059173822 -0.16295579398601556 0.084217925431650381
leaf_weight=303.58413918793667 32.129577614483424 1615.9985702271806 1346.7910871836357 696.80058409257617 335.57811910519376 204.1172632414382 389.70744738419307 3978.5030376224022 352.92407339345664 161.10291868331842 601.18287759728264 348.73034702529549 91.658663464942947 151.95366639038548 18.078278071247045 13.502801004564388 143.97975851641968 24.354777299799025 362.29679645021679 736.42580503836507 1312.3670939261792 80.333969886414707 52.403390716761351 7.9162903865799299 115.4753203697037 45.149050209671259 64.029747334541753 515.05305715231225 11.108324225991963 690.57903053797781
leaf_count=10197 3917 16748 124250 102096 11727 7771 14091 213922 1822 1977 12438 8524 1587 2340 425 166 1355 708 4192 12523 36345 1037 465 505 6486 494 969 11565 559 3956
internal_value=0.000193301 -0.00492477 -0.0115424 -0.041838 -0.0084287 0.0162542 -0.0135432 -0.00742918 0.0528434 0.0208279 -0.00299653 -0.0339877 0.0337568 0.0569821 0.0664297 -0.0759161 -0.0162086 0.0263416 0.0287634 0.0156478 -0.012579 -0.0237167 0.00727994 0.0667415 -0.0431743 0.0044791 0.0274002 0.0223208 0.0396755 0.0707377
internal_weight=14803.8 13492.2 10734 1000.38 9733.57 1670.69 8062.88 6206.74 1311.57 2758.29 970.295 1856.15 1787.99 1279.44 1075.08 31.5811 809.192 1466.57 1442.22 1072 5290.87 171.993 204.357 370.213 1507.42 160.624 208.01 915.869 526.161 1043.5
internal_count=615157 602066 565955 112293 453662 37426 416236 276482 13091 36111 16739 139754 19372 9174 6369 591 14762 29655 28947 24250 250267 2624 2805 4697 131230 6980 2324 26215 12124 5778
is_linear=0
shrinkage=0.1


Tree=17
num_leaves=31
num_cat=0
split_feature=11 20 3 4 7 1 0 5 4 1 5 1 20 4 1 7 17 1 7 4 13 8 0 1 3 1 1 4 17 20
split_gain=359.099 190.652 97.0974 129.977 99.0173 100.134 86.6414 84.1744 78.3659 70.5531 49.343 51.2281 51.0342 45.9566 62.5078 45.6925 45.5027 44.3254 46.9599 77.4769 48.3581 44.0878 67.0609 72.8899 48.1367 48.0731 68.6504 62.0617 45.5761 43.8748
threshold=1.0000000180025095e-35 0.87916566570653887 0.49813432835820898 0.07276119402985072 1.2500000000000002 18911.000000000004 1.5831748207678351 1.5000000000000002 0.06343283582089547 3873.5000000000005 2.5000000000000004 47190.500000000007 0.59745994448975315 0.28740671641791055 14674.500000000002 8.5000000000000018 1.0000000180025095e-35 1673.0000000000002 3.5000000000000004 0.28247126436781617 1.0000000180025095e-35 1.0000000180025095e-35 7.3697276401885423 137.50000000000003 0.51119402985074636 173.50000000000003 407.50000000000006 0.19284825870646763 1.0000000180025095e-35 0.58630365786571892
decision_type=2 2 2 2 2 2 2 2 2 2 2 2 2 2 2 2 2 2 2 2 2 2 2 2 2 2 2 2 2 2
left_child=1 2 3 -1 6 15 -4 16 -9 -2 11 13 -13 -11 -15 -6 -3 -18 19 20 -19 -8 28 -24 25 -25 27 -27 -23 -28
right_child=9 7 4 -5 5 -7 21 8 -10 10 -12 12 -14 14 -16 -17 17 18 -20 -21 -22 22 23 24 -26 26 29 -29 -30 -31
leaf_value=0.0083425730711241455 -0.10490287773759024 0.037007467965011025 -0.051631684648475833 -0.069904709021859288 0.026098293338072454 -0.061850800589584753 -0.017460671322978672 0.066486591469274145 -0.016398496114280903 0.06998325748407104 0.097128811562019843 -0.1486245577942262 0.019526887351121056 -0.21798617702374212 0.026414095534182822 -0.079867832896339072 0.096545708435885863 -0.097004065242440735 0.085567151579175882 0.04036678465329447 0.023286823361566497 -0.014101825935199652 0.053235072506768094 -0.08326010706500421 -0.087193391963827194 -0.0073914405513331519 -0.038285346591535464 0.045104625032683504 -0.070197736723703871 0.0024251122235278595
leaf_weight=329.09075053280685 28.452661255025305 1584.1087195844157 535.81769643200096 598.13288284937153 1378.7740509109572 154.29188776575029 3776.6594114124018 130.83011668967083 890.48295934370253 618.3263184428215 221.64345303736627 19.49205805407837 243.84800773160532 11.393462995067237 128.38911026529968 41.929638878675178 40.57313814596273 138.17206707748119 41.18284486560151 103.68062301259488 44.081923240795732 725.9752940631588 293.41463221114827 63.220934534678236 61.193221272784285 362.27943306427915 388.30904208787251 595.17516240512487 180.93218496593181 831.83500924264081
leaf_count=12207 3904 18939 51640 98682 27693 6621 217214 1604 17474 2227 1896 601 2976 463 1087 1382 304 2360 342 1246 511 34419 5513 3621 3123 11336 26430 11288 21260 26966
internal_value=2.56859e-05 -0.00483169 -0.0112613 -0.0421331 -0.00821278 0.0146615 -0.0128228 0.0174798 -0.00578092 0.0507949 0.0543586 0.0450779 0.00708056 0.0582768 0.0064934 0.0229709 0.0296513 -0.00204087 -0.0142688 -0.0286481 -0.0679092 -0.00996607 -0.00188444 0.00629517 0.000312208 0.00270185 0.00519753 0.0252413 -0.0252932 -0.0105309
internal_weight=14561.7 13290.1 10317 927.224 9389.81 1575 7814.81 2973.11 1021.31 1271.55 1243.09 1021.45 263.34 758.109 139.783 1420.7 1951.8 367.691 327.117 285.935 182.254 7278.99 3502.33 2595.43 2302.01 2240.82 2177.6 957.455 906.907 1220.14
internal_count=615329 602175 559395 110889 448506 35696 412810 42780 19078 13154 9250 7354 3577 3777 1550 29075 23702 4763 4459 4117 2871 361170 143956 88277 82764 79641 76020 22624 55679 53396
is_linear=0
shrinkage=0.1


Tree=18
num_leaves=31
num_cat=0
split_feature=1 4 10 7 7 1 3 17 12 20 20 20 16 19 0 1 17 3 4 8 17 20 1 9 1 0 20 4 1 4
split_gain=305.071 98.4852 86.1424 86.3473 98.4409 79.9449 60.8144 69.7712 59.2702 58.3313 63.5701 52.0164 49.0888 61.4738 54.7754 103.725 54.7148 53.6619 48.705 49.53 47.3164 47.163 56.6919 45.2527 44.903 98.846 43.6194 55.2036 103.536 42.2031
threshold=10045.000000000002 0.49813432835820909 1.0000000180025095e-35 2.5000000000000004 3.5000000000000004 1364.0000000000002 0.63992537313432851 1.0000000180025095e-35 1.0000000180025095e-35 0.12910733939439209 0.60877280091551167 0.54735484738588491 1.0000000180025095e-35 1.0000000180025095e-35 5.1469756135096469 223.00000000000003 1.0000000180025095e-35 0.58768656716417922 0.19284825870646763 1.0000000180025095e-35 1.0000000180025095e-35 0.97394144385072001 14340.000000000002 1.0000000180025095e-35 326.00000000000006 9.1113486011167151 0.99999855885341915 0.13275862068965522 25377.000000000004 0.08620689655172413
decision_type=2 2 2 2 2 2 2 2 2 2 2 2 2 2 2 2 2 2 2 2 2 2 2 2 2 2 2 2 2 2
left_child=1 5 3 9 -5 8 7 -7 12 -2 -11 -9 14 20 16 18 17 -1 -16 -20 24 22 -6 -17 -14 -26 27 -12 -29 -24
right_child=2 -3 -4 4 21 6 -8 11 -10 10 26 -13 13 -15 15 23 -18 -19 19 -21 -22 -23 29 -25 25 -27 -28 28 -30 -31
leaf_value=-0.029299326644280352 0.10090045766573591 -0.085854554540691463 -0.032793375438694809 -0.058971863067287883 0.057214778231180985 -0.0066882352667634792 0.070721169901247063 -0.10632077799812563 -0.056770237111353698 -0.078754425812157344 0.063832937373470483 0.025949412900650157 0.13290200871906341 -0.010225554190167281 -0.007964259453851711 -0.016554681154832725 -0.068711575801701397 0.04116240805188958 -0.076490216797686861 0.041109466027447611 -0.08681959910657025 0.05932597320627199 0.035611706251328389 -0.073678737796999044 -0.066072494609113977 0.085856181957398012 0.070376755924696041 -0.020157373043312009 0.046946521847097918 -0.018783832128906424
leaf_weight=996.71754803624935 160.99866310693324 161.20982992777135 235.25606168666855 178.24315451830626 199.57032086933032 2952.3531789068948 130.71537764929235 30.548122005362529 310.34521597618004 45.405996592016891 397.72275599394925 1112.1538196997717 64.930798007175326 474.42391591955675 472.91740614082664 2640.9516734972713 317.26621534521109 121.22967063530814 38.042268042743672 611.52281119400868 23.675845548394136 249.93880186788738 199.79309735982679 146.36319114791695 63.143039378104731 133.07161878678016 393.87810516124591 389.41277272452135 561.42630651243962 498.54006373882294
leaf_count=74026 1387 29818 5417 5135 3776 101987 1323 2132 51168 1261 2970 17870 221 18262 16579 157087 46844 2020 2696 13805 1508 1925 3099 19760 1389 1294 1900 6597 5027 16989
internal_value=4.38556e-05 -0.00827906 0.0256552 0.0298539 0.0101693 -0.00710373 0.00357571 0.00143241 -0.0141391 0.0432482 0.0380565 0.0224134 -0.0119717 0.0118218 -0.0153515 -0.0092181 -0.03206 -0.0216585 0.0164484 0.0342222 0.0485459 0.0209059 0.0102114 -0.0195543 0.0608184 0.0369646 0.0411005 0.0325497 0.0194644 -0.00322127
internal_weight=14311.8 10801.6 3510.19 3274.93 1326.09 10640.4 4225.77 4095.06 6414.6 1948.84 1787.85 1142.7 6104.26 759.245 5345.01 3909.8 1435.21 1117.95 1122.48 649.565 284.821 1147.84 897.903 2787.31 261.145 196.215 1742.44 1348.56 950.839 698.333
internal_count=615272 559789 55483 50066 30924 529971 123312 121989 406659 19142 17755 20002 355491 22674 332817 209927 122890 76046 33080 16501 4412 25789 23864 176847 2904 2683 16494 14594 11624 20088
is_linear=0
shrinkage=0.1


Tree=19
num_leaves=31
num_cat=0
split_feature=11 20 5 4 7 0 1 4 1 1 18 5 7 0 5 4 20 1 1 10 20 19 20 1 20 0 1 17 20 1
split_gain=259.647 152.706 72.8824 70.8609 80.3585 72.0323 60.8711 59.9541 57.0663 64.4611 49.0433 83.8583 54.8116 49.0331 46.4195 71.6436 102.486 36.3644 36.0327 35.2673 33.2424 39.3838 31.3258 34.1738 79.0756 28.4056 82.917 41.8442 57.6437 42.7561
threshold=1.0000000180025095e-35 0.89441734684883911 1.5000000000000002 0.39412134728655579 1.2500000000000002 1.4071646653051333 18911.000000000004 0.11194029850746273 67494.500000000015 3873.5000000000005 1.0000000180025095e-35 2.5000000000000004 4.5000000000000009 86.46692445718601 1.0000000180025095e-35 0.28637702293132045 0.96371328872753381 732.50000000000011 32675.000000000004 1.0000000180025095e-35 0.75798462856626292 1.0000000180025095e-35 0.63516064990615362 13382.000000000002 0.066167545970289857 11.377212369845063 137.50000000000003 1.0000000180025095e-35 0.60311788144061851 844.00000000000011
decision_type=2 2 2 2 2 2 2 2 2 2 2 2 2 2 2 2 2 2 2 2 2 2 2 2 2 2 2 2 2 2
left_child=1 3 19 4 5 -1 10 -4 9 -2 11 -6 17 -10 15 -11 -17 -12 -9 -3 -5 -22 23 24 -13 27 -27 29 -29 -7
right_child=8 2 7 20 6 25 -8 18 13 14 12 22 -14 -15 -16 16 -18 -19 -20 -21 21 -23 -24 -25 -26 26 -28 28 -30 -31
leaf_value=-0.049553069849639461 -0.10242118935472883 0.034112887996066453 0.041479474888529544 -0.051373724865315856 -0.031574546036181809 -0.0054268365565604791 -0.037582215761604983 -0.033002050980242538 -0.041916865018580399 0.057320260565773419 -0.13234540387491753 0.043350094586488308 -0.10316338186580637 0.061057557146202937 0.07818997323497956 -0.18531174419854154 0.046467266772885887 0.068504810988527107 0.018033533345440261 -0.016626057855103363 0.018303516425298139 -0.055654872343342182 -0.071604749905413975 0.080502541979690492 -0.042689947461031566 0.05258866817703043 -0.0073885582341158959 -0.053404009818973287 0.043006414964410253 -0.054875384489858431
leaf_weight=462.13664782707929 24.780996708548628 1561.3005366664147 210.87241037236527 560.69442712899763 335.91590520500904 1717.6434891588578 206.84224912326317 515.30983010737691 121.51794735342264 245.26614544191398 9.2745144352666085 446.90238384797703 21.155673840548843 74.646855225786567 572.22714086971246 33.355623111012392 44.56593667739071 321.2776014925912 189.10942598152906 150.16581261204556 186.22704835876357 117.38776269953814 29.907832994358614 124.29543732805178 140.36741639056709 242.71921472169925 4578.619398981391 497.02692878936068 70.857076174928807 194.67883380388957
leaf_count=49481 3907 16665 2817 73442 13923 98642 10012 11442 2192 929 970 7725 687 625 4019 1188 232 3126 2469 2636 7283 8461 908 1574 4606 2978 199419 58993 1803 21716
internal_value=-2.84935e-05 -0.00403516 0.0174796 -0.00954124 -0.00702168 -0.011266 0.0131207 -0.00529787 0.0462367 0.0566757 0.0204593 0.00987494 0.0528823 -0.00273187 0.0610787 0.0307821 -0.0527496 0.0628694 -0.019301 0.029661 -0.0369423 -0.0102913 0.0286531 0.0328671 0.0227851 -0.00884272 -0.00436914 -0.017539 -0.0413745 -0.0104608
internal_weight=14007 12890.7 2626.76 10263.9 9399.62 7763.68 1635.94 915.292 1116.36 920.196 1429.1 1077.39 351.708 196.165 895.415 323.188 77.9216 330.552 704.419 1711.47 864.309 303.615 741.473 711.565 587.27 7301.54 4821.34 2480.21 567.884 1912.32
internal_count=614870 601778 36029 565749 476563 433032 43531 16728 13092 10275 33519 28736 4783 2817 6368 2349 1420 4096 13911 19301 89186 15744 14813 13905 12331 383551 202397 181154 60796 120358
is_linear=0
shrinkage=0.1


Tree=20
num_leaves=31
num_cat=0
split_feature=11 20 4 7 0 8 1 1 4 3 16 19 1 4 3 1 1 1 4 0 1 1 7 20 1 1 1 17 3 16
split_gain=223.903 148.21 61.3912 59.5049 59.3607 51.7931 59.3945 51.2004 48.8951 47.3658 56.4902 48.1339 44.6669 70.3559 48.1706 46.5622 40.4231 45.8509 40.17 39.0987 37.5246 37.1397 34.8027 34.5154 33.761 52.1433 39.2587 32.9249 36.8657 33.3465
threshold=1.0000000180025095e-35 0.89441734684883911 0.40357587064676625 1.2500000000000002 2.8148990264540319 1.0000000180025095e-35 579.00000000000011 18911.000000000004 0.42518656716417919 0.66604477611940316 1.0000000180025095e-35 1.0000000180025095e-35 24327.500000000004 0.39962686567164191 0.22201492537313436 67494.500000000015 3873.5000000000005 62575.000000000007 0.16266762452107283 51.660680889015815 23098.500000000004 173.50000000000003 8.5000000000000018 0.92759410062517034 1554.5000000000002 2764.0000000000005 10610.000000000002 1.0000000180025095e-35 0.58768656716417922 1.0000000180025095e-35
decision_type=2 2 2 2 2 2 2 2 2 2 2 2 2 2 2 2 2 2 2 2 2 2 2 2 2 2 2 2 2 2
left_child=1 2 3 4 27 6 9 22 16 10 -6 -12 13 18 -15 -14 -2 -18 20 23 24 -13 -5 -19 -3 -26 -27 28 29 -1
right_child=8 12 -4 7 5 -7 -8 -9 -10 -11 11 21 15 14 -16 -17 17 19 -20 -21 -22 -23 -24 -25 25 26 -28 -29 -30 -31
leaf_value=-0.044907832445718693 -0.096687401647117699 -0.091316229905426274 -0.037327075101131493 0.019909005741546599 -0.058935703747489181 0.0015547552211050567 -0.008386605822761772 -0.037060541599015479 -0.081555734268149854 0.04794054130657617 0.062577534726943704 0.025935930779539419 0.043875741120914108 -0.064409718740768979 0.0698353566196218 -0.0062966893243154342 0.062608080305564973 -0.11842512240753598 -0.019190899649707549 0.036732581448637967 -0.16062092027286753 -0.089214839077159394 -0.070855935514453086 0.027823969818610763 0.073142502242513147 -0.028573992324578801 0.036003057764932289 -0.071591787471691704 0.037429266828313455 0.0072662226195731429
leaf_weight=520.62791667258716 19.038455910806078 25.946433430537581 725.02205721312203 1364.9154599749891 633.31475147238234 3287.9297781578498 2649.7690313215426 199.23643682932016 30.1329823496053 59.421061381231993 79.423749042674899 49.778356441762298 847.86198952654377 30.284799498855136 227.66455444216263 236.58437449997291 761.39533875265624 36.195846787886694 704.22560089075705 185.66608479176648 11.728453853633253 64.048635962069966 43.594394404673949 29.119418999645859 160.86045386339538 180.28898950805888 197.01778729422949 188.18408793225535 84.418202266213484 160.19416012894362
leaf_count=55612 2984 823 79998 32222 67271 133274 138327 10275 1847 1507 746 842 7061 1698 2648 3724 5045 1115 12731 1690 232 3384 2205 348 1797 3113 2110 33476 2054 4489
internal_value=-0.000117195 -0.00379596 -0.00929094 -0.00712502 -0.0107455 -0.00747979 -0.0158811 0.0103881 0.0440064 -0.0382952 -0.0444947 0.00283105 0.0173878 0.006429 0.0540742 0.0329301 0.0476747 0.0503896 -0.00317209 0.0133226 0.0164181 -0.0388576 0.0170998 -0.0532231 0.0200989 0.0254705 0.00514612 -0.0341181 -0.0249027 -0.0326315
internal_weight=13793.9 12732.3 10109.9 9384.86 7777.11 6823.69 3535.76 1607.75 1061.55 885.987 826.565 193.251 2622.46 1538.02 257.949 1084.45 1031.42 1012.38 1280.07 250.981 575.842 113.827 1408.51 65.3153 564.114 538.167 377.307 953.424 765.24 680.822
internal_count=614648 601619 565682 485684 440982 345351 212077 44702 13029 73750 72243 4972 35937 25152 4346 10785 11182 8198 20806 3153 8075 4226 34427 1463 7843 7020 5223 95631 62155 60101
is_linear=0
shrinkage=0.1


Tree=21
num_leaves=31
num_cat=0
split_feature=11 20 3 5 3 4 7 4 0 5 18 5 8 3 0 7 0 4 7 20 18 9 4 20 4 20 3 20 9 7
split_gain=210.385 126.842 64.6645 58.5477 50.4028 105.132 50.9345 48.846 46.6547 44.0918 46.5929 50.4613 42.9282 44.2099 41.7932 40.9973 38.7881 34.2449 31.2391 38.2131 30.0583 26.1609 42.9692 43.4386 38.4552 30.6596 26.5391 25.7269 30.6429 25.0698
threshold=1.0000000180025095e-35 0.85059515696560528 0.69216417910447781 1.5000000000000002 0.49813432835820898 0.08620689655172413 1.7500000000000002 0.08620689655172413 1.868789414427005 1.0000000180025095e-35 1.0000000180025095e-35 2.5000000000000004 1.0000000180025095e-35 0.51119402985074636 7.6246512480542989 4.5000000000000009 43.901065614140514 0.42913557213930359 4.5000000000000009 0.39174717951381111 1.0000000180025095e-35 1.0000000180025095e-35 0.39412134728655579 0.95533903296776679 0.39412134728655579 0.99999855885341915 0.49813432835820898 0.49550456499008572 1.0000000180025095e-35 2.5000000000000004
decision_type=2 2 2 2 2 2 2 2 2 2 2 2 2 2 2 2 2 2 2 2 2 2 2 2 2 2 2 2 2 2
left_child=1 2 4 21 5 27 8 -5 -6 -8 11 -11 -10 14 20 -12 -7 -2 19 -13 -14 24 26 -24 29 -26 -23 -1 -29 -3
right_child=17 3 -4 7 6 16 9 -9 12 10 15 18 13 -15 -16 -17 -18 -19 -20 -21 -22 22 23 -25 25 -27 -28 28 -30 -31
leaf_value=-0.035720868619278277 0.046218139738501425 0.010160474411498741 0.047502586667284449 0.041831039864549634 -0.040429035633307207 -0.082095291219477604 -0.050192184635596077 -0.01472252437639392 -0.017601486668607766 -0.032520406594235329 0.060568118900243974 0.016503181393157148 -0.045259800843278609 -0.070391513467557537 0.0072722826294336854 -0.094383683010362332 -0.019183858761376169 -0.07238700473425759 0.049752204403256256 -0.065725751566057228 -0.0047898896502717898 0.00015064850943287487 -0.077582151779555367 0.037557443753291425 0.027229761013526269 0.098405570119922348 0.057793167942006687 0.047101112833912828 -0.043396048429016648 -0.049406941608217916
leaf_weight=87.604049534653313 1008.5661023639259 1010.2424328326015 194.82984122860944 183.14087480120361 526.37130831956165 343.79278147072182 112.29346388811246 919.57529376301682 3255.9409423306643 264.1565721918596 266.56541981885675 355.02514982479624 284.33438914729049 90.233478628390003 2369.4642043290078 18.243685892783105 137.07933422437054 24.945916065713391 221.95835473528132 67.214546949369833 517.65199964900967 94.141219181823544 58.995002455427311 73.699423730373383 233.73611524677835 81.665767048485577 527.00007224548608 178.4323174606543 47.344019556883723 75.96640384523198
leaf_count=6832 11342 17620 5429 2699 58220 79822 6005 20935 206009 9268 3309 7049 30402 5710 80420 678 14673 1677 3091 1850 19340 2203 1820 428 4684 368 4456 4555 2334 1452
internal_value=-1.83877e-05 -0.00357704 -0.00950426 0.0134115 -0.0107189 -0.0347911 -0.00842903 -0.00533002 -0.0117914 0.00971381 0.0153518 0.0042866 -0.00947862 -0.00137005 0.000593734 0.0506426 -0.0641615 0.0433554 0.0193795 0.00341351 -0.019138 0.0229996 0.0380218 -0.0136328 0.0149201 0.045659 0.0490568 0.0102767 0.0281244 0.0059945
internal_weight=13630.2 12596.7 9338.54 3258.16 9143.71 794.253 8349.45 1102.72 7044 1305.46 1193.16 908.355 6517.63 3261.68 3171.45 284.809 480.872 1033.51 644.198 422.24 801.986 2155.45 753.836 132.694 1401.61 315.402 621.141 313.38 225.776 1086.21
internal_count=614680 601661 544996 56665 539567 108216 431351 23634 400101 31250 25245 21258 341881 135872 130162 3987 94495 13019 11990 8899 49742 33031 8907 2248 24124 5052 6659 13721 6889 19072
is_linear=0
shrinkage=0.1


Tree=22
num_leaves=31
num_cat=0
split_feature=1 11 4 4 3 0 7 7 10 0 4 1 1 1 7 12 1 1 9 4 5 1 4 13 19 3 4 0 0 1
split_gain=191.359 78.246 95.211 62.9036 49.4678 46.3177 38.0826 63.0988 51.096 38.6354 37.406 40.303 39.593 40.1625 37.5131 34.9491 31.789 28.3263 28.0877 27.008 21.9458 33.0456 22.0278 28.0878 21.927 57.7433 43.7257 39.8251 42.2614 45.4139
threshold=10610.000000000002 1.0000000180025095e-35 0.27950870646766179 0.49813432835820909 0.69216417910447781 0.84941830646427696 2.5000000000000004 3.5000000000000004 1.0000000180025095e-35 13.05104893508603 0.11194029850746268 67494.500000000015 62575.000000000007 14340.000000000002 4.5000000000000009 1.0000000180025095e-35 67494.500000000015 313.50000000000006 1.0000000180025095e-35 0.27950870646766179 1.0000000180025095e-35 17959.000000000004 0.15357587064676623 1.0000000180025095e-35 1.0000000180025095e-35 0.51119402985074636 0.084577114427860714 65.892608633726368 4.7370903179328581 137.50000000000003
decision_type=2 2 2 2 2 2 2 2 2 2 2 2 2 2 2 2 2 2 2 2 2 2 2 2 2 2 2 2 2 2
left_child=1 3 -3 4 5 -1 8 -8 15 -9 -11 12 13 14 -12 16 20 -6 -15 -10 21 22 -2 -24 25 27 -26 28 -7 -30
right_child=6 2 -4 -5 17 24 7 9 19 10 11 -13 -14 18 -16 -17 -18 -19 -20 -21 -22 -23 23 -25 26 -27 -28 -29 29 -31
leaf_value=-0.048468967681440579 0.029832656585089018 0.057135714065820048 -0.1566738148877497 -0.076362053630964682 0.0092363146697571012 -0.021641706448289503 -0.04480634579808139 -0.063154413853005562 -0.066722931008205644 0.051832178509254014 -0.0002160078955263464 -0.05801007425777726 0.10200723215187427 -0.12772211492946003 0.11683797460780461 -0.033304093550535187 0.0021085790190670133 0.084942788962946672 0.0015589169366215577 0.014201379689986441 0.056767575811950667 0.04630973681514184 -0.12075683962857918 -0.00072391601511964741 0.013291165494666038 -0.058695277310141694 -0.021185095756438722 -0.031467013842810511 0.040076115603076473 0.00051554030328059323
leaf_weight=274.34833466025884 89.78099811100401 299.15368032676633 22.385826208919752 132.29363542726787 113.71412120602326 818.16613041725941 186.85901261260733 54.90809629613068 72.8691491530044 307.73320841067471 49.956321815261617 77.801035765325651 51.876786739099771 17.553198774112388 60.578568789875135 67.718800455797464 193.14769784244709 87.414645257405937 394.4342831770191 95.019375493284315 759.90198147157207 427.43518353311811 29.19108657585457 58.689145068172365 449.92296496784547 187.42119725828525 2017.201216147907 441.80513077462092 307.13617444143165 5255.2604033852986
leaf_count=30097 695 2971 2782 29275 4276 70942 5638 2664 1975 4704 1632 2215 187 535 682 1759 2813 990 12787 2134 7451 3530 834 946 19365 14213 134956 10993 9238 231130
internal_value=9.89705e-05 -0.00631209 0.0422501 -0.00786044 -0.00694987 -0.00796239 0.022371 0.00859526 0.0315999 0.0184279 0.0230944 0.00953482 0.0186836 0.0104111 0.0639353 0.0370234 0.0400799 0.0421399 -0.00394925 -0.0209224 0.0454529 0.0312435 -0.00500449 -0.0405951 -0.00678977 -0.00393613 -0.0148978 -0.00243181 -0.00042134 0.00269994
internal_weight=13401.7 10406.2 321.54 10084.7 9952.39 9751.26 2995.45 1201.7 1793.75 1014.84 959.933 652.2 574.399 522.522 110.535 1625.86 1558.15 201.129 411.987 167.889 1365 605.096 177.661 87.8802 9476.91 7009.79 2467.12 6822.37 6380.56 5562.4
internal_count=614409 561228 5753 555475 526200 520934 53181 31044 22137 25406 22742 18038 15823 15636 2314 18028 16269 5266 13322 4109 13456 6005 2475 1780 490837 336516 154321 322303 311310 240368
is_linear=0
shrinkage=0.1


Tree=23
num_leaves=31
num_cat=0
split_feature=1 4 20 20 11 4 3 1 20 0 4 0 12 1 4 19 3 20 0 7 1 16 8 1 4 1 1 1 1 1
split_gain=169.726 58.5823 53.0216 73.8101 49.515 57.2014 42.2086 50.9179 40.7688 56.9851 41.5365 40.3644 39.3403 36.6955 31.9909 30.4468 59.9088 53.0166 51.8598 52.5529 49.5359 60.3699 48.6777 82.9778 47.321 56.2621 41.0332 43.3874 36.6528 34.2738
threshold=10045.000000000002 0.49813432835820909 0.97394144385072001 0.31535310990944715 1.0000000180025095e-35 0.27950870646766179 0.63992537313432851 313.50000000000006 0.77219929139569443 44.78399402639274 0.37988184079602 13.411604758315073 1.0000000180025095e-35 1685.0000000000002 0.06343283582089547 1.0000000180025095e-35 0.51119402985074636 0.046371770698129693 3.3072283446008739 1.7500000000000002 1881.0000000000002 1.0000000180025095e-35 1.0000000180025095e-35 579.00000000000011 0.19284825870646763 407.50000000000006 636.50000000000011 1027.0000000000002 436.50000000000006 1102.0000000000002
decision_type=2 2 2 2 2 2 2 2 2 2 2 2 2 2 2 2 2 2 2 2 2 2 2 2 2 2 2 2 2 2
left_child=1 4 3 -2 6 -6 8 -8 10 13 12 -5 15 -10 -11 16 18 -17 -1 20 21 22 23 -20 -24 -26 -25 -28 -27 -29
right_child=2 -3 -4 11 5 -7 7 -9 9 14 -12 -13 -14 -15 -16 17 -18 -19 19 -21 -22 -23 24 26 25 28 27 29 -30 -31
leaf_value=-0.031943100449232459 0.062294116268785754 -0.074909720261841492 0.041191784123918045 -0.052791353834281907 0.051534527278141687 -0.14700184452563 -0.0095984681701118141 0.063347007150354837 0.046505306548634384 0.029092391083624256 -0.039084075234607198 0.0090139380116486395 -0.046718539116368252 0.0077523860970478949 -0.020238453328476472 -0.0039503784505215533 -0.077097706643982938 -0.040362399737853411 -0.057440355294238958 0.056447081568278989 -0.039457416760288688 0.054897123618904899 -0.008570980268426483 0.091580962345435987 0.033199189441438993 -0.14675653320723642 -0.042177590321077679 0.085558456593962426 -0.0047354989129506095 0.0021562360466507551
leaf_weight=520.23028932750458 258.78464744810481 123.00324260468187 882.46583286579698 112.202930237283 229.15275007550372 15.493131781986447 196.28010404610541 186.72480543842539 338.64010846460587 153.59040066413581 510.51183445911738 1814.524618890835 272.29749177501071 877.51452935335692 912.29616077512037 923.34625286143273 109.22900533623761 705.33088876389957 360.74800075596431 167.34781992202625 305.3871239334112 207.15814994298853 1055.4818957179086 47.095146289560944 936.31324284995208 19.071251763612963 213.6717911491869 56.186151794681791 385.3766079005436 400.44838755275123
leaf_count=52751 4327 29750 6814 4331 2725 2074 8702 2269 8232 3020 57371 39807 46429 20626 25439 52435 8814 52981 38338 1890 11086 3160 43590 2699 23648 1004 19405 1741 18901 21083
internal_value=-0.000125914 -0.00631388 0.0205033 0.0121498 -0.00547889 0.0389615 -0.00658151 0.0259643 -0.00789679 0.00374938 -0.0115905 0.00541471 -0.0094908 0.0185432 -0.0131301 -0.00790996 -0.00388934 -0.0197193 -0.00217869 0.00154863 -0.000755675 0.00245466 -0.000672183 -0.0183184 0.00726744 0.0197358 0.00135422 -0.00498503 -0.0114323 0.0124184
internal_weight=13295.9 10227.9 3067.98 2185.51 10104.9 244.646 9860.28 383.005 9477.27 2282.04 7195.23 1926.73 6684.72 1216.15 1065.89 6412.42 4783.74 1628.68 4674.52 4154.29 3986.94 3681.55 3474.39 1078.15 2396.24 1340.76 717.401 670.306 404.448 456.635
internal_count=615442 560163 55279 48465 530413 4799 525614 10971 514643 57317 457326 44138 399955 28858 28459 353526 248110 105416 239296 186545 184655 173569 170409 83266 87143 43553 44928 42229 19905 22824
is_linear=0
shrinkage=0.1


Tree=24
num_leaves=31
num_cat=0
split_feature=1 4 20 20 0 20 4 0 11 1 7 20 1 1 4 1 20 0 4 14 12 1 4 18 4 1 1 7 1 7
split_gain=120.838 54.1698 40.1019 49.1336 36.732 64.9633 39.1897 34.1515 31.5672 32.5591 29.4502 35.9153 28.7004 32.7394 48.9228 27.216 26.9634 66.3563 36.5943 31.9403 32.4945 29.3903 27.3518 23.9761 23.4477 23.191 23.0388 22.3307 26.1377 29.0104
threshold=10045.000000000002 0.49813432835820909 0.30898398004262401 0.96371328872753381 30.668783987924492 0.87916566570653887 0.40818965517241385 0.84941830646427696 1.0000000180025095e-35 18911.000000000004 2.5000000000000004 0.59745994448975315 67494.500000000015 37272.500000000007 0.15357587064676623 20091.500000000004 0.80015549118554496 45.616441709830262 0.37988184079602 1.0000000180025095e-35 1.0000000180025095e-35 1642.5000000000002 0.40357587064676625 1.0000000180025095e-35 0.06343283582089547 9696.5000000000018 15533.500000000002 3.5000000000000004 13603.000000000002 4.5000000000000009
decision_type=2 2 2 2 2 2 2 2 2 2 2 2 2 2 2 2 2 2 2 2 2 2 2 2 2 2 2 2 2 2
left_child=1 7 23 4 5 15 -7 -1 9 26 11 -6 13 14 -13 -4 18 21 19 20 25 -18 -23 -2 -19 -9 -5 -12 29 -29
right_child=2 -3 3 8 10 6 -8 16 -10 -11 27 12 -14 -15 -16 -17 17 24 -20 -21 -22 22 -24 -25 -26 -27 -28 28 -30 -31
leaf_value=-0.038289046619299584 0.061862550238389616 -0.074212221587143828 -0.036947663769709517 0.000715865839801094 -0.095195031042163911 0.02480865063456672 -0.075324144330296133 -0.0024338773916231585 0.063114705398632551 0.032251577037927769 -0.055077373199713987 0.06024264125403065 -0.013302550957600665 0.075782416592544588 -0.0177268932998698 -0.11383124583464331 0.053191540343060666 0.025742446472142286 -0.03126684144362666 -0.10331048200260658 -0.039744202658093142 0.0045165304892500714 0.049416017341643234 -0.10025577573471711 -0.019204640974588946 -0.10254378301135997 -0.092893843208597199 -0.021420485399591481 -0.0040640380597515959 0.12228929446010117
leaf_weight=294.94468262656301 239.40640677232295 113.61507888768392 154.32533148862422 136.38466005586088 22.845830121077597 276.13667632185388 45.530493536265567 6808.9801011917589 238.25443865614943 612.89966767723672 72.488590398104861 169.55234498134814 112.28711734269746 187.4355797606986 153.17840618081391 65.619756308849901 258.03934079909232 135.68216100148857 550.96169613799429 32.574140562326647 246.3141602986725 620.00157665548613 173.68382026441395 9.4839081745594722 802.71279915916966 23.218976709060371 32.570479939691722 22.910534260328859 441.12943102745339 36.308262268081307
leaf_count=31603 3858 29716 5721 1548 536 3700 1226 347815 1377 5040 2939 1891 1876 1468 3425 5732 4828 2531 59315 1477 41233 13965 3545 467 22055 716 357 855 12986 383
internal_value=-0.000281901 -0.00555368 0.0172296 0.0137866 0.00366434 -0.0180027 0.0106353 -0.00476947 0.031248 0.0215373 0.013298 0.0279478 0.0324675 0.0425415 0.0232358 -0.0598856 -0.0037452 0.00662549 -0.00643886 -0.0045152 -0.00406056 0.0238737 0.014342 0.0556851 -0.0127058 -0.0027741 -0.0173298 -0.00320491 0.00431018 0.0666909
internal_weight=13089.5 10060.7 3028.75 2779.86 1759.75 541.612 321.667 9947.11 1020.11 781.855 1218.14 645.299 622.453 510.166 322.731 219.945 9652.17 1990.12 7662.05 7111.09 7078.51 1051.72 793.685 248.89 938.395 6832.2 168.955 572.837 500.348 59.2188
internal_count=614184 558799 55385 51060 42738 16379 4926 529083 8322 6945 26359 9196 8660 6784 5316 11453 497480 46924 450556 391241 389764 22338 17510 4325 24586 348531 1905 17163 14224 1238
is_linear=0
shrinkage=0.1


Tree=25
num_leaves=31
num_cat=0
split_feature=11 1 9 7 4 4 1 1 0 5 4 20 0 1 1 20 1 1 20 0 20 6 4 5 20 4 20 0 1 18
split_gain=139.636 77.0891 44.8792 54.1314 39.8114 35.5952 34.9075 38.6042 35.8097 34.3183 32.9936 35.3451 30.6956 30.3169 50.533 37.4098 34.7501 32.7199 29.3897 28.5154 34.6692 27.4984 26.2414 29.3133 34.1548 25.9158 25.057 26.3253 24.8119 41.6034
threshold=1.0000000180025095e-35 10610.000000000002 1.0000000180025095e-35 2.5000000000000004 0.49813432835820909 0.29135572139303489 3873.5000000000005 62575.000000000007 89.763589470278021 1.0000000180025095e-35 0.33829022988505753 0.91001430758476776 9.8405408509311965 122.50000000000001 139.50000000000003 0.28129918036922136 153.00000000000003 80.500000000000014 0.99999855885341915 6.6257613015646504 0.28129918036922136 1.0000000180025095e-35 0.03731343283582092 2.5000000000000004 0.50565674270424765 0.066858237547892746 0.93381963191493456 45.616441709830262 137.50000000000003 1.0000000180025095e-35
decision_type=2 2 2 2 2 2 2 2 2 2 2 2 2 2 2 2 2 2 2 2 2 2 2 2 2 2 2 2 2 2
left_child=1 4 5 10 13 25 -2 9 21 12 -4 -12 -8 17 15 28 -16 -1 -7 -5 -21 -9 23 24 -18 -3 27 -22 -15 -30
right_child=6 2 3 19 -6 18 7 8 -10 -11 11 -13 -14 14 16 -17 22 -19 -20 20 26 -23 -24 -25 -26 -27 -28 -29 29 -31
leaf_value=-0.011850077281888513 -0.096249832467140084 0.016892364356669489 0.067681492023414974 -0.13846797767297969 -0.067428867397139644 -0.0060692231091359532 -0.097215680875752108 -0.040503670401716568 0.064029250106194452 0.073009758005078973 -0.078251088214485676 0.038125168810191006 0.035539587882084167 -0.022994382048469795 -0.072302402684189568 0.062178465471128888 -0.033283911924693203 -0.059806886771715841 0.055330778737100322 0.070411418674936208 -0.039904494017298175 0.0678455175804175 -0.0069232876667067777 0.053228198597671 0.019689182389162688 -0.045593380359423959 0.024295128975218395 0.0081906464044667077 -0.10894438147385561 0.12101223925509744
leaf_weight=471.88939708680846 18.930625392647926 89.212247096467763 346.86192745692097 12.663817154476417 106.19306081217655 217.80217253020965 18.7011339366436 129.31933837477118 72.463469924405217 377.0610082175117 34.017424662131816 112.0943476757966 253.63868928339798 132.26607243050239 78.066087295417674 193.7619313247269 178.5710187550867 203.67483044284745 121.41549284989014 93.972372050629929 174.38680290081538 28.604983086232096 7957.6267251722602 145.2548415705096 382.26937661366537 259.28604399424512 433.90070930169895 327.61148932704236 10.414678530651143 32.16800438426435
leaf_count=42648 3883 1281 2511 798 29365 5451 402 2571 776 3360 1343 680 1753 9040 8782 2721 14526 20331 798 1278 10725 301 411030 3906 11135 5757 4615 10566 1842 620
internal_value=7.32161e-05 -0.00274799 0.014078 0.0235865 -0.00652958 -0.00715208 0.0381051 0.0409961 0.00582754 0.0534728 0.0508908 0.0110307 0.0264235 -0.00586873 -0.00435306 0.0319159 -0.00588239 -0.0263085 0.0159076 0.0106753 0.0125093 -0.0208783 -0.0052839 0.0131918 0.0028226 -0.0295976 0.00669539 -0.0085169 -0.00162011 0.0647705
internal_weight=13014.1 12115.4 2223.22 1535.51 9892.16 687.716 898.719 879.789 230.388 649.401 492.974 146.112 272.34 9785.96 9110.4 368.611 8741.79 675.564 339.218 1042.54 1029.87 157.924 8663.72 706.095 560.84 348.498 935.899 501.998 174.849 42.5827
internal_count=614795 601749 45803 32516 555946 13287 13046 9163 3648 5515 4534 2023 2155 526581 463602 14223 449379 62979 6249 27982 27184 2872 440597 29567 25661 7038 25906 21291 11502 2462
is_linear=0
shrinkage=0.1


Tree=26
num_leaves=31
num_cat=0
split_feature=11 20 1 3 0 3 4 1 1 1 0 4 4 20 20 20 1 5 4 1 1 16 8 14 4 5 10 20 17 1
split_gain=135.072 68.5253 40.5107 38.9884 35.1124 31.4382 73.7521 38.5618 29.1098 29.0185 44.9277 44.891 36.7705 35.5973 71.1129 27.9095 27.3871 25.8623 46.2255 30.421 41.9799 44.2225 25.5617 25.4982 25.4457 23.6261 34.3572 40.0524 46.6267 32.1353
threshold=1.0000000180025095e-35 0.87916566570653887 1518.0000000000002 0.69216417910447781 1.5831748207678351 0.49813432835820898 0.084577114427860714 13382.000000000002 3873.5000000000005 47190.500000000007 38.515431306832447 0.30150254474752686 0.1751865671641791 0.23629354976228015 0.96371328872753381 0.93381963191493456 1642.5000000000002 1.0000000180025095e-35 0.11194029850746273 24327.500000000004 67494.500000000015 1.0000000180025095e-35 1.0000000180025095e-35 1.0000000180025095e-35 0.27694859038142633 1.0000000180025095e-35 1.0000000180025095e-35 0.42092244653067268 1.0000000180025095e-35 5853.5000000000009
decision_type=2 2 2 2 2 2 2 2 2 2 2 2 2 2 2 2 2 2 2 2 2 2 2 2 2 2 2 2 2 2
left_child=1 3 -3 4 22 6 -6 -8 -2 11 15 -10 -12 -13 -15 -11 -4 24 -19 -20 21 -21 -1 25 -18 26 27 -7 -29 -27
right_child=8 2 16 -5 5 23 7 -9 9 10 12 13 -14 14 -16 -17 17 18 19 20 -22 -23 -24 -25 -26 29 -28 28 -30 -31
leaf_value=-0.017486345603057299 -0.090796062842019631 -0.057283165286518584 0.081840108926551108 0.038148062098683315 0.010877803306244547 -0.043810485953963002 -0.068872434408135161 0.005253671184095126 0.064554937329689754 -0.15970709976131822 -0.027763660532303322 0.095602361945082898 0.058391125302002661 -0.17594649174646382 0.034573750789004674 0.019144193895928592 0.0023184243681075019 0.03393517128780104 -0.017754930005556262 0.034817300884340686 -0.052088894200946881 -0.15167714215829395 -0.065003372360576281 -0.083179858702767506 0.037694837821538922 -0.0037202420597045698 -0.062450412785262838 -0.021507984110492581 0.018819697755858615 0.019002979837514603
leaf_weight=344.42018284322694 17.175961744331289 83.070688812760636 57.610682418104261 189.40848769014701 312.08188595203683 285.60443198250141 332.88148054220073 88.928863488778006 502.50189067272004 22.321560896001756 74.296858578920364 22.858325866051018 148.65749497176148 26.588905979995616 40.466065497719683 14.324052955955265 308.51956607308239 400.6857794552343 745.81711249897489 371.6013517039828 77.83811239246279 13.165337827522306 168.6459282063588 40.810111194732599 596.3063948788913 5587.5976706977235 138.53662048559636 591.52467595599592 556.35372421273496 700.37035043316428
leaf_count=32434 3881 3215 437 5526 12755 38474 82948 6206 3354 1412 896 281 1694 1011 281 237 4495 5318 16237 4047 1810 272 28455 2117 7009 270453 7869 38188 18239 15137
internal_value=3.03998e-05 -0.00272866 0.0114485 -0.00675933 -0.00768915 -0.00617895 -0.0259771 -0.0532447 0.0380957 0.0406941 0.0128152 0.0529107 0.0296811 -0.0121656 -0.0489026 -0.0897976 0.0136688 0.0121066 0.00450075 -0.00525905 0.0148869 0.0284361 -0.0331053 -0.00433993 0.0256325 -0.00393058 -0.0148956 -0.0102998 -0.00196196 -0.00118927
internal_weight=12861 11991.8 2654.62 9337.16 9147.76 8634.69 733.892 421.81 869.191 852.015 259.6 592.415 222.954 89.9133 67.055 36.6456 2571.54 2513.93 1609.11 1208.42 462.605 384.767 513.066 7900.8 904.826 7859.99 1572.02 1433.48 1147.88 6287.97
internal_count=614688 601641 42840 558801 553275 492386 101909 89154 13047 9166 4239 4927 2590 1573 1292 1649 39625 39188 27684 22366 6129 4319 60889 390477 11504 388360 102770 94901 56427 285590
is_linear=0
shrinkage=0.1


Tree=27
num_leaves=31
num_cat=0
split_feature=11 1 9 7 4 20 4 7 0 1 0 20 1 18 7 1 4 4 7 1 8 1 4 19 20 20 20 1 7 0
split_gain=118.709 59.9891 39.9969 41.2053 31.3895 32.2071 27.7251 27.354 24.3 24.2867 24.286 27.3833 22.5305 47.3333 35.5535 33.3384 24.2846 22.4104 22.8069 22.2471 21.9636 20.951 30.273 34.9496 64.1313 25.3697 20.6707 21.6585 25.4641 23.2748
threshold=1.0000000180025095e-35 10610.000000000002 1.0000000180025095e-35 2.5000000000000004 0.3702825670498085 0.91001430758476776 0.49813432835820909 3.5000000000000004 0.84941830646427696 3873.5000000000005 10.594818653918306 0.30258554447136893 37272.500000000007 1.0000000180025095e-35 1.7500000000000002 33892.500000000007 0.15466954022988508 0.30715174129353245 3.5000000000000004 14340.000000000002 1.0000000180025095e-35 62575.000000000007 0.30150254474752686 1.0000000180025095e-35 0.93381963191493456 0.61962107968522817 0.93381963191493456 16489.000000000004 4.5000000000000009 47.521315307063404
decision_type=2 2 2 2 2 2 2 2 2 2 2 2 2 2 2 2 2 2 2 2 2 2 2 2 2 2 2 2 2 2
left_child=1 6 17 4 12 -6 8 19 20 -2 -9 -12 13 14 -4 -16 -17 -3 -19 -5 -1 22 -11 24 -24 -23 27 28 -13 -30
right_child=9 2 3 7 5 -7 -8 10 -10 21 11 26 -14 -15 15 16 -18 18 -20 -21 -22 25 23 -25 -26 -27 -28 -29 29 -31
leaf_value=-0.016363983828187708 -0.087418597377697915 -0.024829173215456038 0.06426669787429988 -0.090067552662545972 -0.11561392923561009 0.024972232594013977 -0.060150040657291896 -0.082765433145124079 -0.0047414792936810828 0.058048543535082299 0.07329637462868524 0.0012770722175601728 0.096709845926642043 0.074467976509897046 -0.11944868362849081 0.10346257422297003 -0.10882148564446432 0.016307601520919552 -0.15906938383308267 0.00062435752992207765 -0.078192575786119892 -0.13758964502681273 -0.20997395453923057 0.080520512167171307 0.015751203182161621 0.019880153533568531 0.029523269845889127 -0.016023754552559916 -0.09628985680674608 0.13277947048581371
leaf_weight=190.34089191214298 15.583052023488561 364.61688391095959 37.447279125917703 45.969787307782099 20.82482306775637 74.922009579837322 94.070482064009411 24.380138169392012 9376.0761562575062 504.12119247100782 82.462943368125707 74.834894071449526 109.60338415391743 173.09139595739543 36.791691937949508 15.974230099469425 8.1322529495228064 296.76686890469864 7.6052019367925814 65.712227404117584 82.295650508953258 10.759178158361463 17.448695397004485 32.60959250270389 45.170508082897868 208.44247242645361 387.14575138525106 311.5571920449147 5.1284992811270049 32.830478555522859
leaf_count=16746 3906 7596 551 1706 1076 504 29501 1498 495410 3715 1216 2453 491 1069 530 96 225 5248 487 2235 14952 368 833 528 454 3214 4214 14199 279 259
internal_value=-0.000218901 -0.00277129 0.0122413 0.0212754 0.0455811 -0.00560509 -0.00612396 0.0100245 -0.00559724 0.036251 0.0157075 0.0183931 0.0584431 0.0429913 -0.0124087 -0.0595576 0.0318492 -0.00810676 0.0119255 -0.0367056 -0.035027 0.0386054 0.0482806 -0.00342901 -0.0471466 0.012151 0.0128139 -0.00243043 0.0351168 0.101831
internal_weight=12752.7 11918.6 2175.8 1506.81 476.787 95.7468 9742.78 1030.02 9648.71 834.135 918.34 893.96 381.04 271.437 98.3455 60.8982 24.1065 668.989 304.372 111.682 272.637 818.552 599.35 95.2288 62.6192 219.202 811.497 424.351 112.794 37.959
internal_count=615559 602541 45932 32601 4542 1580 556609 28059 527108 13018 24118 22620 2962 2471 1402 851 321 13331 5735 3941 31698 9112 5530 1815 1287 3582 21404 17190 2991 538
is_linear=0
shrinkage=0.1


Tree=28
num_leaves=31
num_cat=0
split_feature=11 20 5 3 1 19 3 5 1 7 1 1 7 9 4 1 1 20 1 1 1 7 4 1 20 1 1 1 20 20
split_gain=94.4717 59.774 36.6681 31.8944 47.5585 38.7231 47.2661 38.8225 50.6344 55.3686 33.6981 69.695 44.9897 52.6967 31.1984 29.3289 25.8335 25.4756 31.0817 53.0727 40.7121 28.0004 30.7107 23.7398 41.8416 37.2338 56.2412 49.4276 27.0454 24.8785
threshold=1.0000000180025095e-35 0.88421228964015974 1.5000000000000002 0.58768656716417922 305.50000000000006 1.0000000180025095e-35 0.51119402985074636 1.5000000000000002 7835.5000000000009 4.5000000000000009 3067.5000000000005 2088.5000000000005 4.5000000000000009 1.0000000180025095e-35 0.06343283582089547 51.500000000000007 16489.000000000004 0.017195134670771783 139.50000000000003 122.50000000000001 166.50000000000003 1.7500000000000002 0.32629310344827595 223.00000000000003 0.44573796689519296 270.50000000000006 274.50000000000006 292.50000000000006 0.41095553580064209 0.73949172190507462
decision_type=2 2 2 2 2 2 2 2 2 2 2 2 2 2 2 2 2 2 2 2 2 2 2 2 2 2 2 2 2 2
left_child=1 3 -3 5 -5 6 17 -7 10 -10 11 15 13 -13 -4 -9 -11 -1 19 -19 -20 23 -23 24 -22 28 -27 -28 -25 -29
right_child=-2 2 14 4 -6 7 -8 8 9 16 -12 12 -14 -15 -16 -17 -18 18 20 -21 21 22 -24 25 -26 26 27 29 -30 -31
leaf_value=-0.02421151741165694 0.033896462062520984 0.020665475339699976 0.04357334313817425 -0.011897528504448092 0.048743798498632633 -0.042763587337436522 -0.080285175559637004 0.023092439959242442 -0.013640527221830141 0.091486399566841278 -0.062226170852959929 0.014929266669132777 -0.15307838673484636 0.12261525425173858 -0.012149231119759313 -0.028901829371216971 0.016704003131149437 -0.020560280361448982 -0.078189201383592102 0.050703457364028176 -0.001436732091091924 0.040990006426682428 -0.049158846667935498 -0.093348358155252567 0.05532643970294833 0.10814600867393205 -0.10205580414299126 -0.0089110348495868488 -0.013999065568056813 0.0077449065274309272
leaf_weight=458.65967176266713 802.43608164187754 1677.1554150801385 116.03486169409007 254.85501464619301 262.5700167362229 479.51945522193273 77.144084644212853 120.29638685024111 222.59508641308639 109.43727641168516 162.88286518072709 156.98984942911193 11.953905663918702 63.955562978051603 749.43279920495115 1105.2712727654798 79.934672916773707 162.26895588162006 68.995909483608557 293.56747297215043 431.65792891767342 267.01013557304395 44.01922822749475 80.137655162310693 185.73707887245109 44.690508300438523 51.436518232512753 2714.2836676851293 92.575496727018617 1339.2622868795297
leaf_count=45502 13044 22200 1506 13250 5372 49612 7048 6291 7131 1595 6924 6344 449 604 16747 112382 2869 20250 8762 8342 15900 4634 2540 7899 2137 633 6243 176607 3699 37768
internal_value=0.000687323 -0.00155497 0.0120388 -0.00525493 0.0188752 -0.00666984 -0.00248997 -0.0171683 -0.0111322 0.0201738 -0.0190867 -0.0142688 0.0358772 0.0461004 -0.0046784 -0.0237983 0.0599204 -0.00152732 0.000274093 0.0253349 -0.00187329 -0.000870493 0.0282315 -0.00270287 0.0156399 -0.00532289 -0.00342941 -0.00464411 -0.0508166 -0.00340803
internal_weight=12686.8 11884.3 2542.62 9341.71 517.425 8824.28 6311.45 2512.84 2033.32 411.967 1621.35 1458.47 232.899 220.945 865.468 1225.57 189.372 6234.3 5775.64 455.836 5319.81 5250.81 311.029 4939.78 617.395 4322.39 4149.67 4104.98 172.713 4053.55
internal_count=614284 601240 40453 560787 18622 542165 347964 194201 144589 11595 132994 126070 7397 6948 18253 118673 4464 340916 295414 28592 266822 258060 7174 250886 18037 232849 221251 220618 11598 214375
is_linear=0
shrinkage=0.1


Tree=29
num_leaves=31
num_cat=0
split_feature=11 20 1 20 4 1 20 20 4 3 3 20 0 3 3 1 5 4 4 0 1 0 1 1 20 20 20 1 1 4
split_gain=80.5629 45.1475 27.6334 35.2516 28.5159 45.9148 66.1181 28.4308 25.8747 78.9214 33.2286 57.5488 31.3778 26.537 34.313 24.5695 22.7349 28.0307 23.2793 21.2344 24.6596 29.6416 25.3722 27.5781 30.3967 48.4621 23.815 21.8312 20.4584 24.7207
threshold=1.0000000180025095e-35 0.940221888383869 67494.500000000015 0.88911681117536079 0.29135572139303489 23098.500000000004 0.2209269493029887 0.65626515006646624 0.074999999999999997 0.49813432835820898 0.56156716417910457 0.50044079361139437 69.580935400151077 0.51119402985074636 0.56156716417910457 666.50000000000011 1.0000000180025095e-35 0.052238805970149259 0.27694859038142633 0.57831060894217357 196.50000000000003 3.687320241915776 192.50000000000003 139.50000000000003 0.12910733939439209 0.44573796689519296 0.28129918036922136 103.50000000000001 94197.000000000015 0.31296641791044782
decision_type=2 2 2 2 2 2 2 2 2 2 2 2 2 2 2 2 2 2 2 2 2 2 2 2 2 2 2 2 2 2
left_child=1 8 4 -4 7 6 -6 -2 10 12 11 -1 -10 19 -15 -16 18 -18 -3 -11 21 -21 23 26 -25 -26 -23 -28 -5 -30
right_child=2 16 3 28 5 -7 -8 -9 9 13 -12 -13 -14 14 15 -17 17 -19 -20 20 -22 22 -24 24 25 -27 27 -29 29 -31
leaf_value=-0.02928470814205783 0.019242002513082279 -0.00052882771768937651 -0.096465209507697339 0.097267680005574578 0.051572674583518545 0.042793832608235202 -0.19798281694799258 0.068926833464602127 -0.059846163505504563 -0.044802324485658906 0.03543978078461494 0.015648089805127909 -0.001835941830151425 -0.087144125189851152 -0.039637989423461917 0.020888968436824279 0.049126551377071073 -0.0018118552595488117 0.04432761102138421 -0.01291946670722976 -0.0050340996703735954 0.0097689781172267485 0.07088719731893367 0.034803820778739746 -0.060118869932705744 0.039813021443822233 -0.13111682532865757 0.062681759785723407 -0.050513597563627735 0.046723042564648883
leaf_weight=442.03752338464255 179.9913298918982 168.02567005902529 33.892289175186306 26.057167435996234 19.239097575860796 77.458694673958234 23.68857947550714 319.80150873342063 374.50853975363134 120.74773652391741 328.64005132688908 802.56758387980517 124.15296601195587 83.560103590891231 158.07477458799258 116.48649637284689 123.94190689502284 841.45629644591827 371.4927477769088 379.59667732959497 6415.1414766694652 232.40614922266104 89.930556960869581 116.71160173264798 151.82341056049336 71.326791597995907 5.9926057867705813 193.60396205773577 52.151994463521987 52.431600569980219
leaf_count=37917 3698 2000 1140 302 2246 1074 1294 1931 92296 14639 10223 23601 10179 6896 11457 2298 1238 12697 2617 37819 308773 11500 1069 2866 8419 919 124 2371 699 702
internal_value=-0.000175004 -0.00225327 0.0308442 -0.00558871 0.0405098 -0.00318114 -0.0861384 0.0510337 -0.00463722 -0.0067864 0.00715759 -0.000310372 -0.0454032 -0.00441937 -0.0310349 -0.0139586 0.0139162 0.00472783 0.0303577 -0.00319381 -0.00253762 0.0103635 0.0206189 0.0147621 -0.00654886 -0.0281771 0.0315278 0.0568632 0.0179875 -0.0017653
internal_weight=12496.9 11712.2 784.712 164.533 620.179 120.386 42.9277 499.793 10207.3 8634.06 1573.25 1244.61 498.662 8135.4 358.121 274.561 1504.92 965.398 539.518 7777.28 7656.53 1241.39 861.795 771.865 339.862 223.15 432.003 199.597 130.641 104.584
internal_count=615004 601918 13086 2843 10243 4614 3540 5629 583366 511625 71741 61518 102475 409150 20651 13755 18552 13935 4617 388499 373860 65087 27268 26199 12204 9338 13995 2495 1703 1401
is_linear=0
shrinkage=0.1


Tree=30
num_leaves=31
num_cat=0
split_feature=20 11 0 5 4 1 1 7 9 1 0 7 1 20 1 18 1 1 1 11 1 1 20 1 4 18 1 5 7 5
split_gain=72.5864 30.74 29.2675 25.967 60.6022 24.16 27.6728 22.498 30.7193 39.8474 30.2059 29.1849 22.7746 48.5798 29.2609 34.5531 26.1095 22.4532 21.773 20.2614 20.1762 19.7035 24.8478 19.3215 18.929 29.2379 27.2701 20.7262 26.194 20.357
threshold=0.940221888383869 1.0000000180025095e-35 33.69417009994774 1.0000000180025095e-35 0.27447318007662841 33892.500000000007 67494.500000000015 1.2500000000000002 1.0000000180025095e-35 10610.000000000002 1.0169974151622001 7.5000000000000009 139.50000000000003 0.28129918036922136 137.50000000000003 1.0000000180025095e-35 66.500000000000014 3873.5000000000005 153.00000000000003 1.0000000180025095e-35 137.50000000000003 67494.500000000015 0.85514137578944538 15533.500000000002 0.33553496883399109 1.0000000180025095e-35 732.50000000000011 1.5000000000000002 5.5000000000000009 2.5000000000000004
decision_type=2 2 2 2 2 2 2 2 2 2 2 2 2 2 2 2 2 2 2 2 2 2 2 2 2 2 2 2 2 2
left_child=1 7 -2 4 23 19 -7 8 10 -10 -1 24 13 14 16 -16 -12 -5 -14 -4 -15 -19 -23 -3 25 29 -27 -26 -29 -9
right_child=2 3 5 17 -6 6 -8 11 9 -11 12 -13 18 20 15 -17 -18 21 -20 -21 -22 22 -24 -25 27 26 -28 28 -30 -31
leaf_value=-0.04080253273645941 0.036002336502461235 0.040111796007280487 -0.0053697931577358395 -0.084573862071418926 -0.13968905470361842 0.052457890384474098 0.0009259700314154549 -0.0090223597220338431 -0.053473289583160832 0.056984497304967067 0.015249841396257083 -0.056142611150887547 -0.066480413522673254 0.054738818414930238 -0.10844001399255812 0.11373339693971957 -0.029773013658455763 0.052643288372738496 -0.0055445909323657283 0.070648173226887614 -0.12722259258009466 -0.15570621939311832 0.017421471470367562 -0.06469688386580473 -0.037777752401938897 -0.13947826155028065 0.043257160427049829 -0.0052252355953111129 0.096808081261876081 0.017810248126276736
leaf_weight=232.30831427613157 636.81659061496612 89.043532048119232 701.60444978915621 14.866166702471672 30.529289932630491 224.09249817859381 194.78941707964987 525.6397043177567 245.6413870402248 37.667389163281769 223.37258513724373 73.697040752798785 59.144970765890321 229.29298002578435 8.6039062557974813 37.552608194062486 304.24119693317334 275.89395094150677 6830.2486447212214 36.906390459742397 6.2600791645236304 9.7535280380398017 55.247644622577354 21.918904802878387 170.57316081385943 8.3718446561833826 333.09006720635807 175.25071730633499 29.378234368981794 611.85785647825105
leaf_count=35945 5326 488 10926 3837 1825 1753 2497 20205 39857 714 18107 4346 8231 2960 1648 508 26350 3578 386855 262 204 333 756 278 9487 851 4268 8391 617 13858
internal_value=0.000178158 -0.0029595 0.0187841 0.0213161 -0.0149196 0.00931031 0.0284944 -0.00414968 -0.00643138 -0.0387873 -0.00527557 0.00557229 -0.00420355 0.0116653 -0.00403263 0.0723187 -0.010712 0.0357276 -0.00606772 -0.00157087 0.049903 0.0409738 -0.00855661 0.0194085 0.00802526 0.0131144 0.0387769 -0.012035 0.00942352 0.00541085
internal_weight=12433.7 10639.4 1794.21 497.253 141.492 1157.39 418.882 10142.2 8214.33 283.309 7931.03 1927.86 7698.72 809.323 573.77 46.1565 527.614 355.761 6889.39 738.511 235.553 340.895 65.0012 110.962 1854.16 1478.96 341.462 375.202 204.629 1137.5
internal_count=615261 594497 20764 11095 2591 15438 4250 583402 521379 40571 480808 62023 444863 49777 46613 2156 44457 8504 395086 11188 3164 4667 1089 766 57677 39182 5119 18495 9008 34063
is_linear=0
shrinkage=0.1


Tree=31
num_leaves=31
num_cat=0
split_feature=1 3 20 3 1 1 1 4 18 16 1 0 1 1 1 0 4 18 1 1 3 10 1 1 3 20 20 1 1 20
split_gain=57.7903 24.2892 31.7487 59.6254 46.0041 45.6488 104.933 42.8683 40.3423 41.6026 41.5789 71.6574 35.445 31.3137 47.9361 25.2636 24.7861 39.2058 49.5883 38.822 29.1395 27.8083 25.5776 34.9865 30.4537 24.0483 29.8866 23.6189 45.7471 53.4805
threshold=10610.000000000002 0.69216417910447781 0.47590895973206648 0.44402985074626872 352.50000000000006 859.50000000000011 877.00000000000011 0.27447318007662841 1.0000000180025095e-35 1.0000000180025095e-35 326.00000000000006 11.850278798175015 1212.0000000000002 987.50000000000011 1047.5000000000002 2.8148990264540319 0.17816091954022989 1.0000000180025095e-35 6608.5000000000009 6201.5000000000009 0.37873134328358216 1.0000000180025095e-35 1364.0000000000002 1422.5000000000002 0.49813432835820898 0.98592335930637953 0.32154975984495543 2200.5000000000005 204.50000000000003 0.061604981372169389
decision_type=2 2 2 2 2 2 2 2 2 2 2 2 2 2 2 2 2 2 2 2 2 2 2 2 2 2 2 2 2 2
left_child=1 2 3 -1 -4 -6 7 -7 27 -10 -11 15 -13 -8 -15 -12 17 22 19 -19 -18 -22 24 -24 -16 26 -2 28 -5 -30
right_child=25 -3 4 8 5 6 13 -9 9 10 11 12 -14 14 16 -17 20 18 -20 -21 21 -23 23 -25 -26 -27 -28 -29 29 -31
leaf_value=-0.065583462642712947 0.047682445508420164 0.032403381877550465 0.038545116264339083 -0.0045263139724798021 -0.026357341036858273 0.11874727233203733 -0.045482136734128153 -0.075536412099589917 -0.0014843492473418933 0.12554205201160884 -0.17164917882679426 0.11059601280387105 -0.078710356974009535 0.072655279152372354 0.046051348511724183 -0.02142129595198838 -0.065609188945919258 -0.0073747007134105109 -0.087719432315575635 0.08690950452606977 -0.001503908281876649 -0.04984238825872217 0.1105601051373965 0.022343772089750313 -0.087750666013405046 0.031362937544386599 0.0044854248029177167 0.0066149339320328397 -0.010553485875835393 -0.052783535766031564
leaf_weight=184.14765196450026 175.81691712408792 187.30818385351449 317.17597845227283 1114.2192844517558 607.47166913253022 102.30768301698845 144.00954941810051 12.775162426172754 1571.5967885059654 49.782817717641592 13.463110520038752 73.606424485333264 11.425959976390002 93.714961962075904 28.028977334382944 66.42425455362536 82.252233209699625 537.96681597951101 71.900264840805903 47.530154923908412 1746.9774919826305 127.71153279347345 47.539280438621063 827.83044127345784 43.270851535256952 588.38773056241916 1799.2040580334724 421.38428751635365 573.04408526972111 629.10422878857935
leaf_count=58564 4046 5554 9889 79565 40030 846 13371 482 103774 215 507 513 300 4438 1601 1481 15662 16261 1538 344 59792 4623 785 18422 2594 5211 43970 11405 46208 63072
internal_value=0.000258989 -0.00325892 -0.00395863 -0.00980469 0.00173004 -0.000852596 0.00310605 0.0971802 -0.00753426 0.00415633 0.0454454 0.0212674 0.0851586 0.000256069 0.00205832 -0.0467386 0.000200424 0.00941542 -0.0093453 0.000279212 -0.00735293 -0.00479692 0.0224434 0.0271346 -0.0351512 0.0136175 0.00833084 -0.015162 -0.0191236 -0.0326532
internal_weight=12297.4 9733.97 9546.66 4708.2 4838.46 4521.29 3913.82 115.083 4524.05 1786.3 214.703 164.92 85.0324 3798.73 3654.72 79.8874 3561.01 1604.07 657.397 585.497 1956.94 1874.69 946.67 875.37 71.2998 2563.41 1975.02 2737.75 2316.37 1202.15
internal_count=615063 561836 556282 365604 190678 180789 140759 1328 307040 106790 3016 2801 813 139431 126060 1988 121622 41545 18143 16605 80077 64415 23402 19207 4195 53227 48016 200250 188845 109280
is_linear=0
shrinkage=0.1


Tree=32
num_leaves=31
num_cat=0
split_feature=20 14 1 1 13 4 1 3 4 1 1 1 1 1 16 1 10 4 3 1 15 8 0 1 1 20 10 10 19 18
split_gain=58.2488 27.911 24.5907 75.7444 56.3471 44.8189 43.9771 31.4221 35.1507 26.8014 69.9704 25.9718 43.251 36.1908 33.0371 26.9504 25.084 23.2903 49.0543 27.464 45.7102 36.3256 33.889 36.1534 32.4271 29.4034 40.1745 29.394 24.0426 23.5936
threshold=0.940221888383869 1.0000000180025095e-35 793.00000000000011 823.50000000000011 1.0000000180025095e-35 0.19284825870646763 740.00000000000011 0.44402985074626872 0.15866858237547896 859.50000000000011 877.00000000000011 987.50000000000011 1102.0000000000002 1160.0000000000002 1.0000000180025095e-35 1176.0000000000002 1.0000000180025095e-35 0.18703358208955229 0.51119402985074636 474.50000000000006 1.0000000180025095e-35 1.0000000180025095e-35 4.6408722425563314 436.50000000000006 456.50000000000006 0.18577854329105339 1.0000000180025095e-35 1.0000000180025095e-35 1.0000000180025095e-35 1.0000000180025095e-35
decision_type=2 2 2 2 2 2 2 2 2 2 2 2 2 2 2 2 2 2 2 2 2 2 2 2 2 2 2 2 2 2
left_child=1 2 6 4 -4 9 7 8 -1 -5 -11 -12 -13 -14 15 16 -15 -9 19 21 27 25 23 29 28 26 -19 -21 -25 -23
right_child=-2 -3 3 5 -6 -7 -8 17 -10 10 11 12 13 14 -16 -17 -18 18 -20 20 -22 22 -24 24 -26 -27 -28 -29 -30 -31
leaf_value=0.0084850602771931374 0.017097818762616152 -0.087634856257586338 0.095774824467831157 -0.067789800827506019 -0.076767413494242598 -0.0086690612629475514 -0.070646529623032625 -0.013253414732682052 -0.088341470381499643 0.10361970297535852 -0.042165423182148165 0.059059650360794441 -0.080989317706371688 0.16994007826040655 -0.033755551829789503 0.0097526587335879118 -0.1027873671809322 -0.0069293410041461655 -0.092284016393197207 -0.030217603924547132 0.30580398462511449 -0.056587527710700226 0.027668151433981821 0.080814157917952323 -0.076552569519812971 -0.064146731081263286 0.17846849789839486 0.07483090596063155 0.34860013358322028 0.003259577631144533
leaf_weight=61.647733062738553 1724.8249439651845 38.57970262283925 131.65895623157849 45.093579555075848 22.104646927211434 3016.29345140855 109.82967699182336 1823.9857931058505 95.686876933759777 77.526056883565616 102.22259111731546 163.35370164740016 46.970567141805077 18.34211612993386 179.13829770431039 2285.9037345997785 4.1321346887852988 413.33293691708241 53.910135133250151 372.33539160071814 4.2809207177488124 108.36506281601032 976.00119708510465 7.1357615345623362 5.7798188558663233 91.59976288760663 12.028138522699008 28.689013505238108 6.32432140794117 167.99255182384513
leaf_count=6722 20492 2163 5535 2735 3029 160583 15195 127140 37197 1076 9902 6183 3576 455 8941 63257 268 31176 6956 38975 139 18115 24331 194 665 11156 1340 1047 214 6257
internal_value=7.00747e-05 -0.00273501 -0.00242102 0.00167624 0.0709706 -0.000117831 -0.00817441 -0.00655201 -0.0504024 0.00870729 0.00990604 0.00731137 0.00918607 0.0059716 0.00761364 0.010824 0.119796 -0.00485761 0.00195527 0.00427102 -0.0192327 0.00959721 0.018684 -0.01098 0.121564 -0.012754 -0.00168676 -0.0227025 0.206635 -0.0202076
internal_weight=12195.1 10470.2 10431.7 6092.74 153.764 5938.98 4338.93 4229.1 157.335 2922.68 2877.59 2800.06 2697.84 2534.49 2487.52 2308.38 22.4743 4071.76 2247.78 2193.86 405.305 1788.56 1271.6 295.598 19.2399 516.961 425.361 401.024 13.4601 276.358
internal_count=615014 594522 592359 265540 8564 256976 326819 311624 43919 96393 93658 92582 82680 76497 72921 63980 723 267705 140565 133609 40161 93448 49776 25445 1073 43672 32516 40022 408 24372
is_linear=0
shrinkage=0.1


Tree=33
num_leaves=31
num_cat=0
split_feature=11 1 1 16 0 20 12 5 0 10 6 17 3 1 18 16 1 0 1 1 1 20 20 1 1 1 20 1 20 7
split_gain=51.8731 30.3175 27.635 20.2656 19.3788 20.8634 38.2887 36.2738 42.2706 35.4505 29.6681 26.8161 24.7977 33.5615 23.3644 34.6615 32.3811 38.0945 29.5787 26.9443 23.8041 24.6562 27.8834 23.855 25.5057 31.9084 22.9007 22.868 22.8125 22.1974
threshold=1.0000000180025095e-35 25377.000000000004 75903.000000000015 1.0000000180025095e-35 112.72540721086301 0.71094166581115481 1.0000000180025095e-35 1.0000000180025095e-35 9.6943707462818267 1.0000000180025095e-35 1.0000000180025095e-35 1.0000000180025095e-35 0.63992537313432851 313.50000000000006 1.0000000180025095e-35 1.0000000180025095e-35 326.00000000000006 5.5767290646309506 1384.0000000000002 13382.000000000002 204.50000000000003 0.024100985822510686 0.47590895973206648 352.50000000000006 523.50000000000011 602.00000000000011 0.046371770698129693 237.50000000000003 0.44069283993303926 1.7500000000000002
decision_type=2 2 2 2 2 2 2 2 2 2 2 2 2 2 2 2 2 2 2 2 2 2 2 2 2 2 2 2 2 2
left_child=1 4 3 -3 5 6 7 8 -1 -7 -11 -10 14 -14 19 29 -17 -18 -19 20 28 27 -23 -24 -25 -26 -21 -22 -9 -16
right_child=-2 2 -4 -5 -6 9 -8 12 11 10 -12 -13 13 -15 15 16 17 18 -20 26 21 22 23 24 25 -27 -28 -29 -30 -31
leaf_value=-0.049364748956945877 0.026344298532346606 0.025355050061447039 -0.023232802006662188 -0.036786654299282906 -0.029884642128971645 0.0063801460985101937 -0.043553476220606464 -0.0038589417183840426 -0.040728328056390303 -0.069279804986591517 -0.0015312747062559264 0.007535872534446094 -0.0042674686281798423 0.062032375809046462 -0.0034403098559258418 0.11931994159801398 -0.073803945419657291 0.060546345376294566 -0.072497992688303842 -0.15028734052262416 -0.12262051737743412 -0.034199504078851264 0.022819901372572379 -0.06248563401746076 0.080865820618409689 -0.01618068180081304 0.036799871472004787 0.0077046964611557555 0.040192589256309384 0.033315967722516417
leaf_weight=365.83125482533069 683.6230295895075 817.37296950566815 165.22214616590645 56.080746660823934 274.11132014426403 3141.4167483468918 263.36788823809911 856.92454489722149 159.37950731284218 117.33226868184283 143.92835937184282 414.5286141152028 166.98615072728717 140.67006234638393 1506.7383100498701 43.669346766546369 33.019908732385375 137.5884509421885 19.020436947001144 6.8046087136026463 13.882736642553935 898.08058840656304 188.26501614085282 106.02890996895439 37.165336507372558 383.28601330582751 170.01925981399836 446.29615078380448 136.24895771394949 184.40967163443565
leaf_count=58417 12948 15428 3643 1103 9631 91149 56380 56689 16390 3848 3672 21729 5899 1954 88271 207 902 1523 604 333 1503 81114 6636 6997 1829 26782 4120 30809 1492 2757
internal_value=-0.000411003 -0.00201633 0.014271 0.0213652 -0.00365005 -0.0029367 -0.00618401 -0.00464977 -0.0228006 0.00343657 -0.0319572 -0.00586754 -0.00153439 0.0260469 -0.00317651 0.0055524 0.0416855 0.0238072 0.0443879 -0.00835638 -0.0105453 -0.016644 -0.0224695 -0.00773075 -0.0186554 -0.00760236 0.0296003 0.00377303 0.00218429 0.000567745
internal_weight=12077.3 11393.7 1038.68 873.454 10355 10080.9 6678.21 6414.84 939.739 3402.68 261.261 573.908 5475.1 307.656 5167.45 1924.45 233.298 189.629 156.609 3243 3066.18 2073 1612.83 714.745 526.48 420.451 176.824 460.179 993.174 1691.15
internal_count=614759 601811 20174 16531 581637 572006 473337 416957 96536 98669 7520 38119 320421 7853 312568 94264 3236 3029 2127 218304 213851 155670 123358 42244 35608 28611 4453 32312 58181 91028
is_linear=0
shrinkage=0.1


Tree=34
num_leaves=31
num_cat=0
split_feature=11 4 3 0 12 4 1 16 20 1 0 1 1 1 1 1 20 4 4 20 1 14 20 0 1 3 20 4 0 12
split_gain=47.9758 29.0088 48.3408 35.0157 33.5703 44.5313 21.609 30.7571 25.4664 25.5767 22.4493 22.3699 23.7431 27.4609 38.0142 19.0875 35.3558 33.0772 20.8052 19.4317 28.5184 18.5668 17.9276 17.263 16.9633 16.9377 18.5663 16.8393 15.7425 15.3702
threshold=1.0000000180025095e-35 0.041666666666666664 0.44402985074626872 34.269177493652457 1.0000000180025095e-35 0.39172885572139315 24327.500000000004 1.0000000180025095e-35 0.89965401021936353 67494.500000000015 67.68659019904031 1027.0000000000002 1102.0000000000002 1384.0000000000002 1422.5000000000002 47190.500000000007 0.56977839954494269 0.30150254474752686 0.13777985074626864 0.10747110496006158 23098.500000000004 1.0000000180025095e-35 0.0035323332707490611 37.18684609972977 1741.0000000000002 0.56156716417910457 0.51605052850477839 0.15466954022988508 53.990770619285101 1.0000000180025095e-35
decision_type=2 2 2 2 2 2 2 2 2 2 2 2 2 2 2 2 2 2 2 2 2 2 2 2 2 2 2 2 2 2
left_child=1 23 3 27 6 -6 10 8 -8 -10 21 -12 -13 -14 -15 17 -17 -2 -18 -19 -21 22 -4 25 -16 26 -1 29 -20 -3
right_child=15 2 4 -5 5 -7 7 -9 9 -11 11 12 13 14 24 16 18 19 28 20 -22 -23 -24 -25 -26 -27 -28 -29 -30 -31
leaf_value=-0.026596314726289379 0.04791078573002807 -0.039616158168587358 -0.022039153660407942 -0.0091643958912563262 -0.044317270928347141 0.070976343634575209 -0.024755014967427824 -0.06752493199334629 0.034928455452614103 -0.017718182326316324 -0.08556793323782988 0.083727384533082844 -0.080249746336188671 0.1149942641277044 -0.067536235231098404 -0.16001766682144214 -0.050720674095696118 0.061908503524002373 -0.016697525940694416 -0.14495066826718525 0.0047726514507202625 -0.073734745179165159 0.0008938270742354711 0.032065454450126062 -0.010706797475472991 0.031098748268943995 0.011453419264150526 -0.07789780254467886 0.047299910545983891 0.085865857409205104
leaf_weight=217.62112536435598 396.85732156125596 101.47416760638589 357.77864584229246 334.66868675515434 315.97598717696383 37.473914555186639 113.48649736889638 43.218559961183928 570.51878641801886 110.08464297396131 46.17346405988792 24.126605608966202 62.985152745619416 23.04896817356348 57.526226938818581 12.794068800169041 43.68080432782881 18.484487452107714 57.034828122938052 21.74111450946657 30.665691350062843 34.48249904520344 7217.3936892541678 347.6917935924721 604.11736488353927 183.20409227418713 312.23017328523565 162.61251259302662 117.87628074060194 10.800450615497537
leaf_count=21445 5112 11540 29284 25967 43582 4600 6123 996 4907 2065 3638 656 3216 451 2650 574 659 1690 1585 1726 298 2041 340488 7400 14107 6090 8660 60024 1407 1359
internal_value=-0.000370206 -0.00194455 -0.00357705 -0.0308861 -0.00184637 -0.0320935 -0.000692467 0.0146292 0.0191005 0.0264131 -0.00221472 -0.0179567 -0.0139119 -0.0170626 -0.01125 0.0250502 0.00155757 0.0366715 0.0110145 -0.026247 -0.0573405 -0.000522572 -0.000189307 0.0137964 -0.0156478 0.00488826 -0.00417441 -0.0573318 0.0264317 -0.0275452
internal_weight=11987.8 11288.7 10227.9 609.556 9618.39 353.45 9264.94 837.308 794.09 680.603 8427.63 817.978 771.804 747.678 684.693 699.135 231.386 467.749 218.592 70.8913 52.4068 7609.65 7575.17 1060.75 661.644 713.055 529.851 274.887 174.911 112.275
internal_count=614340 601289 557694 98890 458804 48182 410622 14091 13095 6972 396531 24718 21080 20424 17208 13051 4225 8826 3651 3714 2024 371813 369772 43595 16757 36195 30105 72923 2992 12899
is_linear=0
shrinkage=0.1


Tree=35
num_leaves=31
num_cat=0
split_feature=11 20 0 4 10 4 20 0 3 1 3 6 4 17 1 0 1 1 1 1 1 4 7 7 19 4 4 4 1 1
split_gain=52.7723 26.1995 26.3414 30.3574 23.6488 20.8861 20.1104 18.1183 18.775 17.3854 20.0792 17.044 20.3452 32.1699 24.4733 25.4601 16.4347 15.0641 29.1649 19.5235 37.547 32.9037 16.3084 27.7733 27.699 16.9457 14.5965 14.2592 26.8325 27.1942
threshold=1.0000000180025095e-35 0.87408394402281786 67.68659019904031 0.08620689655172413 1.0000000180025095e-35 0.27694859038142633 0.99999855885341915 0.19676855565037307 0.69216417910447781 313.50000000000006 0.74440298507462699 1.0000000180025095e-35 0.27950870646766179 1.0000000180025095e-35 47190.500000000007 59.411781967137578 1723.5000000000002 3873.5000000000005 4203.5000000000009 17959.000000000004 15533.500000000002 0.36628352490421462 3.5000000000000004 1.7500000000000002 1.0000000180025095e-35 0.23025497512437809 0.34850746268656724 0.30320273631840805 122.50000000000001 139.50000000000003
decision_type=2 2 2 2 2 2 2 2 2 2 2 2 2 2 2 2 2 2 2 2 2 2 2 2 2 2 2 2 2 2
left_child=1 7 4 -4 17 -6 11 -1 27 -10 -11 12 14 -14 -2 -16 -5 -3 -19 20 21 22 23 -20 -25 -24 -7 28 -9 -30
right_child=6 2 3 16 5 26 -8 8 9 10 -12 -13 13 -15 15 -17 -18 18 19 -21 -22 -23 25 24 -26 -27 -28 -29 29 -31
leaf_value=-0.065210496141742222 0.04057630719679077 0.034021669459703328 0.033894381205168578 -0.072260219074505222 -0.054122667193436572 0.048676794405589849 0.067426762017820163 -0.026881229946945858 0.0033686013872348958 0.10299364179707163 -0.017524967003831368 0.05983329990245026 0.0079706884544454119 -0.10357596844904012 -0.11823268268225884 0.008719649403850489 -0.012448879763220613 -0.10072510647033417 -0.0050408841905350762 0.025331488902327139 -0.1151996640929302 0.050061418620479338 0.090131825646782043 -0.15145899156572765 0.010120185603774234 -0.1883433545429368 -0.029265090551538416 -0.011999140061096236 0.028451350165180824 -0.0020682345576308698
leaf_weight=48.239119031684822 263.6052468844573 438.14360394247342 142.74896629760042 49.824309027579147 89.766871470259503 52.275889007607475 104.66703593626153 412.75965944050404 104.40342114577652 48.239356959238648 19.377173426561058 89.959647921350552 102.02641678784858 34.630124023417011 20.302258685231209 71.189713438972831 589.32443721423624 22.427761280210689 224.69394014589489 661.82310290366877 27.392990209162235 119.08640066030785 23.259358112933118 28.303739962168038 16.970842963200994 2.4117606631480148 44.464586872723885 1919.277502530349 307.31884224599344 5840.5805472298962
leaf_count=6016 3919 7913 2118 2613 2157 572 686 45139 3980 610 529 1395 4350 1236 567 949 13095 474 3848 7716 461 1840 218 703 564 113 742 177620 11452 311167
internal_value=0.000155678 -0.0014891 0.00746146 -0.00779943 0.014276 -0.0193829 0.0270736 -0.0040949 -0.00375415 0.0289528 0.0684561 0.0198129 0.0124917 -0.0202963 0.02511 -0.0194513 -0.0171114 0.0182885 0.0121686 0.0144621 -0.00180862 0.00568095 -0.0121959 -0.0194384 -0.0908922 0.0639695 0.0128526 -0.00441763 -0.00219971 -0.000542633
internal_weight=11919.5 11233.1 2532.92 781.898 1751.02 186.507 686.38 8700.2 8651.96 172.02 67.6165 581.713 491.754 136.657 355.097 91.492 639.149 1564.51 1126.37 1103.94 442.119 414.726 295.64 269.969 45.2746 25.6711 96.7405 8479.94 6560.66 6147.9
internal_count=614762 601660 45147 17826 27321 3471 13102 556513 550497 5119 1139 12416 11021 5586 5435 1516 15708 23850 15937 15463 7747 7286 5446 5115 1267 331 1314 545378 367758 322619
is_linear=0
shrinkage=0.1


Tree=36
num_leaves=31
num_cat=0
split_feature=1 10 20 20 17 5 12 10 3 6 1 8 1 1 20 18 4 18 5 0 1 4 4 4 1 3 4 19 20 1
split_gain=43.1399 24.0709 26.3663 18.5478 40.7181 38.8588 34.9124 34.454 30.7586 24.7384 24.3329 21.2111 35.2641 43.7574 38.376 29.9674 24.4388 36.127 35.1581 20.6172 20.2597 28.6414 19.7293 19.2894 19.2345 18.542 20.9102 24.3638 20.4186 18.5611
threshold=10610.000000000002 1.0000000180025095e-35 0.99999855885341915 0.56398194235936749 1.0000000180025095e-35 1.0000000180025095e-35 1.0000000180025095e-35 1.0000000180025095e-35 0.44402985074626872 1.0000000180025095e-35 908.00000000000011 1.0000000180025095e-35 1723.5000000000002 1936.0000000000002 0.85514137578944538 1.0000000180025095e-35 0.20857279693486594 1.0000000180025095e-35 1.5000000000000002 9.5433360994580294 1723.5000000000002 0.20057471264367818 0.052238805970149259 0.10153256704980844 237.50000000000003 0.22201492537313436 0.10678646994910503 1.0000000180025095e-35 0.25113437415743511 25377.000000000004
decision_type=2 2 2 2 2 2 2 2 2 2 2 2 2 2 2 2 2 2 2 2 2 2 2 2 2 2 2 2 2 2
left_child=3 2 25 5 10 19 8 -6 22 -9 23 -12 16 -14 -15 -16 17 -13 -18 -1 -11 -22 -7 -5 -21 -2 27 -27 -28 -30
right_child=1 -3 -4 4 7 6 -8 9 -10 20 11 12 13 14 15 -17 18 -19 -20 24 21 -23 -24 -25 -26 26 28 -29 29 -31
leaf_value=-0.050214007718679579 -0.02657836225259945 -0.022061397842189159 0.039452240710362935 0.027368285009355349 0.018826662696324707 0.032648724983347796 -0.048193509358036832 -0.071390104527450399 -0.0011334197241791555 -0.063898690489301302 -0.010053848699535097 0.082652117839737624 0.10392398697829119 -0.12937328359095007 0.071843723505046239 -0.027750508727722386 -0.0087992896348053368 -0.013356597337321884 -0.11317898733056771 0.035121352088415318 0.058256928510204281 -0.052073196397134806 -0.070014458752135092 -0.078983971616070445 -0.027612616735480613 0.069900454646253427 0.04937066630600729 0.015338869146323514 -0.01019319488854188 0.01401974905680612
leaf_weight=295.91264186461194 129.71258899039822 194.21931276016403 359.56962718628347 21.943445330718532 1516.8245082792128 22.889217028045096 173.71757486522256 72.648528099991381 4430.6005571485293 36.697630956303328 1730.0510362176428 59.441831003292464 77.773402661448927 17.219476381316781 71.813313434831798 52.152884841896594 138.40590360473288 115.05499967420474 42.080820748931728 65.864079845370725 72.017447727033868 34.946775005897507 102.74398648012721 76.536275276142987 189.463111772704 124.15323433745652 105.30868232483044 240.13851586164674 556.72030466684373 734.02817509009037
leaf_count=57551 5136 4855 2979 1991 42648 1827 44048 2713 242023 1460 68052 2127 1987 776 1434 962 8229 3883 2904 2439 1507 1546 40900 10463 20305 1017 2763 4736 16143 15463
internal_value=-0.000123201 0.0117154 0.0146315 -0.00319555 0.00181967 -0.00712289 -0.00419456 0.0135022 -0.00251699 -0.0238342 -0.00660806 -0.0045274 0.0121311 0.0436924 0.0105133 0.0299442 -0.00733636 0.0193485 -0.0331356 -0.0322497 0.000214354 0.0222105 -0.0513102 -0.0552864 -0.0114298 0.0099095 0.0125981 0.0339338 0.00703072 0.00357632
internal_weight=11860.6 2443.85 2249.63 9416.8 4135.61 5281.19 4729.95 1733.13 4556.23 216.31 2402.47 2303.99 573.943 218.959 141.186 123.966 354.984 174.497 180.487 551.24 143.662 106.964 125.633 98.4797 255.327 1890.06 1760.35 364.292 1396.06 1290.75
internal_count=614867 53092 48237 561775 152682 409093 328798 49874 284750 7226 102808 90354 22302 5159 3172 2396 17143 6010 11133 80295 4513 3053 42727 12454 22744 45258 40122 5753 34369 31606
is_linear=0
shrinkage=0.1


Tree=37
num_leaves=31
num_cat=0
split_feature=1 1 11 9 7 4 7 18 7 4 4 3 4 0 1 4 1 18 1 1 1 1 0 1 1 1 1 0 19 1
split_gain=38.6971 19.7578 18.5015 22.022 26.7868 20.4964 17.3586 17.4031 17.0652 16.6817 16.6475 47.5395 22.3704 16.3588 15.6421 17.8184 16.962 23.084 18.5069 15.6537 27.2653 18.5286 15.1022 20.8526 24.0743 22.4162 19.733 17.913 41.3961 31.9879
threshold=10610.000000000002 75903.000000000015 1.0000000180025095e-35 1.0000000180025095e-35 2.5000000000000004 0.3702825670498085 3.5000000000000004 1.0000000180025095e-35 1.7500000000000002 0.45009578544061307 0.052238805970149259 0.44402985074626872 0.16266762452107283 5.0456049600372941 37272.500000000007 0.16920426602619093 24327.500000000004 1.0000000180025095e-35 28587.500000000004 23098.500000000004 33892.500000000007 25377.000000000004 44.78399402639274 1027.0000000000002 1102.0000000000002 1160.0000000000002 1190.5000000000002 13.05104893508603 1.0000000180025095e-35 1723.5000000000002
decision_type=2 2 2 2 2 2 2 2 2 2 2 2 2 2 2 2 2 2 2 2 2 2 2 2 2 2 2 2 2 2
left_child=10 2 3 -2 5 14 7 -6 -7 -4 -1 12 -12 -8 15 19 -17 18 -18 -5 21 -21 27 -24 -25 -26 -27 -13 -29 -30
right_child=1 -3 9 4 6 8 13 -9 -10 -11 11 22 -14 -15 -16 16 17 -19 -20 20 -22 -23 23 24 25 26 -28 28 29 -31
leaf_value=0.0093904182355696447 -0.0059235945493138018 -0.013805317238599919 0.038791087737688926 0.082437148834173621 -0.05559657540601326 0.065386529875519184 -0.14918736403287366 0.037639570681402952 -0.033985070773000059 -0.22933431322677389 -0.0024291646240226974 -0.0062772556290192827 -0.060508403698383187 0.014438558291020582 0.083353306388042073 -0.057878839705224332 0.095009308064599313 0.074854010335307405 -0.089612943366229214 0.023319922154338174 0.1030910406112544 -0.17172514431306674 -0.05124805866379617 0.056802795139705889 -0.09367518500294636 0.076622880475730987 -0.01132587108400636 0.0077054400664306501 -0.065048978763316542 -0.004048280107199001
leaf_weight=990.69160564028425 555.34639900014736 277.22826663241722 315.75437718402827 92.430360364727676 75.180546473478898 24.312685449142009 6.1604794975719406 27.285528282402083 59.75949162710458 2.337584303924813 95.758205046622606 3251.8036196698522 215.70992023184954 747.13759890990332 98.850383310578763 30.309273581719026 7.3882102284114834 45.598176943138242 20.480838876683265 9.6805797200649977 15.443654413335024 9.8021909738890827 126.53293950721854 53.823793102928903 32.363221160485409 26.133496793569066 1071.5408398258733 3144.4972065706679 141.89940447817207 218.07734684890602
leaf_count=47811 11807 5916 4688 745 3643 253 549 310 1356 197 13003 240475 76067 21515 493 765 26 251 381 56 99 127 10843 1728 2158 838 31449 111302 16684 9409
internal_value=4.40237e-05 0.0113156 0.014565 0.0106863 0.0179505 0.0388308 0.00784767 -0.0307689 -0.00524797 0.0368207 -0.00286806 -0.00431759 -0.0426524 0.0131004 0.050061 0.0358227 0.00506416 0.0310316 -0.0406688 0.0608862 0.00385296 -0.0748113 -0.00283741 -0.0126623 -0.00853816 -0.0116504 -0.00923198 -0.000931862 0.00402813 -0.0280942
internal_weight=11789.3 2420.49 2143.26 1825.17 1269.82 414.056 855.764 102.466 84.0722 318.092 9368.83 8378.14 311.468 753.298 329.984 231.133 103.776 73.4672 27.869 127.357 34.9264 19.4828 8066.67 1310.39 1183.86 1130.04 1097.67 6756.28 3504.47 359.977
internal_count=614944 53177 47261 42376 30569 4552 26017 3953 1609 4885 561767 513956 89070 22064 2943 2450 1423 658 407 1027 282 183 424886 47016 36173 34445 32287 377870 137395 26093
is_linear=0
shrinkage=0.1


Tree=38
num_leaves=31
num_cat=0
split_feature=11 1 4 1 10 4 3 3 3 1 15 1 1 1 1 10 13 1 1 17 18 0 18 4 16 1 4 1 4 8
split_gain=32.0275 22.741 37.4454 35.9838 81.6178 24.1605 40.6006 41.1881 22.1862 21.1616 53.8619 52.4017 61.3894 40.2822 47.1763 32.6553 29.1996 31.5084 39.1879 36.5677 27.7523 26.3662 26.3366 24.7442 21.984 23.1374 21.5391 21.1875 23.0573 21.0123
threshold=1.0000000180025095e-35 626.50000000000011 0.11302681992337164 534.50000000000011 1.0000000180025095e-35 0.17913557213930356 0.51119402985074636 0.49813432835820898 0.37873134328358216 877.00000000000011 1.0000000180025095e-35 1027.0000000000002 1047.5000000000002 793.00000000000011 740.00000000000011 1.0000000180025095e-35 1.0000000180025095e-35 823.50000000000011 859.50000000000011 1.0000000180025095e-35 1.0000000180025095e-35 26.968050425459641 1.0000000180025095e-35 0.45009578544061307 1.0000000180025095e-35 25377.000000000004 0.27950870646766179 67494.500000000015 0.42913557213930359 1.0000000180025095e-35
decision_type=2 2 2 2 2 2 2 2 2 2 2 2 2 2 2 2 2 2 2 2 2 2 2 2 2 2 2 2 2 2
left_child=1 3 -3 5 -5 -1 7 -7 -4 10 13 23 22 14 20 16 17 -15 -19 -20 -10 -22 -13 -11 25 -14 -21 28 -27 -9
right_child=-2 2 8 4 -6 6 -8 29 9 11 -12 12 24 15 -16 -17 -18 18 19 26 21 -23 -24 -25 -26 27 -28 -29 -30 -31
leaf_value=-0.015069316980413597 0.021904401594594794 0.014636008459676284 -0.029160479134444684 -0.074552409876763231 0.10817272464472694 -0.083385924309787904 -0.091910626556673813 -0.010055482102493421 -0.026715624060830584 -0.062020899501913987 0.20682590243937005 0.11213554075105447 -0.0033338739352615173 0.096706407649617437 -0.088469169209391352 -0.12527505007965686 -0.061729952164624215 -0.032718653055407484 -0.072986029982676587 0.10908244786014086 0.059483936543533816 -0.041338047763389167 -0.11044903109661247 0.12725604061993995 -0.024807910267630628 0.031827909422857306 -0.092933477192328584 -0.0251546640435103 -0.03551262692449187 0.012784335033303446
leaf_weight=1455.1433732055739 635.58188093471108 1787.1856142139877 285.16040810407867 172.70182946692512 28.47541299572913 52.693848445749609 45.257215613586595 565.83881772392488 133.23835161674651 179.92013830624637 14.497576170717364 62.631240488844924 3362.6089864855458 106.45875742397038 64.631283122347668 11.70221842243336 23.522852559632156 65.873324319865787 15.515417991206048 74.392146047204733 112.97223796066828 33.668096417735796 5.8088372209458603 7.1825414130580603 391.80048819509102 495.40121197456028 5.6808707640739149 99.784464523079805 56.661261508357711 1397.9361578657554
leaf_count=104953 13076 60126 53284 27364 1002 26123 6542 49874 12074 20063 167 1365 118420 3121 8145 643 3399 3044 1337 409 8881 3039 379 788 18260 7210 188 2650 1371 57844
internal_value=7.20683e-05 -0.00117643 0.00203068 -0.00755632 -0.0486888 -0.00520339 0.00175986 0.00386219 -0.00198566 -0.000530125 0.0161983 -0.00290619 -0.00073822 0.0119311 -0.0114631 0.0385175 0.0450942 0.0544732 0.026627 0.0675241 0.00631957 0.0363356 0.0932437 -0.0547549 -0.00219799 8.67752e-06 0.0947502 0.0172515 0.0249164 0.00620331
internal_weight=11749.9 11114.3 7396.3 3718.05 201.177 3516.87 2061.73 2016.47 5609.11 5323.95 662.153 4661.8 4474.7 647.656 344.51 303.146 291.443 267.921 161.462 95.5884 279.879 146.64 68.4401 187.103 4406.26 4014.46 80.073 651.847 552.062 1963.77
internal_count=615141 602065 328363 273702 28366 245336 140383 133841 268237 214953 44447 170506 149655 44280 32139 12141 11498 8099 4978 1934 23994 11920 1744 20851 147911 129651 597 11231 8581 107718
is_linear=0
shrinkage=0.1


Tree=39
num_leaves=31
num_cat=0
split_feature=11 1 1 4 1 20 1 1 12 1 1 3 1 17 20 16 18 1 1 0 10 18 1 1 1 20 1 1 1 20
split_gain=31.879 21.7102 48.8158 28.6618 20.0882 20.4431 18.956 55.9386 23.4043 23.0738 73.863 56.7575 38.5511 51.2914 25.8741 26.4897 44.1789 42.4815 32.5802 32.401 45.4507 26.4214 23.7742 23.7418 35.55 22.1951 22.1757 21.0666 37.1516 32.6153
threshold=1.0000000180025095e-35 586.50000000000011 534.50000000000011 0.13805970149253743 602.00000000000011 0.35681467881536183 512.50000000000011 474.50000000000006 1.0000000180025095e-35 345.00000000000006 305.50000000000006 0.58768656716417922 361.50000000000006 1.0000000180025095e-35 0.45582702430331995 1.0000000180025095e-35 1.0000000180025095e-35 196.50000000000003 298.50000000000006 2.8148990264540319 1.0000000180025095e-35 1.0000000180025095e-35 139.50000000000003 177.00000000000003 180.50000000000003 0.09983588911019764 177.00000000000003 274.50000000000006 263.50000000000006 0.32802769741684773
decision_type=2 2 2 2 2 2 2 2 2 2 2 2 2 2 2 2 2 2 2 2 2 2 2 2 2 2 2 2 2 2
left_child=1 2 6 -3 5 -5 7 9 -9 10 14 -12 -11 25 15 17 -17 19 27 20 -1 -20 -21 -24 -25 -14 -22 28 29 -19
right_child=-2 3 -4 4 -6 -7 -8 8 -10 12 11 -13 13 -15 -16 16 -18 18 21 22 26 -23 23 24 -26 -27 -28 -29 -30 -31
leaf_value=-0.034807788435907504 0.021790727192829467 0.010752698008373375 -0.0756239431949675 -0.030462539246204536 -0.0030158895802146141 0.1341585466890782 0.038240715913487822 -0.090899652831552061 0.05375773095072725 0.057390891607320853 -0.10299682922102615 0.1047180237894714 0.0046624604475627744 -0.048032629108129964 0.021798809308930567 0.0033607983817872974 0.11799163717061206 -0.085383180935996339 -0.10475961389886315 0.018589101702819487 0.0991360022970042 0.11476962924027855 -0.042812915656804403 0.096229796875194201 -0.010207247081282705 0.056124158678426767 0.45030271200618516 -0.097400670576881954 0.035247629896186863 -0.020700394008718093
leaf_weight=369.87426484482421 632.01855267505744 2408.9001261005469 102.72125879427767 11.728744857769923 5014.4162171717289 21.140323925064877 95.571643969946308 103.2459306458768 12.543228723428909 143.69747264547914 121.98752357621561 14.745003091520628 344.79979119365453 164.10533242752717 312.55979235473205 224.78782987874001 39.534133296459913 144.78611218192964 7.2275827730482005 567.21739390125003 8.2033122938883007 22.705087588634342 161.63646944380525 37.536052883195225 191.33942379584187 110.72099892282858 2.3031241759599643 67.640229227588861 60.134942902426701 168.88492025030428
leaf_count=57107 13045 84754 18625 1790 251763 292 8651 11069 1826 6874 12287 338 19127 17657 9674 6477 212 18194 1202 24813 1301 373 12795 1706 7140 3382 334 9708 4485 8631
internal_value=-5.25034e-05 -0.0013011 -0.00767779 0.00177814 -0.00250512 0.0754164 -0.00568238 -0.00691623 -0.0752292 -0.00450939 -0.00911815 -0.0805972 0.0107245 -9.79175e-05 -0.00502259 -0.00906505 0.0205059 -0.0133846 -0.0392003 -0.00429052 -0.0289819 0.0617618 0.00551614 -0.0134723 0.00724865 0.017171 0.176116 -0.0460461 -0.0367535 -0.0505571
internal_weight=11688.7 11056.7 3600.51 7456.19 5047.29 32.8691 3497.79 3402.22 115.789 3286.43 2523.1 136.733 763.324 619.626 2386.37 2073.81 264.322 1809.49 471.379 1338.11 380.381 29.9327 957.729 390.512 228.875 455.521 10.5064 441.446 373.806 313.671
internal_count=615632 602587 263988 338599 253845 2082 245363 236712 12895 223817 176777 12625 47040 40166 164152 154478 6689 147789 42593 105196 58742 1575 46454 21641 8846 22509 1635 41018 31310 26825
is_linear=0
shrinkage=0.1


Tree=40
num_leaves=31
num_cat=0
split_feature=20 14 7 1 1 4 3 1 1 1 1 1 1 1 18 20 13 1 17 18 3 3 1 1 1 6 18 1 15 1
split_gain=27.4385 20.2853 14.9536 15.1528 25.9773 21.6918 20.2884 16.1027 28.6035 58.9036 46.9827 40.8925 51.9617 34.1931 42.0801 37.8944 30.9791 27.8666 27.7029 26.0228 26.0009 33.7814 23.6168 40.8803 21.4825 21.1699 24.4853 20.791 16.744 16.6307
threshold=0.95533903296776679 1.0000000180025095e-35 7.5000000000000009 122.50000000000001 80.500000000000014 0.29393978383942371 0.69216417910447781 626.50000000000011 877.00000000000011 859.50000000000011 823.50000000000011 1027.0000000000002 1047.5000000000002 793.00000000000011 1.0000000180025095e-35 0.28860574634206371 1.0000000180025095e-35 706.50000000000011 1.0000000180025095e-35 1.0000000180025095e-35 0.63992537313432851 0.48320895522388069 180.50000000000003 177.00000000000003 701.00000000000011 1.0000000180025095e-35 1.0000000180025095e-35 643.50000000000011 1.0000000180025095e-35 94197.000000000015
decision_type=2 2 2 2 2 2 2 2 2 2 2 2 2 2 2 2 2 2 2 2 2 2 2 2 2 2 2 2 2 2
left_child=1 2 3 4 -1 6 7 22 9 10 13 -10 19 14 20 17 -15 24 -11 -13 21 -9 23 -5 27 26 -25 -16 29 -14
right_child=-2 -3 -4 5 -6 -7 -8 8 11 18 -12 12 28 16 15 -17 -18 -19 -20 -21 -22 -23 -24 25 -26 -27 -28 -29 -30 -31
leaf_value=-0.004060509923755804 0.013395906518674625 -0.078795976136655399 -0.046349471334455709 0.0056672014447367242 -0.050174648907028524 -0.0084566475083200435 0.052314283173634894 0.0464534366219524 -0.046313398557716434 -0.049868784727876647 -0.065299025204825542 0.10002235200754683 0.0034647676926779915 0.08345927881798329 0.13258255300440033 -0.030713232144412878 -0.078378737287135042 0.024983543635863949 0.1019074030121821 -0.12578768014206301 0.091079178393496635 -0.06274318259668353 -0.010333570008647106 -0.073276208037132806 0.20198457386234275 0.33305726476427738 0.12935369613105716 -0.012393138742990839 -0.078665925810426224 -0.076574948931338857
leaf_weight=442.7969413055107 1284.4012750418624 34.374747506459244 74.957293873827439 505.53201636808808 168.70042717468459 2545.177017530692 80.236952239880338 35.994218723746599 168.48127767734695 13.462110054097137 72.007817663965398 73.441566904133651 3572.6586688847601 111.87435970499064 25.537220398429781 54.08631638935185 13.226268351019824 68.736682274204213 112.72397688683122 5.4846255982411085 16.762342921458185 133.06658870540559 1840.5252716086252 7.5424030545545966 20.244536829763092 3.8701416115800376 28.486482962965965 16.146491956606042 25.355374238453805 26.149722796864808
leaf_count=42870 15637 2156 4511 25565 20637 195840 1721 5476 17706 989 4408 1491 116929 3086 1645 6050 1963 3653 633 332 282 11723 123061 1377 522 304 213 2026 1111 769
internal_value=-0.000385898 -0.00210487 -0.00184801 -0.0015206 -0.0167825 -0.000546102 0.00231721 0.00174011 0.0052195 0.0239165 0.0101798 0.00186859 0.00406075 0.0211447 0.00588444 0.0396798 0.0663489 0.0688177 0.0857152 0.0843307 -0.027716 -0.0394945 -0.00491757 0.0133584 0.117471 0.110808 0.0869345 0.0764252 0.00231265 0.00288318
internal_weight=11582 10297.6 10263.3 10188.3 611.497 9576.81 7031.63 6951.4 4565.44 693.869 567.683 3871.57 3703.09 495.675 370.574 184.751 125.101 130.665 126.186 78.9262 185.823 169.061 2385.96 545.431 61.9282 39.899 36.0289 41.6837 3624.16 3598.81
internal_count=614686 599049 596893 592382 63507 528875 333035 331314 180794 42456 40834 138338 120632 36426 31377 13896 5049 7846 1622 1823 17481 17199 150520 27459 4193 1894 1590 3671 118809 117698
is_linear=0
shrinkage=0.1


Tree=41
num_leaves=31
num_cat=0
split_feature=11 4 3 0 12 4 1 4 20 1 20 1 0 0 20 19 0 1 8 1 0 1 1 1 3 3 1 7 1 20
split_gain=27.1598 19.1964 28.7144 23.1761 22.7265 39.5421 17.8382 27.9509 25.7786 17.9955 26.9678 17.8502 17.7689 17.6022 23.4295 37.7782 23.4683 19.9372 19.1221 18.9856 15.8261 15.6244 20.8563 20.7054 14.7409 30.3211 16.5592 20.5104 57.0633 38.8299
threshold=1.0000000180025095e-35 0.067164179104477681 0.49813432835820898 59.411781967137578 1.0000000180025095e-35 0.40738119746097107 47190.500000000007 0.28637702293132045 0.52115977695809612 23098.500000000004 0.2209269493029887 3873.5000000000005 75.888150891181155 86.46692445718601 0.88421228964015974 1.0000000180025095e-35 23.590134092139383 18911.000000000004 1.0000000180025095e-35 32675.000000000004 12.876712585216536 33892.500000000007 67494.500000000015 28587.500000000004 0.51119402985074636 0.56156716417910457 1229.0000000000002 1.7500000000000002 2200.5000000000005 0.69642300303643756
decision_type=2 2 2 2 2 2 2 2 2 2 2 2 2 2 2 2 2 2 2 2 2 2 2 2 2 2 2 2 2 2
left_child=1 3 12 -1 13 -6 7 11 -8 10 -9 -2 -3 14 17 16 19 24 21 -16 -21 23 -23 -17 26 -26 -4 29 -29 -28
right_child=6 2 4 -5 5 -7 8 9 -10 -11 -12 -13 -14 -15 15 18 -18 -19 -20 20 -22 22 -24 -25 25 -27 27 28 -30 -31
leaf_value=0.0040215689538109431 -0.091291403296227494 -0.038329550587498463 0.0036515774364819921 0.037526702805142212 -0.040013720574629028 0.080295919824844381 -0.22102755828169182 0.032625044082454389 0.0025299644297483086 0.026714830379174988 -0.13841307829310528 0.049102920650967614 0.0014170496715520471 -0.017951951781334793 0.039314367244371699 0.019566876211058244 -0.010915828971553484 -0.05132464331722994 0.080946392570750259 -0.11935745327458112 0.0034274275916875681 0.050449165955651909 -0.037787537364437962 -0.063749082235413909 -0.092369246583647799 -0.0080157164364805349 -0.036245654696639679 -0.109580911899469 0.016174615875766248 -0.0024266620929000561
leaf_weight=1285.5762729980634 9.31633357494138 350.98004955211945 4079.3068172150961 245.94845389219699 275.99410683716997 30.319771875307197 5.2897304336074731 15.349011047481325 207.12016349437181 38.368433780968189 23.080366227164632 324.30778094206471 165.51862378546502 534.9295526285423 202.08508411003277 163.00322294107173 626.25726359011605 80.082821566495113 72.062597753014416 13.720567914191632 44.687159386579879 249.19668533129152 30.014277192996815 36.508978401310742 51.998537200153805 236.07611411123071 499.29058912987239 38.490544909902383 576.87980320124188 1060.8584860957926
leaf_count=62185 1646 95969 238138 4701 41700 3255 329 2273 3901 398 1348 3146 10746 14839 2506 2889 9856 5879 1242 297 640 1896 817 581 5500 11555 36606 2562 14768 32929
internal_value=0.000174388 -0.000981006 -0.00266944 0.00940218 -0.00133941 -0.0281051 0.020487 0.0326618 -0.00303738 -0.0217305 -0.070099 0.0451825 -0.0255922 -0.000385566 0.000780212 0.0123525 -0.00042375 -0.00173157 0.0329218 0.0248005 -0.025416 0.0256926 0.040964 0.00432079 -0.00112457 -0.0232418 -0.00010593 -0.00715162 0.00830879 -0.0132497
internal_weight=11572.6 10949.8 9418.26 1531.52 8901.76 306.314 622.832 410.422 212.41 76.7978 38.4294 333.624 516.499 8595.45 8060.52 1437.54 886.75 6622.98 550.786 260.493 58.4077 478.723 279.211 199.512 6542.9 288.075 6254.83 2175.52 615.37 1560.15
internal_count=615097 602056 535170 66886 428455 44955 13041 8811 4230 4019 3621 4792 106715 383500 368661 20724 13299 347937 7425 3443 937 6183 2713 3470 342058 17055 325003 86865 17330 69535
is_linear=0
shrinkage=0.1


Tree=42
num_leaves=31
num_cat=0
split_feature=11 4 0 4 1 1 4 4 17 1 0 5 14 7 1 7 10 7 1 4 0 0 0 1 6 4 7 1 4 12
split_gain=22.6621 20.6922 19.0454 18.2097 15.5703 17.9105 21.7785 18.3885 23.6156 21.8149 15.1535 14.72 13.4793 13.2109 13.901 24.1117 20.8126 17.2609 16.8398 14.9561 14.8226 13.9382 13.0649 13.5334 13.5368 12.1641 12.0791 20.8114 12.9125 11.9438
threshold=1.0000000180025095e-35 0.052238805970149259 46.516252163017782 0.43010057471264374 3873.5000000000005 28587.500000000004 0.1751865671641791 0.2992537313432837 1.0000000180025095e-35 24327.500000000004 0.45991844307822 2.5000000000000004 1.0000000180025095e-35 7.5000000000000009 37272.500000000007 2.5000000000000004 1.0000000180025095e-35 5.5000000000000009 10045.000000000002 0.36013681592039809 112.72540721086301 83.486017277617677 67.68659019904031 174508.00000000003 1.0000000180025095e-35 0.36628352490421462 6.5000000000000009 67494.500000000015 0.16920426602619093 1.0000000180025095e-35
decision_type=2 2 2 2 2 2 2 2 2 2 2 2 2 2 2 2 2 2 2 2 2 2 2 2 2 2 2 2 2 2
left_child=1 2 29 4 -2 7 11 -6 -9 -10 -3 -7 13 14 17 16 -16 20 -19 26 -12 -20 23 24 25 -8 -17 -28 -29 -1
right_child=3 10 -4 -5 5 6 22 8 9 -11 12 -13 -14 -15 15 19 -18 18 21 -21 -22 -23 -24 -25 -26 -27 27 28 -30 -31
leaf_value=0.0012902030834185604 -0.085280852449168054 -0.040469914599806311 0.033182596132458664 -0.094808249736574646 0.045354503581276524 -0.073940836548699831 -0.078042557277729199 0.088612847355676025 -0.16848920976006401 0.012441227688019663 -0.0019394258926669627 0.03206430132741997 -0.069641662814552058 -0.039810620062854109 0.05910857987763133 -0.0082091363393239705 -0.013929107520490806 0.10235568882991836 -0.0394235949846179 -0.054590619190381842 -0.026524248312304682 0.054150472691004273 0.057447273080066377 0.098362280196121032 0.060302058214956239 0.014358694788738902 0.080720139920832351 0.023184077480319157 -0.15395230238325522 0.049810205678085757
leaf_weight=832.48197377217002 13.309895772894377 102.83809945901157 305.98732361453585 13.732096895459106 326.74866009911057 49.487345045199618 34.975561575847678 12.057712955400346 13.63017821731046 13.038591528777031 8654.3559959567392 17.815202496014535 29.264988526178058 89.964026903151534 156.17895951552782 154.12940110091586 52.007063874509186 29.93255739659071 29.234395012608729 48.869274281081744 252.39192056650063 34.947153946850449 62.63663905847352 11.587925171945242 17.249009327730164 24.039180865569506 43.952205714653246 10.019906370434912 6.9833148879697537 54.026654215034796
leaf_count=40567 3031 14567 6087 1655 3281 823 1017 293 704 157 508070 282 1972 4809 1038 3597 1430 329 1598 2006 9638 678 925 65 212 564 568 175 420 4838
internal_value=0.000292534 -0.000758582 0.0116718 0.0190439 0.0216645 0.024105 0.00140481 0.0376323 -0.0275226 -0.0800308 -0.00228752 -0.0458809 -0.00187817 -0.0016708 -0.00130859 0.0154172 0.040863 -0.00218594 0.0404153 -0.00465248 -0.00263609 0.0115279 0.0225523 -0.00232717 -0.0176265 -0.0404037 0.00669393 0.0443772 -0.0495668 0.00424717
internal_weight=11497.9 10887.6 1192.5 610.308 596.576 583.266 217.791 365.475 38.7265 26.6688 9695.07 67.3025 9592.23 9562.97 9473 472.14 208.186 9000.86 94.1141 263.954 8906.75 64.1815 150.488 87.8517 76.2638 59.0147 215.085 60.9554 17.0032 886.509
internal_count=615396 602387 51492 13009 11354 8323 3888 4435 1154 861 550895 1105 536328 534356 529547 9234 2468 520313 2605 6766 517708 2276 2783 1858 1793 1581 4760 1163 595 45405
is_linear=0
shrinkage=0.1


Tree=43
num_leaves=31
num_cat=0
split_feature=2 2 4 18 2 16 2 10 18 2 2 17 2 0 2 3 3 3 0 2 2 16 19 2 15 2 2 13 2 3
split_gain=25.6085 31.5598 28.2493 27.7155 22.8876 28.3321 22.7089 53.7707 24.176 24.8262 29.9804 34.6048 35.7572 22.1511 21.0693 18.4545 17.7285 17.5232 17.1289 21.1844 27.895 19.4578 22.8479 16.9368 40.6635 30.8769 33.2438 28.8416 24.8618 21.332
threshold=6.4417357345609902 6.4684745214500641 0.17816091954022989 1.0000000180025095e-35 10.141608414535613 1.0000000180025095e-35 6.1643663291330322 1.0000000180025095e-35 1.0000000180025095e-35 6.21360308905476 6.3180664002468605 1.0000000180025095e-35 6.2624449734563337 28.100148878328277 6.1431115198565012 0.58768656716417922 0.53544776119402993 0.37873134328358216 40.639317029662735 7.4627884983387505 7.4739064546395868 1.0000000180025095e-35 1.0000000180025095e-35 6.7776439992043231 1.0000000180025095e-35 6.6770826681445907 6.5978273652505841 1.0000000180025095e-35 6.5431919030357992 0.49813432835820898
decision_type=2 2 2 2 2 2 2 2 2 2 2 2 2 2 2 2 2 2 2 2 2 2 2 2 2 2 2 2 2 2
left_child=6 3 16 -2 17 -6 14 8 9 -8 11 -11 15 -7 -1 -13 -3 -4 23 21 -21 -20 -23 24 25 26 28 -25 29 -19
right_child=1 2 4 -5 5 13 7 -9 -10 10 -12 12 -14 -15 -16 -17 -18 18 19 20 -22 22 -24 27 -26 -27 -28 -29 -30 -31
leaf_value=-0.0055616878633055339 -0.031383241557409465 0.0075545211744078109 -0.038196664691277131 0.11651201143892594 0.016094626733175504 -0.017331981100306145 -0.088256667685466916 0.091637670277804478 -0.072634618666946912 0.15412356303995278 -0.058992956092140628 -0.096974692043916969 0.064353155908471169 -0.20283830789006718 0.052310356894767041 0.053679623762074219 0.039778997854226124 0.26092942312847273 -0.047996663141030592 0.13290456326851285 -0.0093157527996095366 0.10003958340005739 -0.072981451062445524 -0.012896957148388953 0.17121097637683985 0.040621558815659431 -0.076986341623392601 0.012391357235462112 0.049191354739835477 -0.050512037064908345
leaf_weight=3157.698382175673 17.766764508647611 3231.2748717508002 164.09066394631736 44.179779650992714 764.09768215910299 17.033292600302961 42.363530941831414 33.30175385507755 145.42062764824368 18.276891708446783 60.892237237872905 33.83424524327711 46.880884083147976 10.347074634977615 64.187728347576922 10.702984796953386 180.24961539369542 2.2913240269990629 252.38893365114927 14.045695217791943 761.2393140103668 20.093957304488868 12.306465887580996 1259.7162809703004 16.749001714400947 191.03414659260307 61.212317203811835 702.51936830685008 76.656339386012405 54.743388058413984
leaf_count=221418 3554 112628 44411 2226 16275 476 4999 1017 20654 1869 13624 4420 2493 309 2587 890 3115 807 16834 144 20995 294 1523 60547 134 7662 6853 31317 4901 6295
internal_value=-0.000205916 0.00299944 0.00243424 0.0740945 -0.00287932 0.0125131 -0.00717274 -0.0299093 -0.041204 -0.0197406 -0.00272537 0.028509 0.00339538 -0.0874351 -0.00440874 -0.0607701 0.00925712 -0.00627371 -0.00474429 -0.015307 -0.00673917 -0.0386313 0.034322 -9.56905e-06 0.0186714 0.0120514 -0.0159515 -0.00384324 0.0119941 -0.0380001
internal_weight=11467.6 7854.04 7792.09 61.9465 4380.57 791.478 3613.56 391.673 358.371 212.951 170.587 109.695 91.4181 27.3804 3221.89 44.5372 3411.52 3589.09 3425 1060.07 775.285 284.789 32.4004 2364.92 402.687 385.938 194.903 1962.24 133.691 57.0347
internal_count=615271 341300 335520 5780 219777 17060 273971 49966 48949 28295 23296 9672 7803 785 224005 5310 115743 202717 158306 39790 21139 18651 1817 118516 26652 26518 18856 91864 12003 7102
is_linear=0
shrinkage=0.1


Tree=44
num_leaves=31
num_cat=0
split_feature=1 1 13 1 20 4 3 1 1 1 1 1 20 1 18 16 3 0 20 1 16 4 17 1 1 4 4 4 1 1
split_gain=25.3486 63.0926 55.926 35.0621 25.6541 24.251 19.7837 19.3146 49.5423 26.8095 40.838 36.7465 30.2308 27.0445 19.11 18.2519 17.7428 18.8652 30.6303 24.289 17.173 16.6376 16.6358 17.464 17.3911 24.8727 38.7811 19.1401 16.2088 31.5816
threshold=345.00000000000006 313.50000000000006 1.0000000180025095e-35 361.50000000000006 0.47590895973206648 0.089552238805970186 0.49813432835820898 180.50000000000003 177.00000000000003 263.50000000000006 274.50000000000006 298.50000000000006 0.34581603453140503 187.50000000000003 1.0000000180025095e-35 1.0000000180025095e-35 0.37873134328358216 44.78399402639274 0.87916566570653887 24327.500000000004 1.0000000180025095e-35 0.067164179104477681 1.0000000180025095e-35 1673.0000000000002 17959.000000000004 0.43010057471264374 0.16266762452107283 0.35822325155830054 4203.5000000000009 4357.0000000000009
decision_type=2 2 2 2 2 2 2 2 2 2 2 2 2 2 2 2 2 2 2 2 2 2 2 2 2 2 2 2 2 2
left_child=1 4 -3 20 6 -5 -1 8 -8 12 15 21 -9 -14 -13 -11 -7 18 19 -18 -2 -12 -20 -24 25 26 -25 -26 -19 -30
right_child=3 2 -4 5 -6 16 7 9 -10 10 11 14 13 -15 -16 -17 17 28 22 -21 -22 -23 23 24 27 -27 -28 -29 29 -31
leaf_value=-0.074666561401986797 0.056565391806006997 -0.13065607100223656 0.025654392608275442 0.012553035044530151 0.024496442204505444 -0.024451897111954522 -0.0039501707334783963 -0.05333065412783386 0.10402285984412535 0.026536403970266395 0.02340418969072176 -0.049182031169767076 -0.13907204422762606 -0.0011244706657272464 0.097827466494238874 0.11855111384086923 -2.3431763728078859e-05 -0.018599398593540439 0.027542268349547285 -0.072634440999482672 -0.13276189033974262 -0.098788908306124232 0.064037307851864039 0.010584793177561849 0.033969263587602348 0.11473698338881418 -0.084991675427073657 -0.038635630425522573 0.096782965840823132 -0.0031744960923422421
leaf_weight=45.351284050222603 144.74470877404383 76.053769818274304 32.744540463463636 1618.2864630912081 250.99838471458497 308.6607409982098 1206.6774579746852 297.12723935485701 44.04698591309716 59.429446820460726 13.957803605095249 13.50087514426559 14.972357204882426 279.80259034599294 25.626328620943241 33.827926655299962 3817.726107759212 857.38907519244822 687.52935971063562 46.631335969723295 4.9549468117766073 55.252278620071593 41.253793366253376 86.209069662028924 147.99482403765433 11.621202040463684 83.645525851519778 48.112796700705076 32.62082219007425 1018.5614336694125
leaf_count=19744 6463 7221 3156 59453 7782 69043 85545 26891 1567 3619 1006 1644 689 10103 528 201 223138 37602 9630 4501 312 7311 347 1052 1626 75 1761 741 670 21262
internal_value=-0.000156352 -0.00917107 -0.083612 0.00230909 -0.00571079 0.0014933 -0.00933926 -0.00788997 -0.000147665 -0.0200935 0.0114026 -0.030356 -0.0308207 -0.00813117 0.0471017 0.0599136 -0.00099667 5.57212e-05 0.00330063 -0.000899631 0.0502988 -0.0741459 0.0179715 0.00226079 -0.00448876 -0.0267985 -0.0364822 0.0161565 -0.00839539 -7.25653e-05
internal_weight=11405.3 2449.37 108.798 8955.94 2340.57 8806.24 2089.57 2044.22 1250.72 793.497 201.595 108.337 591.902 294.775 39.1272 93.2574 7187.96 6879.3 4970.72 3864.36 149.7 69.2101 1106.37 418.837 377.583 181.476 169.855 196.108 1908.57 1051.18
internal_count=614683 177007 10377 437676 166630 430901 158848 139104 87112 51992 14309 10489 37683 10792 2172 3820 371448 302405 242871 227639 6775 8317 15232 5602 5255 2888 2813 2367 59534 21932
is_linear=0
shrinkage=0.1


Tree=45
num_leaves=31
num_cat=0
split_feature=20 0 10 4 14 4 20 20 1 1 9 4 20 1 1 1 4 1 1 4 1 8 20 4 5 0 19 20 0 1
split_gain=25.7695 22.4727 17.2888 17.0453 16.7302 16.4263 13.5854 13.4673 12.4242 12.3711 11.3421 21.7069 16.985 13.4391 16.2367 13.5847 24.3158 17.4265 13.0387 11.1813 19.8093 11.1482 9.96467 9.88837 9.45135 23.7758 23.4901 37.446 19.9555 18.9033
threshold=0.90454357557504406 65.892608633726368 1.0000000180025095e-35 0.27847222222222229 1.0000000180025095e-35 0.059701492537313453 0.99999855885341915 0.002927107006760334 67494.500000000015 3332.5000000000005 1.0000000180025095e-35 0.38469291473666162 0.95533903296776679 53973.000000000007 62575.000000000007 24327.500000000004 0.22630597014925377 9696.5000000000018 67494.500000000015 0.34850746268656724 47190.500000000007 1.0000000180025095e-35 0.84124878500783951 0.25047892720306525 1.5000000000000002 6.3839766238424192 1.0000000180025095e-35 0.85965504547710581 40.639317029662735 10610.000000000002
decision_type=2 2 2 2 2 2 2 2 2 2 2 2 2 2 2 2 2 2 2 2 2 2 2 2 2 2 2 2 2 2
left_child=4 2 6 -4 7 -3 9 21 24 -2 -11 13 -13 15 23 16 -12 -18 -16 -5 -21 -1 -10 -15 25 -9 -27 28 -28 -26
right_child=1 5 3 19 -6 -7 -8 8 22 10 11 12 -14 14 18 -17 17 -19 -20 20 -22 -23 -24 -25 29 26 27 -29 -30 -31
leaf_value=-0.0097046846725111768 0.039058289684862878 0.032966813442645439 -0.052323769123290668 0.04724722372639812 -0.078280944148198126 -0.011070971800892391 0.038687482889430476 -0.025630143014548318 -0.14239262188552604 4.5386765542561745e-05 0.043600617720121228 -0.069503900632569712 0.024397240832407456 -0.1923554270905872 0.082884738304962624 0.062032851036224107 0.095244434654235946 -0.15052866038251919 -0.0085525256658572028 -0.12057398944864275 0.03600928482894146 -0.048283617144819949 -0.029152655104370831 0.0041298235450356515 0.00021286980828036039 0.0015535085465597622 -0.056133238265913536 0.020348380013624823 0.00070714974275563371 0.021618697253053102
leaf_weight=267.98682447867759 176.56901537103113 98.493354744277894 68.539201641920954 46.637570722959936 28.730218656361103 604.87437218145351 308.09314540971536 462.2069780795282 9.3801515272934903 498.35497832574765 49.668196746381 40.560746438801289 36.685792128555477 6.4639522531069797 21.597274768282659 166.14917818817776 3.7092802338302162 12.982086663367225 56.114433783572167 13.753674271050839 19.583330363151617 103.9614395993849 45.291013869573362 4.2423436306416988 4174.4263723154727 3146.3815037642198 238.45545110036255 141.27761321907747 83.357373415114125 457.78821115999017
leaf_count=23722 2794 1289 1676 427 2159 13481 2480 72842 711 7656 441 741 309 99 80 1060 27 294 1108 278 249 16159 1972 57 246521 163460 28865 5310 5356 13091
internal_value=0.00025759 0.00988979 0.0166922 -0.0157284 -0.00209079 -0.00490431 0.0201783 -0.00185105 -0.00105961 0.0148642 0.0100992 0.0226826 -0.0249085 0.0341377 0.000953518 0.0467569 0.00850934 -0.0959111 0.0168593 0.0156342 -0.0285915 -0.0204877 -0.0485817 -0.114499 -0.000761115 -0.00427589 -0.0015414 -0.0225692 -0.0414102 0.00232835
internal_weight=11392.3 2233.07 1529.7 148.514 9159.24 703.368 1381.19 9130.51 8758.56 1073.1 896.528 398.173 77.2465 320.927 88.418 232.509 66.3596 16.6914 77.7117 79.9746 33.337 371.948 54.6712 10.7063 8703.89 4071.68 3609.47 463.09 321.813 4632.21
internal_count=614714 34546 19776 2630 580168 14770 17146 578009 538128 14666 11872 4216 1050 3166 1344 1822 762 321 1188 954 527 39881 2683 156 535445 275833 202991 39531 34221 259612
is_linear=0
shrinkage=0.1


Tree=46
num_leaves=31
num_cat=0
split_feature=11 4 3 12 4 2 2 20 2 0 20 5 4 20 2 10 17 4 2 4 3 3 3 0 17 13 0 2 0 20
split_gain=21.3349 16.9169 14.8853 20.1904 19.4002 13.2801 12.823 20.3875 14.0136 18.8136 14.5157 13.6506 13.4648 12.4078 10.6663 14.8878 11.3515 10.0171 14.9007 12.3114 9.23284 9.44483 9.41409 10.4675 9.17911 8.76561 8.66445 8.62684 11.8692 9.95241
threshold=1.0000000180025095e-35 0.03731343283582092 0.16977611940298512 1.0000000180025095e-35 0.23025497512437809 8.2621708936589169 10.761919367532974 0.60877280091551167 11.119779856097184 39.877151738390872 0.85965504547710581 1.0000000180025095e-35 0.1751865671641791 0.0048860818743141571 5.5778394645662699 1.0000000180025095e-35 1.0000000180025095e-35 0.2963840996168583 10.260744448799924 0.3680348258706469 0.48320895522388069 0.06834577114427863 0.51119402985074636 19.703638117624184 1.0000000180025095e-35 1.0000000180025095e-35 24.53950841572669 10.141608414535613 97.128639846686283 0.91565628707710289
decision_type=2 2 2 2 2 2 2 2 2 2 2 2 2 2 2 2 2 2 2 2 2 2 2 2 2 2 2 2 2 2
left_child=1 20 3 -3 -5 -2 11 -8 9 -9 -10 17 -12 14 15 -4 -16 -7 19 -19 21 -1 26 24 25 -24 -22 28 -15 -29
right_child=5 2 13 4 -6 6 7 8 10 -11 12 -13 -14 27 16 -17 -18 18 -20 -21 22 -23 23 -25 -26 -27 -28 29 -30 -31
leaf_value=-0.030237136850805865 -0.08013122190849864 -0.039994496261839534 -0.034302530742571537 0.11302634609222398 -0.091210636152227562 0.024586132880282795 -0.09822865788827416 -0.20993301974424106 -0.11057579241472751 0.07537326313125807 -0.045042299766468868 0.051136842337784483 0.026298825783947308 -0.00089958473626763089 0.0032332743430804668 0.13713215982466173 -0.15198378251498962 -0.021735125051897786 0.060417581873491936 -0.16446263746296458 -0.018061685951451658 0.035358946446996407 0.014951508040447823 0.073227152305663554 -0.025662096623498366 0.088929416404190664 0.0096601726058521773 -0.010346577223809937 -0.019267880904536863 0.015720841680170388
leaf_weight=24.385237933835015 13.280558571947038 182.52696261203528 255.72607599414187 17.313887910815541 6.3590989894255463 142.02505046507576 18.842046275793109 2.445215103449299 11.837731623440048 42.191175555810332 37.562816070392728 186.5647732532816 89.469547794898972 8055.5067774989948 200.097810494859 5.1680078039644277 4.8253025349695227 15.803940366255121 11.575270843342876 9.7856570412695856 188.01705200331344 219.81653553061187 79.513072894595098 36.590270534390584 42.493936389568262 20.057132155052386 281.61678081506398 194.76243915909436 367.85534098057542 590.62082833237946
leaf_count=852 3912 29750 30790 1266 5569 925 753 103 749 569 594 2910 1480 448622 16620 474 452 373 67 682 17542 6057 2033 780 2961 454 7846 9642 13191 6928
internal_value=5.8672e-05 -0.000948298 -0.00213925 -0.0287254 0.0581637 0.0187182 0.021029 0.000830192 0.0110013 0.059744 -0.00466579 0.0322037 0.00520362 -0.0015726 -0.0174956 -0.0309066 -0.000421605 0.0124913 -0.0337288 -0.0763152 0.0122367 0.0288087 0.00599423 0.0255321 0.0132477 0.0298534 -0.00143822 -0.000767148 -0.00170174 0.00925654
internal_weight=11354.6 10773.3 9880.76 206.2 23.673 581.384 568.103 202.349 183.506 44.6364 138.87 365.755 127.032 9674.56 465.817 260.894 204.923 179.19 37.1649 25.5896 892.49 244.202 648.288 178.654 142.064 99.5702 469.634 9208.75 8423.36 785.383
internal_count=614946 601829 563304 36585 6835 13117 9205 4248 3495 672 2823 4957 2074 526719 48336 31264 17072 2047 1122 1055 38525 6909 31616 6228 5448 2487 25388 478383 461813 16570
is_linear=0
shrinkage=0.1


Tree=47
num_leaves=31
num_cat=0
split_feature=11 4 0 3 0 12 4 0 20 1 1 7 7 16 9 1 1 3 1 1 1 20 4 7 1 1 1 15 1 1
split_gain=21.61 15.6719 17.1194 14.4015 25.7738 13.8205 30.2986 13.7631 24.5101 18.0411 17.2485 34.714 40.5936 34.2606 27.1356 23.7573 19.8522 16.7349 18.3317 34.9207 29.7098 25.3715 16.9502 16.6642 18.4224 15.9758 15.5478 15.5166 15.3374 55.3308
threshold=1.0000000180025095e-35 0.059701492537313453 31.598040432680918 0.44402985074626872 43.004465018024895 1.0000000180025095e-35 0.32629310344827595 44.78399402639274 0.85059515696560528 2013.5000000000002 3149.5000000000005 3.5000000000000004 1.7500000000000002 1.0000000180025095e-35 1.0000000180025095e-35 2229.0000000000005 1518.0000000000002 0.51119402985074636 1102.0000000000002 586.50000000000011 534.50000000000011 0.16668612546032643 0.16728855721393032 2.5000000000000004 764.50000000000011 407.50000000000006 2313.0000000000005 1.0000000180025095e-35 877.00000000000011 1027.0000000000002
decision_type=2 2 2 2 2 2 2 2 2 2 2 2 2 2 2 2 2 2 2 2 2 2 2 2 2 2 2 2 2 2
left_child=1 2 -1 4 -3 7 -7 8 10 -10 11 12 14 15 17 -14 -16 18 19 20 -5 -20 -19 24 -15 -13 -11 -9 -21 -30
right_child=-2 3 -4 5 -6 6 -8 27 9 26 -12 25 13 23 16 -17 -18 22 21 28 -22 -23 -24 -25 -26 -27 -28 -29 29 -31
leaf_value=-0.00027796743285341761 0.019073511171916479 -0.045300079709885047 0.02274037864549348 0.00026976355381257882 0.0029935092695495872 -0.039532473161954518 0.034809323021740293 -0.0077086419137732667 0.049705395989644324 -0.050937636443325551 -0.016604244463143833 0.02627118884020653 0.027211410427710983 0.045113379914672791 -0.064169276683281956 0.097519514564121834 0.1160283401621129 -0.0092136340777297706 -0.067077107314098924 0.028449578127425146 -0.073327932206780647 -0.0063527836508653545 -0.07434065179719844 0.047283270534439599 -0.074875098621433142 -0.1212474443833564 0.012868888682304897 -0.10089464934618425 -0.055123184928904036 0.041577204101185768
leaf_weight=791.4818980073469 564.00511054073286 211.37786907938062 545.99039507622365 2627.5137063891598 231.58088737577782 237.46004484526929 71.278178305918118 1770.0925478886929 131.55921392887831 39.855376275256276 660.04436359606916 9.3982726642861945 96.76906371593941 17.824563893373124 93.526742404908873 95.480350769590586 6.5413973034592336 132.54878371593077 75.500722720840713 708.97808241660823 56.018775382079184 775.8586356616288 57.211121340689715 32.291842653416097 45.355149279348552 33.54123621666804 913.46502139128279 18.051028660498559 105.29214832946309 135.08565326212556
leaf_count=46458 13191 76208 12463 148671 20151 37609 9261 54334 1954 877 24508 133 2568 389 14068 1034 548 7757 9836 37901 8561 39953 7464 498 3213 1230 15561 806 11554 6172
internal_value=-5.60375e-06 -0.00100875 0.00911871 -0.00245134 -0.020052 -0.0015799 -0.0223692 -0.000836835 0.00120266 0.0149918 -0.00139233 0.000574572 0.0013341 0.0378125 -0.000864359 0.0621298 -0.0523899 0.000238776 0.00146968 0.00456486 -0.00126659 -0.011738 -0.0288489 -0.011155 -0.0410234 -0.0889597 0.0102013 -0.00864934 0.0210486 -0.00078025
internal_weight=11291 10727 1337.47 9389.5 442.959 8946.54 308.738 8637.8 6849.66 1084.88 5764.78 5104.74 5061.8 287.721 4774.08 192.249 100.068 4674.01 4484.25 3632.89 2683.53 851.359 189.76 95.4716 63.1797 42.9395 953.32 1788.14 949.356 240.378
internal_count=614931 601740 58921 542819 96359 446460 46870 399590 344450 18392 326058 301550 300187 7702 292485 3602 14616 277869 262648 212859 157232 49789 15221 4100 3602 1363 16438 55140 55627 17726
is_linear=0
shrinkage=0.1


Tree=48
num_leaves=31
num_cat=0
split_feature=11 4 2 20 2 20 4 0 4 0 12 4 5 3 0 6 2 7 3 3 2 2 2 20 3 3 0 3 20 2
split_gain=17.6805 15.2293 25.4039 19.0778 17.6945 16.2879 17.5996 12.241 12.0466 13.8423 12.7185 23.5544 16.6575 12.0907 12.9831 12.0052 10.5888 10.2031 10.1476 20.8475 13.3747 9.97162 17.7306 9.86991 9.22746 9.12111 9.06678 30.6827 18.7522 25.4657
threshold=1.0000000180025095e-35 0.27950870646766179 10.047557343300399 0.25113437415743511 10.260744448799924 0.68161890165561989 0.15357587064676623 69.580935400151077 0.067164179104477681 56.555823294905601 1.0000000180025095e-35 0.40738119746097107 1.5000000000000002 0.56156716417910457 7.1121041452228431 1.0000000180025095e-35 8.2621708936589169 7.5000000000000009 0.51119402985074636 0.56156716417910457 6.5035391097261348 9.7958469679709452 8.8729717773772574 0.61962107968522817 0.02764303482587065 0.095988805970149263 44.78399402639274 0.44402985074626872 0.87408394402281786 8.0552564874984522
decision_type=2 2 2 2 2 2 2 2 2 2 2 2 2 2 2 2 2 2 2 2 2 2 2 2 2 2 2 2 2 2
left_child=8 4 3 -3 5 6 15 -6 9 13 17 -12 -13 14 25 21 -8 18 26 -20 -21 22 23 -2 -16 -1 27 -10 29 -29
right_child=1 2 -4 -5 7 -7 16 -9 10 -11 11 12 -14 -15 24 -17 -18 -19 19 20 -22 -23 -24 -25 -26 -27 -28 28 -30 -31
leaf_value=0.050261247317146686 -0.052687372351512829 0.016187210116316398 0.012266679340667348 -0.13686383006528172 -0.058207612391181621 0.059163116848698211 -0.089697676337893245 0.017437136662991362 -0.040913884800362184 0.028055704803272876 -0.032605775417496284 0.078073547849869987 -0.094885005993647742 0.022432106232658424 -0.11296320879154952 0.056298535902840424 0.066859158421754453 -0.036906871218572807 -0.069103586959462976 -0.026837341018404282 0.021879375422754133 0.071435950778424712 -0.14527058509153895 0.081940815829092406 0.0038983506956407447 -0.036896595005573712 -0.0065013215023944932 0.0026469112320295688 0.015571822346605913 -0.018864965254808883
leaf_weight=13.173422013525849 18.825017770635899 12.624311611434676 137.36475344677456 22.950381642905995 33.351327286683954 180.38349218206713 4.7328167703235513 59.660204865504056 167.42910452189244 271.64898224500939 269.66511528458068 33.583349811251537 6.6751403265952822 256.04414045545855 6.8133455032948396 14.328354487486648 49.554396229446866 79.958141985669499 65.351840771880234 125.92681146779796 102.00203003513161 6.1521962038241318 16.71849507803563 7.6619226206094018 813.65204498640378 135.60627366995323 1890.5625977873788 4904.8106607481895 931.43895562912803 619.84402676118771
leaf_count=670 754 2353 2941 1266 794 1428 931 954 63960 5284 47866 3600 5568 9360 269 194 874 4596 6610 9300 2434 282 181 93 33648 17666 69714 283271 13613 24445
internal_value=0.000223877 0.0174752 -0.00723788 -0.082551 0.0283956 0.0402677 0.0113761 -0.00968695 -0.000686438 0.00763282 -0.00204048 -0.0219539 0.0493958 0.00310503 -0.00200058 -0.0242843 0.0532104 -0.00134604 -0.0010232 -0.019312 -0.00503578 -0.0476772 -0.0646382 -0.0137432 0.0029279 -0.0291794 -0.000393215 0.00135023 0.00244629 0.000233365
internal_weight=11258.5 564.308 172.939 35.5747 391.368 298.357 117.973 93.0115 10694.2 1496.94 9197.25 309.924 40.2585 1225.29 969.245 63.686 54.2872 8887.32 8807.37 293.281 227.929 49.3576 43.2054 26.4869 820.465 148.78 8514.09 6623.52 6456.09 5524.65
internal_count=614919 13045 6560 3619 6485 4737 3309 1748 601874 66897 534977 57034 9168 61613 52253 1504 1805 477943 473347 18344 11734 1310 1028 847 33917 18336 455003 385289 321329 307716
is_linear=0
shrinkage=0.1


Tree=49
num_leaves=31
num_cat=0
split_feature=1 1 18 4 16 20 1 20 1 1 1 1 9 1 1 1 1 1 12 19 20 13 20 10 6 4 1 1 20 6
split_gain=16.1325 38.2557 23.3407 22.313 17.8227 16.4626 51.1277 36.7675 31.8816 28.8886 20.5911 24.0707 17.6381 15.8031 18.3744 27.2616 19.4503 36.8754 19.2289 17.5862 21.8848 20.9263 14.8868 12.8385 22.2925 14.8315 12.2243 46.8556 14.6989 11.5924
threshold=626.50000000000011 643.50000000000011 1.0000000180025095e-35 0.1506704980842912 1.0000000180025095e-35 0.1794445347237473 706.50000000000011 0.56977839954494269 666.50000000000011 2229.0000000000005 2313.0000000000005 2553.5000000000005 1.0000000180025095e-35 602.00000000000011 586.50000000000011 534.50000000000011 512.50000000000011 474.50000000000006 1.0000000180025095e-35 1.0000000180025095e-35 0.53697557151943986 1.0000000180025095e-35 0.33433410267352875 1.0000000180025095e-35 1.0000000180025095e-35 0.43308457711442799 823.50000000000011 812.50000000000011 0.044599135067900392 1.0000000180025095e-35
decision_type=2 2 2 2 2 2 2 2 2 2 2 2 2 2 2 2 2 2 2 2 2 2 2 2 2 2 2 2 2 2
left_child=13 2 -2 -3 5 6 8 29 -5 -8 -11 -12 -10 14 15 16 17 -1 -19 20 -18 -21 -16 -9 -25 -26 27 28 -6 -7
right_child=1 3 -4 4 26 7 9 23 12 10 11 -13 -14 -15 22 -17 19 18 -20 21 -22 -23 -24 24 25 -27 -28 -29 -30 -31
leaf_value=-0.0036543844040062357 -0.031817792294678106 0.0090508121339697295 0.10068856466298402 -0.031300489510732013 -0.11549027419236441 -0.039417664860324296 -0.02437025614906024 0.0026000421472930921 0.153197317873356 0.1055167010163237 -0.1272015919694772 0.021976650796053657 -0.082217236600095778 -0.062710119518400928 -0.026074898472325254 -0.061978622518758186 -0.035855499636937967 -0.082159356239037709 0.040367887730821991 0.0039587697187265991 0.067071990990856464 0.22167980799398818 0.099805945632277876 -0.046155759532228412 0.016687063432889813 -0.12600379209489088 -0.030289257902760797 0.1240172079894688 0.0015758553053405015 -0.0015367856759529804
leaf_weight=3142.8584508941058 16.96106981059711 2738.3953092765732 61.478083298774436 14.499367924901888 18.140553280594759 328.93698229903021 204.1251350887087 3123.5199799348629 46.589202267088694 28.262649572629016 11.273479042691177 266.70417394742253 3.4159795706073046 47.827634700912313 13.762728216679532 83.824804233052419 38.39518513531948 88.288740147690987 14.981660338002255 7.7195215445681251 44.715741337473446 10.311531357932836 29.600337329669856 150.39696167956572 135.2121157348156 7.6991586345247915 334.49558553416864 25.407378214411438 26.240192735102028 107.08513155674154
leaf_count=223512 3542 93796 2303 3049 1106 37577 29245 116427 2215 728 741 8476 1675 7182 2170 18520 5191 10885 1830 1398 1795 307 525 5165 3790 386 21868 249 732 8504
internal_value=-1.97723e-05 0.00255903 0.0720364 0.00183915 -0.00224784 -0.000412677 0.0153731 -0.00276801 0.0992589 0.00477082 0.0241949 0.0159267 0.137116 -0.00561978 -0.0048339 -0.00565143 -0.00424085 -0.0055864 -0.0643841 0.0389444 0.019522 0.128468 0.0598534 0.000721654 -0.0192818 0.00899978 -0.0223466 0.0157225 -0.0462747 -0.0301143
internal_weight=11171.1 7648.84 78.4392 7570.4 4832 4427.72 574.87 3852.85 64.5045 510.365 306.24 277.978 50.0052 3522.29 3474.46 3431.1 3347.27 3246.13 103.27 101.142 83.1109 18.0311 43.3631 3416.83 293.308 142.911 404.284 69.7881 44.3807 436.022
internal_count=614889 341574 5845 335729 241933 217978 46129 171849 6939 39190 9945 9217 3890 273315 266133 263438 244918 236227 12715 8691 6986 1705 2695 125768 9341 4176 23955 2087 1838 46081
is_linear=0
shrinkage=0.1


Tree=50
num_leaves=31
num_cat=0
split_feature=11 4 1 1 5 20 6 5 0 0 1 1 7 1 1 20 1 1 18 1 1 1 10 17 20 1 1 13 1 20
split_gain=18.0757 12.0016 11.5217 15.7492 13.0478 13.8184 21.0591 11.5258 15.6969 10.7052 10.5986 9.97831 9.57899 9.45413 25.7749 40.6086 23.0131 21.9568 22.5027 19.3181 17.3708 13.422 13.3021 19.8249 14.1474 11.4396 43.0529 34.238 31.9075 19.6814
threshold=1.0000000180025095e-35 0.059701492537313453 3873.5000000000005 7136.0000000000009 2.5000000000000004 0.93381963191493456 1.0000000180025095e-35 1.0000000180025095e-35 14.156343067793001 44.78399402639274 15533.500000000002 94197.000000000015 7.5000000000000009 122.50000000000001 139.50000000000003 0.28129918036922136 66.500000000000014 137.50000000000003 1.0000000180025095e-35 153.00000000000003 124.50000000000001 137.50000000000003 1.0000000180025095e-35 1.0000000180025095e-35 0.0097741969836408291 345.00000000000006 305.50000000000006 1.0000000180025095e-35 361.50000000000006 0.44573796689519296
decision_type=2 2 2 2 2 2 2 2 2 2 2 2 2 2 2 2 2 2 2 2 2 2 2 2 2 2 2 2 2 2
left_child=1 9 -2 -4 5 6 7 8 -5 -1 -10 -9 13 16 15 17 22 20 -19 -16 -15 -17 23 24 -3 26 29 -28 -27 -21
right_child=2 12 3 4 -6 -7 -8 11 10 -11 -12 -13 -14 14 19 21 -18 18 -20 25 -22 -23 -24 -25 -26 28 27 -29 -30 -31
leaf_value=0.0022224386177168345 -0.077891515439894657 -0.009529982157379005 0.065392759428351724 -0.16912299785798637 0.056450394432511153 0.025434441030701107 0.049980560612692626 -0.00051125125031783276 0.010940721333805003 0.022278358712991525 -0.097342413453490831 -0.10519826763294304 -0.03676252665753129 0.033864670280473901 -0.06575840741116866 0.057839570114444974 -0.042880212125729789 -0.10586894417800621 0.082890435629312365 -0.013440849485309533 -0.057579012927737684 -0.10974855338725149 0.11904610355479375 -0.043947270489738205 0.041481697687402584 0.04550416529196058 -0.11578784085430771 0.012481985733361347 -0.0015132908225342619 0.016226294142615411
leaf_weight=962.27800747154106 12.28543086335412 121.01813057696563 66.831180166045669 11.990185172529889 60.810004079714417 195.20693018299062 42.498443357995711 93.08429827936925 20.295599048491567 367.88804975233506 16.297749461955391 10.091934916679746 80.363292868423741 27.164275040908251 47.930188255544635 201.81668840895873 189.8934675110213 7.7348886208201284 34.420177329098806 839.90800678450614 88.301724123128224 4.8948321694042525 9.3036631637078226 83.124231601977954 98.714129812928149 147.42267302425171 65.755778107853985 30.443751060753129 6893.4081346451094 304.75443391155568
leaf_count=51621 3892 9139 729 730 1868 1949 550 1900 307 7457 948 233 4696 2299 8220 2249 25155 1718 543 59782 5887 167 830 18641 2782 6328 8450 3002 373078 9583
internal_value=-0.000213736 -0.00111383 0.0178199 0.0200938 0.0133704 0.00664399 -0.0122382 -0.0296618 -0.0698226 0.00776937 -0.0372858 -0.010751 -0.00238761 -0.00208721 -0.0013167 0.0247181 -0.0154299 -0.0135147 0.0482556 -0.00245545 -0.0360662 0.0538712 0.00126861 -0.00234948 0.0133869 -0.00208908 -0.0109422 -0.075195 -0.000528828 -0.00554228
internal_weight=11135.9 10606.5 529.392 517.106 450.275 389.465 194.258 151.76 48.5835 1330.17 36.5933 103.176 9276.37 9196.01 8693.96 364.333 502.054 157.621 42.1551 8329.62 115.466 206.712 312.16 302.856 219.732 8281.69 1240.86 96.1995 7040.83 1144.66
internal_count=614733 601627 13106 9214 8485 6617 4668 4118 1985 59078 1255 2133 542549 537853 481306 12863 56547 10447 2261 468443 8186 2416 31392 30562 11921 460223 80817 11452 379406 69365
is_linear=0
shrinkage=0.1


Tree=51
num_leaves=31
num_cat=0
split_feature=20 14 4 3 12 12 4 20 0 3 4 10 6 20 1 17 1 1 1 4 20 0 20 1 1 1 1 15 17 0
split_gain=11.9461 10.0413 9.48945 9.89513 10.4457 9.07838 21.598 8.92762 8.39863 8.64166 8.39359 7.93718 37.6882 22.9755 21.5904 19.0127 16.1883 12.0222 17.7672 14.3649 11.189 23.0699 18.1187 20.0633 31.1354 26.2748 25.0955 21.9084 15.5256 42.3829
threshold=0.002927107006760334 1.0000000180025095e-35 0.03731343283582092 0.16977611940298512 1.0000000180025095e-35 1.0000000180025095e-35 0.39172885572139315 0.69642300303643756 41.425433686275902 0.12363184079601992 0.23815298507462687 1.0000000180025095e-35 1.0000000180025095e-35 0.1154678898060522 586.50000000000011 1.0000000180025095e-35 643.50000000000011 1723.5000000000002 1936.0000000000002 0.29015840338537208 0.62495714042578265 46.516252163017782 0.99999855885341915 1047.5000000000002 859.50000000000011 812.50000000000011 793.00000000000011 1.0000000180025095e-35 1.0000000180025095e-35 9.6943707462818267
decision_type=2 2 2 2 2 2 2 2 2 2 2 2 2 2 2 2 2 2 2 2 2 2 2 2 2 2 2 2 2 2
left_child=-1 2 -2 4 8 11 -7 -6 -4 -10 -11 20 15 -14 -15 -13 -16 19 -19 -18 28 22 23 24 25 26 -22 -26 -5 -30
right_child=1 -3 3 5 7 6 -8 -9 9 10 -12 12 13 14 16 -17 17 18 -20 -21 21 -23 -24 -25 27 -27 -28 -29 29 -31
leaf_value=-0.01804349615898208 0.010645886800914052 -0.062096617036084635 -0.051196434470926394 0.0021110457808602898 -0.055553598357213824 -0.028297132107076978 0.048102613272593804 0.084143854146755098 0.019280560407629068 0.015284597555436595 -0.094199595636462768 -0.0078181113949303011 0.090539367169025151 -0.093355567497689723 0.086651167829661271 -0.062551513330879147 -0.092708785823208295 0.12093762707964949 0.0045162627867681498 0.037384714681588008 0.0021336816838917493 -0.0036247511575302977 0.04125699937907254 0.0047198592781179539 0.06582865864814115 -0.063742331835517294 0.094616642184248978 -0.1441052217546834 -0.043325083610334159 -0.0015353210436605759
leaf_weight=354.85059817529327 889.36588229567133 25.480933474435005 93.033331204962451 3128.9702757924533 6.5188476154689878 250.3198654668231 43.420865965133999 15.338805296327335 48.360911573374324 11.790727370360402 17.242449451761786 112.7846258955542 34.526151661615586 21.064967646205332 26.051962991128676 145.13539199889055 24.745661855558865 14.324205613753291 154.45597942662425 12.918874336639417 139.83533967359108 1729.0413804791751 187.79222668183502 1927.0189388646832 176.68249265941267 45.394119162985589 37.132085446617566 5.1149356984533361 308.03646705487336 1144.0051003736298
leaf_count=40115 36398 2079 21119 195000 5025 40348 5368 703 4757 456 3188 3496 1485 2359 549 6576 1189 579 4029 544 5591 50374 1432 58418 5604 1271 553 212 59808 56422
internal_value=9.74905e-06 0.000604243 0.000752858 -0.000139392 -0.0226021 0.000307329 -0.0170037 0.0424804 -0.030949 -0.00661019 -0.0497367 0.000849722 -0.0108508 0.0140082 0.00358741 -0.0386174 0.0123708 0.00299706 0.0143968 -0.0480869 0.00157331 0.00527011 0.0113756 0.00896847 0.0292257 0.00412909 0.0215389 0.0599221 -0.00185477 -0.0104006
internal_weight=11130.8 10775.9 10750.4 9861.06 192.285 9668.77 293.741 21.8577 170.427 77.3941 29.0332 9375.03 546.008 288.088 253.562 257.92 232.497 206.445 168.78 37.6645 8829.02 4248.01 2518.97 2331.18 404.159 222.362 176.967 181.797 4581.01 1452.04
internal_count=615047 574932 572853 536455 35248 501207 45716 5728 29520 8401 3644 455491 20806 10734 9249 10072 6890 6341 4608 1733 434685 123455 73081 71649 13231 7415 6144 5816 311230 116230
is_linear=0
shrinkage=0.1


Tree=52
num_leaves=31
num_cat=0
split_feature=20 1 11 1 8 1 1 20 1 1 18 1 1 1 1 20 1 16 18 3 20 10 1 1 1 18 3 16 18 1
split_gain=15.5151 11.0361 13.3642 10.7752 9.95403 8.49074 26.1568 26.654 22.9088 18.0117 17.719 17.6513 15.3303 31.0279 38.7073 24.5798 27.0195 18.1841 17.9711 15.5639 14.5766 34.6218 25.2702 16.1009 15.4052 20.3856 15.0496 14.2233 18.6218 22.6376
threshold=0.96371328872753381 75903.000000000015 1.0000000180025095e-35 3873.5000000000005 1.0000000180025095e-35 122.50000000000001 139.50000000000003 0.25883876944650791 137.50000000000003 80.500000000000014 1.0000000180025095e-35 132.50000000000003 263.50000000000006 274.50000000000006 292.50000000000006 0.44573796689519296 196.50000000000003 1.0000000180025095e-35 1.0000000180025095e-35 0.63992537313432851 0.11152477303333795 1.0000000180025095e-35 187.50000000000003 187.50000000000003 177.00000000000003 1.0000000180025095e-35 0.66604477611940316 1.0000000180025095e-35 1.0000000180025095e-35 812.50000000000011
decision_type=2 2 2 2 2 2 2 2 2 2 2 2 2 2 2 2 2 2 2 2 2 2 2 2 2 2 2 2 2 2
left_child=1 2 5 -4 -2 9 7 8 11 -1 -10 -7 15 17 -15 16 20 -14 -18 27 21 23 26 24 -8 -26 -22 -16 29 -29
right_child=4 -3 3 -5 -6 6 12 -9 10 -11 -12 -13 13 14 19 -17 18 -19 -20 -21 22 -23 -24 -25 25 -27 -28 28 -30 -31
leaf_value=-0.0026890046714095703 0.013964880791101348 -0.031873794826845617 -0.076405295245118771 0.023396969396070617 -0.033029561883708827 -0.013687913983235983 -0.0059750549708625185 0.047619617916929431 -0.09849757163815373 -0.042916410435104399 0.07781212510105541 -0.12211451715004369 0.025022473950924402 -0.079764856173836718 0.00048342243742287278 0.015916183637732912 -0.03400558422012475 0.11660337257559561 -0.098830356173504608 0.034901088771152222 -0.070954238578593273 0.20764264601009447 0.014210620878818858 -0.056565890321412141 -0.050187127670645253 0.079475939042128921 0.024821582762509474 -0.087492020185057667 0.0032850653199021662 -0.019300267317745902
leaf_weight=430.76497227282016 984.67743070231518 114.92249015381094 11.225941977725595 297.62457672937308 47.233954701572657 90.328935305282357 138.01010443858831 220.01459566201083 6.6603935294406247 150.083474504685 39.53750855429098 18.007454856284312 63.990620356664294 61.773239677248057 6739.263037874689 222.46783717285143 255.67639896680339 32.791539039462805 51.355201599188149 123.66539148241282 102.75743091229742 8.5127167476748564 89.748052967101103 38.865468280360801 15.494537384380235 55.760924702277407 19.523574156104587 58.649670532075106 296.38260794105008 286.43507976786168
leaf_count=42528 12241 4013 3875 5986 1053 6672 9819 3358 1783 20617 638 1754 4586 9802 390339 5251 22704 219 5424 2462 13037 414 2856 3047 1634 664 580 5575 7231 24487
internal_value=0.000137292 -0.00106278 -0.000706034 0.0197694 0.0118138 -0.00136364 -0.000610255 0.0252626 -0.00656761 -0.0130832 0.0523934 -0.0317104 -0.00172912 -0.000210699 -0.000930376 -0.013386 -0.0217898 0.0560517 -0.0448484 -0.000281441 -0.00668386 0.00934584 -0.0260865 0.0025428 0.0135207 0.0512806 -0.0556625 -0.000870931 -0.0150998 -0.03089
internal_weight=11072.2 10040.3 9925.37 308.851 1031.91 9616.52 9035.67 374.549 154.534 580.848 46.1979 108.336 8661.12 7662.95 7566.17 998.172 775.704 96.7822 307.032 7504.4 468.673 256.644 212.029 248.131 209.266 71.2555 122.281 7380.73 641.467 345.085
internal_count=614649 601355 597342 9861 13294 587481 524336 14205 10847 63145 2421 8426 510131 444701 439896 65430 60179 4805 28128 430094 32051 15578 16473 15164 12117 2298 13617 427632 37293 30062
is_linear=0
shrinkage=0.1


Tree=53
num_leaves=31
num_cat=0
split_feature=4 0 20 1 1 12 5 8 8 0 1 1 1 1 1 1 16 19 1 10 1 17 15 1 0 4 1 4 1 1
split_gain=15.6545 10.7669 17.0103 21.5628 30.6781 20.6617 20.2787 18.4397 17.4637 18.586 16.6288 22.9048 22.7078 17.8055 16.5393 28.4987 19.4029 15.8863 14.2251 13.734 14.7717 13.4933 13.3635 33.3876 13.8536 12.038 11.4851 10.9124 10.8601 15.6634
threshold=0.066858237547892746 44.78399402639274 0.62495714042578265 1047.5000000000002 1027.0000000000002 1.0000000180025095e-35 1.0000000180025095e-35 1.0000000180025095e-35 1.0000000180025095e-35 7.1121041452228431 859.50000000000011 823.50000000000011 793.00000000000011 884.50000000000011 4203.5000000000009 4357.0000000000009 1.0000000180025095e-35 1.0000000180025095e-35 3332.5000000000005 1.0000000180025095e-35 26.500000000000004 1.0000000180025095e-35 1.0000000180025095e-35 940.50000000000011 1.295162500656341 0.33829022988505753 7136.0000000000009 0.35444187110424896 3685.0000000000005 3873.5000000000005
decision_type=2 2 2 2 2 2 2 2 2 2 2 2 2 2 2 2 2 2 2 2 2 2 2 2 2 2 2 2 2 2
left_child=-1 2 5 4 7 6 8 25 26 17 11 12 -9 -12 18 -16 -17 -10 -3 22 -21 -15 -8 24 -24 -4 -2 -18 -20 -30
right_child=1 14 3 -5 -6 -7 19 10 9 -11 13 -13 -14 21 15 16 27 -19 28 20 -22 -23 23 -25 -26 -27 -28 -29 29 -31
leaf_value=0.0097175770080155221 -0.036373332615796616 -0.013271146572228304 -0.057344955652240459 0.0030588162215665609 0.10105075491649673 -0.041087731470793053 -0.0012507464111147105 0.0064559927554222324 -0.058268079583220569 0.0097517715579104377 0.083166076808143766 -0.060849285689390992 0.097902021405725556 0.038722831930076668 0.087154714994468169 -0.00010717981960241342 -0.096660176128814015 0.1460313534929969 -0.093568253055798412 0.19378136404466373 0.024044163549854759 -0.1113084879520357 -0.10162236029060721 -0.09499729046106152 0.15591074994911694 0.048012425783809071 -0.13900020772624899 0.019210510143218645 0.021444390515386279 -0.079765146927371619
leaf_weight=1495.7907291852825 211.75798958332962 820.88769397013675 46.301528639203752 2312.7263225427232 50.339871620992199 139.2191571858275 3802.8523352944121 120.77135353117774 71.987766759386432 224.31165369076552 80.069919450717862 36.645400111796334 35.031219618991599 18.276753618818475 36.466943392646499 1154.0870592703577 32.873811127734371 4.0186461055709506 39.947017258731648 5.3137378697865634 146.03032996936236 8.9202323705030739 2.3284349053865325 9.3788394097355177 20.295283615356311 14.161956608091712 11.496753304731099 10.797381700598633 32.235970139037818 29.090303477132693
leaf_count=65138 34965 47039 4777 75963 583 45164 249237 4479 19743 17872 626 869 472 1284 840 28240 1073 1286 1340 191 5592 1051 385 773 188 2140 1607 285 717 968
internal_value=0.000206668 -0.00128634 0.000531662 0.00680779 0.0279283 -0.00314472 -0.00197339 0.0177085 -0.020476 -0.00472933 0.0278712 0.0102858 0.0270171 0.0594212 -0.00750172 6.83879e-05 -0.00258304 -0.0474663 -0.0176336 0.000456862 0.0300037 -0.0104854 -0.000709215 0.0636408 0.129405 -0.0326678 -0.0416582 -0.068012 -0.0529941 -0.0265647
internal_weight=11024.4 9528.62 7372.24 2723.24 410.518 4648.99 4509.77 360.178 523.573 300.318 299.715 192.448 155.803 107.267 2156.39 1234.23 1197.76 76.0064 922.161 3986.2 151.344 27.197 3834.85 32.0026 22.6237 60.4635 223.255 43.6712 101.273 61.3263
internal_count=614887 549749 469247 92244 16281 377003 331839 15698 75473 38901 8781 5820 4951 2961 80502 30438 29598 21029 50064 256366 5783 2335 250583 1346 573 6917 36572 1358 3025 1685
is_linear=0
shrinkage=0.1


Tree=54
num_leaves=31
num_cat=0
split_feature=11 1 4 20 4 0 3 20 1 7 1 3 7 9 1 1 1 1 20 1 1 3 1 1 20 1 4 13 15 20
split_gain=12.5366 8.98305 21.9879 11.3854 8.70957 10.6631 20.7586 15.9935 16.9733 27.3514 24.0616 16.8173 17.7292 23.3545 25.9994 21.7456 23.9019 29.2994 64.3519 41.1314 23.9979 34.0026 21.9307 25.1433 33.506 38.4183 38.4488 27.2355 24.2866 20.9117
threshold=1.0000000180025095e-35 15533.500000000002 0.27950870646766179 0.56398194235936749 0.074999999999999997 44.78399402639274 0.44402985074626872 0.85059515696560528 3149.5000000000005 3.5000000000000004 3067.5000000000005 0.51119402985074636 1.7500000000000002 1.0000000180025095e-35 1518.0000000000002 1176.0000000000002 626.50000000000011 706.50000000000011 0.35123541681723663 701.00000000000011 643.50000000000011 0.49813432835820898 793.00000000000011 823.50000000000011 0.26626036658819785 859.50000000000011 0.27950870646766179 1.0000000180025095e-35 1.0000000180025095e-35 0.44573796689519296
decision_type=2 2 2 2 2 2 2 2 2 2 2 2 2 2 2 2 2 2 2 2 2 2 2 2 2 2 2 2 2 2
left_child=4 2 3 -2 -1 6 -6 8 9 10 11 12 13 15 -15 16 -8 18 19 20 -18 -22 -19 27 -25 -26 28 -24 -27 -17
right_child=1 -3 -4 -5 5 -7 7 -9 -10 -11 -12 -13 -14 14 -16 29 17 22 -20 -21 21 -23 23 24 25 26 -28 -29 -30 -31
leaf_value=0.0060591088357542303 -0.035821142851672004 0.005386942494370414 -0.087916828365545707 0.0510430319454305 -0.035023739001048139 -0.0084115397694683996 -0.00038458121392766708 0.01188763475652823 -0.016818739491676848 -0.088210616342690965 0.071433116518570858 -0.0291565764178996 0.029817652146271131 -0.068943989359950095 0.1200874680738397 -0.048052564747632011 0.084848656536538475 -0.026876147311050952 -0.040815270280487939 0.15526721841334051 0.2636610516290353 -0.038674699108418691 0.0697500808316521 -0.053514533464358444 -0.057461146269495694 0.056431974676951803 -0.024080814544701918 -0.070614711667544419 -0.10271131915992855 -0.00594987257692623
leaf_weight=1613.7313942854162 16.711873603810091 332.89621576920035 13.952283832506508 155.401519959094 165.88192953980797 1972.6510882779221 2723.6463151295684 1087.9378542528721 630.43006301287096 34.448984932736494 48.309392712661065 183.9132714287698 213.59906088648131 77.924265428504441 8.0253969265613687 147.06944198299607 67.764978124410845 142.54572364641353 57.866236769565148 52.066019692923874 4.1062485885922788 39.537910871811619 123.67675647442229 79.497361707908567 58.696381703193765 245.34775834126049 95.797675660942332 15.563042876397956 9.9794097165577096 596.21625245563337
leaf_count=74216 1900 6700 3037 1462 74556 76843 179856 19335 25480 1281 743 17754 7382 13619 528 18241 2234 12610 6004 588 649 5130 2803 9893 2984 7969 9894 2354 618 28167
internal_value=5.10142e-05 0.015223 0.0328211 0.0426087 -0.000699132 -0.00192694 -7.56874e-05 0.000783933 -0.00135187 0.000588358 0.00120125 0.00051483 0.00166151 0.000338366 -0.0512935 0.00133351 0.0044566 0.0177426 0.0498128 0.0818929 0.0476021 -0.0102295 0.00853705 0.0165681 0.00589912 0.0174242 0.0299426 0.0540613 0.0502119 -0.0142805
internal_weight=11015.2 518.962 186.066 172.113 10496.2 8882.5 6909.85 6743.97 5656.03 5025.6 4991.15 4942.84 4758.93 4545.33 85.9497 4459.38 3716.09 992.446 221.341 163.475 111.409 43.6442 771.104 628.558 489.319 409.821 351.125 139.24 255.327 743.286
internal_count=614830 13099 6399 3362 601731 527515 450672 376116 356781 331301 330020 329277 311523 304141 14147 289994 243586 63730 14605 8601 8013 5779 49125 36515 31358 21465 18481 5157 8587 46408
is_linear=0
shrinkage=0.1


Tree=55
num_leaves=31
num_cat=0
split_feature=11 1 4 20 4 0 20 1 20 4 20 4 4 14 1 1 20 4 7 4 18 19 1 20 4 7 1 1 7 6
split_gain=9.50368 13.2485 20.0226 17.8462 12.6232 11.0136 9.19734 8.86353 11.3511 9.94672 8.65007 15.0237 10.0898 8.16475 7.89528 18.1019 12.8371 12.1211 12.2564 9.01479 9.34593 8.99568 8.77488 11.5007 8.19749 7.86116 8.89366 7.58319 22.72 19.8976
threshold=1.0000000180025095e-35 24327.500000000004 0.24605099502487568 0.56977839954494269 0.13777985074626864 31.139950169622114 0.071032131288146436 67494.500000000015 0.83662031597016284 0.43308457711442799 0.90454357557504406 0.15466954022988508 0.17913557213930356 1.0000000180025095e-35 37272.500000000007 43138.000000000007 0.97394144385072001 0.43010057471264374 3.5000000000000004 0.26371268656716423 1.0000000180025095e-35 1.0000000180025095e-35 75903.000000000015 0.93381963191493456 0.12198383084577115 8.5000000000000018 53973.000000000007 3332.5000000000005 3.5000000000000004 1.0000000180025095e-35
decision_type=2 2 2 2 2 2 2 2 2 2 2 2 2 2 2 2 2 2 2 2 2 2 2 2 2 2 2 2 2 2
left_child=13 2 10 -3 5 -5 -4 9 -9 -6 -2 -12 -13 14 27 17 19 18 -16 22 25 -18 23 -17 -20 26 -21 28 -1 -29
right_child=1 3 6 4 7 -7 -8 8 -10 -11 11 12 -14 -15 15 16 21 -19 24 20 -22 -23 -24 -25 -26 -27 -28 29 -30 -31
leaf_value=0.0011980341005654372 0.027384616835408906 -0.15008500651032408 0.051023646865150797 -0.28659335853291062 0.049444655366929144 -0.03786477001349195 -0.043495392487960492 -0.14332414111462163 0.0018610047483478079 -0.10166733806754745 0.092890025859099667 -0.10041759384954817 0.051391750596882994 -0.058062913319951996 0.060832310979067286 -0.019946093689289401 -0.01197224723216242 -0.042959462793277996 0.029684738379631571 -0.074122283847897971 -0.19782567299305939 0.03797923940837105 -0.038018561487203395 0.046908883336910255 -0.089199705338050925 -0.18113104965010884 -0.0055912370774410698 -0.011431741510790492 -0.061700728447114522 0.0075357074154799603
leaf_weight=7174.8481649408695 141.99015617140685 8.1189902055775729 13.162530002853599 1.8660213587572787 67.003734321508091 38.724044833797961 47.254831160433241 5.6998061350313938 97.536711480468512 4.6588123063556841 60.018968111544382 7.4413974027847898 10.635342792957088 24.534907526278403 123.94970115029719 47.405580761609599 53.891398342791945 16.22182988980785 14.850254988996314 27.463489466987085 3.5572776186745605 108.91593263344839 41.612275526975282 56.277593824197538 9.517133610264862 3.4315829456900238 60.992955595545936 1799.996591417439 57.891494044131832 798.39103048492689
leaf_count=509014 3564 561 1697 101 955 604 2588 515 1883 82 387 60 82 2139 809 1517 798 316 197 1490 267 1314 1278 591 698 285 2031 52352 3602 23215
internal_value=0.00020487 0.0136148 0.028089 -0.00454224 0.000941382 -0.0492994 -0.0229035 0.0126011 -0.00615483 0.0396208 0.0420874 0.0688192 -0.0111015 -0.000443659 -0.000307718 0.0111547 -0.000243595 0.0391103 0.0480865 -0.0149108 -0.0387863 0.0214446 0.000773074 0.0163417 -0.0167478 -0.0326294 -0.0268684 -0.000970071 0.000694587 -0.00560373
internal_weight=10927.9 504.111 280.503 223.608 215.489 40.5901 60.4174 174.899 103.237 71.6625 220.086 78.0957 18.0767 10423.7 10399.2 568.087 403.548 164.539 148.317 240.741 95.4453 162.807 145.295 103.683 24.3674 91.888 88.4564 9831.13 7232.74 2598.39
internal_count=614992 13079 8378 4701 4140 705 4285 3435 2398 1037 4093 529 142 601913 599774 11591 9571 2020 1704 7459 4073 2112 3386 2108 895 3806 3521 588183 512616 75567
is_linear=0
shrinkage=0.1


Tree=56
num_leaves=31
num_cat=0
split_feature=11 20 4 1 20 4 0 4 1 0 1 0 1 20 4 0 1 20 6 10 20 1 1 20 9 0 0 1 20 1
split_gain=11.4537 11.0313 9.14635 8.21441 16.0209 16.678 14.5657 10.3546 13.073 9.65703 8.27772 14.5977 8.68982 15.8085 8.79526 17.9011 7.46536 7.84528 7.36109 31.2239 15.1557 8.72789 14.1501 11.4115 17.5576 10.0914 8.64802 8.75362 23.8049 14.388
threshold=1.0000000180025095e-35 0.0035323332707490611 0.43010057471264374 25377.000000000004 0.54222679260630957 0.13777985074626864 42.18679277863135 0.24605099502487568 23098.500000000004 22.365803085000014 20091.500000000004 14.728311919785602 17959.000000000004 0.79101610049150872 0.31238026819923376 19.210715033053194 28587.500000000004 0.97394144385072001 1.0000000180025095e-35 1.0000000180025095e-35 0.16092200681018581 1723.5000000000002 1760.5000000000002 0.71094166581115481 1.0000000180025095e-35 6.1488476732804109 0.90382758972146715 139.50000000000003 0.28129918036922136 137.50000000000003
decision_type=2 2 2 2 2 2 2 2 2 2 2 2 2 2 2 2 2 2 2 2 2 2 2 2 2 2 2 2 2 2
left_child=1 -1 3 7 -5 6 -6 9 10 -2 12 -12 13 -9 -14 -16 -4 -18 19 26 -21 23 -23 24 -20 -26 -3 28 29 -28
right_child=2 18 16 4 5 -7 -8 8 -10 -11 11 -13 14 -15 15 -17 17 -19 21 20 -22 22 -24 -25 25 -27 27 -29 -30 -31
leaf_value=-0.01713956160836624 0.019622276132302916 -0.044950149943102979 -0.17544183084820344 -0.18500209217223595 -0.2220478266719412 0.020741117839756351 -0.030258257055822926 0.007606966621645091 0.08782319837661702 0.062444640323383808 0.040656064296836263 -0.26062857673042789 0.094426608407823021 -0.14351213776572547 0.040498681072625456 -0.39093673296166687 -0.15897779183125244 0.064243957447298161 0.019261071496042895 0.020597016439201532 -0.045818592755947268 0.092759053659755841 0.0090429110543312156 -0.052698139793825961 -0.0038557777341412039 -0.057613596651009548 -0.0067175036532441616 -0.00089378331431761273 0.03821844792369955 0.053324839068728869
leaf_weight=391.47760109997398 116.87287445098627 42.800785435574653 4.4034355657786346 4.4959944780857759 4.4530705902725449 155.76750168541912 35.75400160998106 20.065544295037402 12.039294277667066 95.854264031746425 2.7978194931056342 3.7820551636395976 11.44975800951943 10.568216522340661 4.0924315720330915 1.2571437209844587 2.3548960934276693 4.7509091920219362 193.30254250318103 40.773453556685126 218.39056978753069 20.545514002034906 1167.5196246488777 47.577149977529189 81.067467318571289 61.343093763767683 452.08486821034239 7468.7107350018596 218.21557034159923 43.774776734877378
leaf_count=44242 2819 10194 1238 365 177 3011 537 2285 166 1286 42 107 100 411 81 41 399 43 15327 857 9761 680 32973 3786 8429 15565 39964 415046 3147 2066
internal_value=3.0788e-05 -0.000670544 0.0149612 0.0170768 0.00163802 0.00591987 -0.0514996 0.0281788 -0.00640746 0.0389179 -0.0274111 -0.13252 -0.0128306 -0.044527 0.0449682 -0.0608881 -0.073133 -0.00973274 -2.94165e-05 -0.00119374 -0.0353696 0.00625751 0.0104906 -0.0068637 -0.000368053 -0.0270119 -0.000116958 0.000117546 0.0106953 -0.00141693
internal_weight=10938.3 10447.6 490.759 479.25 200.471 195.975 40.2071 278.779 66.0523 212.727 54.013 6.57987 47.4331 30.6338 16.7993 5.34958 11.5092 7.10581 10056.1 8484.75 259.164 1571.36 1188.07 383.29 335.713 142.411 8225.59 8182.79 714.075 495.86
internal_count=615145 602037 13108 11428 4090 3725 714 7338 3233 4105 3067 149 2918 2696 222 122 1680 442 557795 481035 10618 76760 33653 43107 39321 23994 470417 460223 45177 42030
is_linear=0
shrinkage=0.1


Tree=57
num_leaves=31
num_cat=0
split_feature=2 11 4 0 0 0 20 2 16 20 2 20 7 2 0 19 4 4 20 2 9 4 20 7 18 2 7 2 4 7
split_gain=10.4009 15.2169 18.4262 13.9809 11.1841 10.66 10.212 9.71076 9.62106 8.87083 7.94333 8.4448 8.18514 11.4138 13.5951 14.6186 19.857 11.9831 11.8416 11.7147 11.3425 10.9189 16.5179 14.5336 13.9947 14.6449 11.7575 10.4019 11.9961 10.2194
threshold=10.141608414535613 1.0000000180025095e-35 0.28345771144278614 112.72540721086301 7.2400644154277742 14.728311919785602 0.56977839954494269 9.9503949791710014 1.0000000180025095e-35 0.94737100035896937 11.235734999500366 0.88421228964015974 2.5000000000000004 10.526005181502923 10.744082540554487 1.0000000180025095e-35 0.35444187110424896 0.1751865671641791 0.99999855885341915 10.260744448799924 1.0000000180025095e-35 0.16147388059701498 0.8644051347692755 3.5000000000000004 1.0000000180025095e-35 11.119779856097184 6.5000000000000009 10.430872091845577 0.15466954022988508 4.5000000000000009
decision_type=2 2 2 2 2 2 2 2 2 2 2 2 2 2 2 2 2 2 2 2 2 2 2 2 2 2 2 2 2 2
left_child=1 3 -3 7 -2 -4 -6 -1 -5 -9 12 -12 13 14 -8 16 17 -16 -18 20 -17 22 -14 -24 25 26 -23 -21 -29 -25
right_child=4 2 5 8 6 -7 10 9 -10 -11 11 -13 21 -15 15 19 18 -19 -20 27 -22 24 23 29 -26 -27 -28 28 -30 -31
leaf_value=-0.00056026665562207575 -0.20807215968865253 0.034011059564715576 0.01657197756993899 -0.019022412700149219 -0.10787958171285926 -0.080847854635844874 -0.15999620298691564 -0.049726246239410597 -0.087233800641024289 -0.00082972965518742859 -0.08050537000327973 -0.00066331407060621827 -0.039461307801488044 0.039883153229958439 -0.068215224988742162 -0.062658352618028795 -0.1204122191761067 0.087054285384255206 0.034608061770581115 -0.080873953487624939 0.063630426867077622 -0.005095662585929351 -0.21178619226383555 0.087850104867769785 -0.066762027362163176 -0.089986896202816052 0.050543123982747441 0.071367186551864997 -0.058693233219382634 0.027065131371370815
leaf_weight=9159.9083612478153 2.3611645995406425 226.97642342033214 20.851119986560661 211.88725398507086 7.3249020105286027 24.348072231543483 4.7828314392827442 77.519332735391799 22.914225120213814 71.164161910302937 14.049224724527447 232.07300186844077 33.101021863520145 232.86165794829139 5.4867448443546882 9.7050063465721887 9.951740880147554 52.823672406491823 9.7603647620417178 32.186714911018498 26.615604018094018 150.85023705888307 2.2802845891565076 37.195357901742682 34.757274000789039 16.173771244997624 50.760482350422535 13.313874159008266 15.174295317265203 107.87906545191072
leaf_count=568556 298 4715 2297 8118 582 1594 127 3227 1415 798 1240 4639 1847 3055 110 78 227 305 84 444 138 6311 74 357 915 691 933 102 417 1551
internal_value=0.000119258 -0.000914723 0.0224001 -0.00157966 0.00933342 -0.0359065 0.00980046 -0.000971767 -0.0256791 -0.026323 0.01059 -0.00522088 0.0151916 0.0252693 0.00634274 0.0108884 0.0431122 0.0724441 -0.0436546 -0.0150322 0.0298856 0.00558722 0.0243729 0.0387123 -0.00783626 0.00156799 0.00891278 -0.0419205 0.00209018 0.0426497
internal_weight=10917 9815.57 272.176 9543.39 1101.47 45.1992 1099.11 9308.59 234.801 148.683 1091.78 246.122 845.66 412.663 179.801 175.018 78.0225 58.3104 19.7121 96.9955 36.3206 432.997 180.456 147.355 252.542 217.784 201.611 60.6749 28.4882 145.074
internal_count=615245 590720 8606 582114 24525 3891 24227 572581 9533 4025 23645 5879 17766 5087 2032 1905 726 415 311 1179 216 12679 3829 1982 8850 7935 7244 963 519 1908
is_linear=0
shrinkage=0.1


Tree=58
num_leaves=31
num_cat=0
split_feature=4 14 1 1 1 1 1 7 16 18 16 3 8 13 4 1 1 1 18 1 1 0 10 0 0 1 1 8 16 1
split_gain=13.3419 6.98039 7.1504 32.5845 27.2215 20.2453 26.5113 23.5261 17.2289 25.8604 13.4108 13.2173 11.687 11.3599 10.5488 14.174 15.6538 12.8514 11.9656 10.2826 23.087 25.7178 21.276 23.2227 20.2101 19.4694 29.8078 16.2358 15.5006 12.6894
threshold=0.044776119402985114 1.0000000180025095e-35 345.00000000000006 321.50000000000006 361.50000000000006 380.50000000000006 388.50000000000006 1.7500000000000002 1.0000000180025095e-35 1.0000000180025095e-35 1.0000000180025095e-35 0.49813432835820898 1.0000000180025095e-35 1.0000000180025095e-35 0.16417910447761203 407.50000000000006 399.00000000000006 429.50000000000006 1.0000000180025095e-35 196.50000000000003 263.50000000000006 11.534016257491627 1.0000000180025095e-35 7.1121041452228431 3.6125932299774761 274.50000000000006 292.50000000000006 1.0000000180025095e-35 1.0000000180025095e-35 223.00000000000003
decision_type=2 2 2 2 2 2 2 2 2 2 2 2 2 2 2 2 2 2 2 2 2 2 2 2 2 2 2 2 2 2
left_child=-1 2 3 11 10 7 12 8 9 -6 -4 -2 -7 -5 15 16 -8 18 -17 22 21 -21 24 -24 -13 28 -27 -23 -22 -29
right_child=1 -3 4 13 5 6 14 -9 -10 -11 -12 19 -14 -15 -16 17 -18 -19 -20 20 25 27 23 -25 -26 26 -28 29 -30 -31
leaf_value=0.01001688322605245 -0.068641840591320474 -0.058178406984885515 0.046204891769938909 -0.11293709213337738 -0.038968488637793175 -0.05519182830116718 -0.031141940368531303 0.089934926525953821 0.026896484101337194 -0.15165402274603679 -0.12831724762114238 -0.01703749413760277 0.10866856930247207 -0.016764429958277888 -0.0032698287188990915 -0.021917203612179775 0.10393921999162736 0.0045845833157312924 -0.16774511177049484 -0.060896535093980089 0.019882209578569957 -0.088403484889555961 0.10447633416458083 -0.097122514178987707 0.008777937824097708 -0.079567579759965451 0.012222089503589662 0.021443484628707848 0.11254634820993946 -0.027652282115135138
leaf_weight=1103.3421852532701 31.687512103815607 21.744499099353561 152.51873720837466 37.939921790341032 77.662985619303072 5.0680450125364578 12.275141429417998 12.974566829390822 23.072505880816607 27.604366065002978 4.5339277670718721 480.62460011130315 30.836799260796397 18.161400156590389 4898.6264351458976 19.245809849497167 28.490021649136906 2356.0253132382131 7.9513818151317528 155.6517136128532 59.310063981160056 23.005722184490878 35.081651079206495 6.825690427387598 821.74589850910706 46.041156746869092 152.76892942230916 120.55561373976525 25.950545093044639 93.453803382231854
leaf_count=47599 20124 1998 6162 4972 6105 1159 788 173 594 2243 314 55146 1303 2346 283224 2014 848 98023 453 18526 3466 2213 2319 698 30544 7338 7441 2633 194 4098
internal_value=-0.000407687 -0.00158285 -0.00145684 -0.00661294 -3.67794e-05 -0.000899613 -0.000179609 -0.0383916 -0.0513648 -0.0685181 0.0411666 -0.00455795 0.0855393 -0.0818036 -0.000599914 0.00479571 0.0632638 0.00379561 -0.0645515 -0.00355317 -0.0136063 -0.0293162 0.00150778 0.0716408 -0.000748945 0.00810934 -0.00903489 -0.00857694 0.0480861 4.30595e-06
internal_weight=10890.8 9787.43 9765.69 2108.8 7656.89 7499.83 7358.52 141.314 128.34 105.267 157.053 2052.7 35.9048 56.1013 7322.61 2423.99 40.7652 2383.22 27.1972 2021.02 676.738 392.667 1344.28 41.9073 1302.37 284.071 198.81 237.015 85.2606 214.009
internal_count=615058 567459 565461 162058 403403 396927 387812 9115 8942 8348 6476 154740 2462 7318 385350 102126 1636 100490 2467 134616 45909 27470 88707 3017 85690 18439 14779 8944 3660 6731
is_linear=0
shrinkage=0.1


Tree=59
num_leaves=31
num_cat=0
split_feature=4 3 3 0 3 20 2 0 3 2 2 3 15 20 12 15 2 2 2 2 20 2 2 18 2 2 2 2 2 7
split_gain=9.36481 15.2357 12.7656 11.2363 11.9039 13.2345 13.0294 10.6771 23.9944 15.472 26.9156 14.2052 11.6843 11.1786 16.6596 15.2083 25.7061 14.1648 36.9842 12.4103 22.6683 32.2453 21.1719 16.882 15.5829 15.4033 14.7986 21.8146 25.1111 30.8824
threshold=0.089552238805970186 0.51119402985074636 0.56156716417910457 24.53950841572669 0.58768656716417922 0.73949172190507462 7.3698938566446301 44.78399402639274 0.44402985074626872 8.3439106522019468 8.3797128052157053 0.49813432835820898 1.0000000180025095e-35 0.65626515006646624 1.0000000180025095e-35 1.0000000180025095e-35 6.8474742070808725 7.6258382015891675 7.7097564622741892 7.1008464718011606 0.2209269493029887 7.6968911044430799 8.4140358147998207 1.0000000180025095e-35 7.7467325342425779 7.0570366107561346 9.5181035408774814 9.0610621597356573 8.9664701801723705 3.5000000000000004
decision_type=2 2 2 2 2 2 2 2 2 2 2 2 2 2 2 2 2 2 2 2 2 2 2 2 2 2 2 2 2 2
left_child=3 7 -3 4 5 -1 -7 8 -2 -9 11 -11 -12 14 15 19 -17 -15 -19 25 21 23 -22 -21 -23 -10 27 28 29 -26
right_child=1 2 -4 -5 -6 6 -8 9 13 10 12 -13 -14 17 -16 16 -18 18 -20 20 22 24 -24 -25 26 -27 -28 -29 -30 -31
leaf_value=-0.015020719677752701 -0.038592548533337372 -0.069114030191081699 -0.013838631070196906 0.01377911169127556 0.016818249032137075 0.080138828427462644 0.0039540597928693104 -0.017571783072332692 0.00096624935826950344 -0.024051753417982973 -0.0019420258581506616 0.11628242912429516 -0.15685332762269399 0.018445815564519182 -0.039530503065844221 0.11756980657264507 -0.035828842119175357 -0.082991183313841518 0.0047055114304056711 -0.088106708832544622 -0.022051341257826165 0.068495754264272374 -0.093437106485712407 -0.0051820120669062702 0.018811107143332995 0.06108849502562818 0.056863918631368984 -0.10950465950866364 0.1010429497656592 -0.065056443382767615
leaf_weight=567.64014002015756 150.1484432919824 54.927877154797898 174.5591941352759 951.55574858098407 258.63527937472099 28.183572229347192 110.3180896739359 853.75830849806516 3322.9210002000982 9.5525939086219278 1074.1840281147161 29.452283402904868 4.8911521385889491 775.79515222544433 110.48943356840027 27.733747332764324 18.023845124465879 49.690983548643999 1492.039289037406 52.468176140057039 228.73332486778963 47.766342294984497 50.768077748187352 46.139063615817577 149.78441757359542 43.166832061659079 49.871870266506448 17.789637199370191 24.559652520343661 62.113027202663943
leaf_count=50634 74831 6611 12263 25165 9486 471 2571 47951 209908 582 27082 232 320 27853 32216 565 1515 1821 37428 6685 16646 1040 3497 4968 3936 2774 1861 684 327 2183
internal_value=-0.000273716 -0.00163611 -0.0270688 0.00606879 -0.00153587 -0.00825834 0.0194568 -0.000964619 0.000933928 -0.00743485 0.000305649 0.0819135 -0.0026442 0.00183727 -0.00120792 -0.000185607 0.0571463 0.00742476 0.00187899 -0.000826066 -0.0126459 0.00123443 -0.0350177 -0.0493056 0.0153971 0.00173726 0.00705711 -0.00271276 0.00532163 -0.0057728
internal_weight=10837.7 8921.33 229.487 1916.33 964.777 706.142 138.502 8691.84 6720 1971.84 1118.08 39.0049 1079.08 6569.85 4252.33 4141.84 45.7576 2317.53 1541.73 4096.08 729.994 450.492 279.501 98.6072 351.885 3366.09 304.119 254.247 236.457 211.897
internal_count=614106 525779 18874 88327 63162 53676 3042 506905 430738 76167 28216 814 27402 355907 288805 256589 2080 67102 39249 254509 41827 21684 20143 11653 10031 212682 8991 7130 6446 6119
is_linear=0
shrinkage=0.1


Tree=60
num_leaves=31
num_cat=0
split_feature=11 1 4 1 0 1 1 1 1 13 3 7 7 9 4 0 0 7 4 0 0 17 7 1 1 9 19 7 7 0
split_gain=10.6118 10.3645 16.3431 9.66168 15.1976 9.3764 18.9616 24.464 16.7543 26.0464 17.2599 16.3049 20.9823 16.837 21.8386 14.5255 14.0609 13.0247 13.4265 12.1211 11.9498 11.1014 8.99151 22.5454 19.3045 13.6548 23.1166 13.5868 12.7921 17.3302
threshold=1.0000000180025095e-35 15533.500000000002 0.27555970149253745 25377.000000000004 10.138568267923121 4509.0000000000009 10610.000000000002 14340.000000000002 4203.5000000000009 1.0000000180025095e-35 0.49813432835820898 4.5000000000000009 2.5000000000000004 1.0000000180025095e-35 0.26560444901927155 42.18679277863135 27.716260291526716 3.5000000000000004 0.38227969348659008 60.848635024704144 60.848635024704144 1.0000000180025095e-35 2.5000000000000004 5853.5000000000009 8612.5000000000018 1.0000000180025095e-35 1.0000000180025095e-35 11.500000000000002 5.5000000000000009 28.504126943894985
decision_type=2 2 2 2 2 2 2 2 2 2 2 2 2 2 2 2 2 2 2 2 2 2 2 2 2 2 2 2 2 2
left_child=3 2 -2 5 -5 8 22 11 -1 15 -11 12 13 21 -15 -10 -12 18 -14 -13 -16 -8 25 -24 27 -7 -27 28 29 -25
right_child=1 -3 -4 4 -6 6 7 -9 9 10 16 19 17 14 20 -17 -18 -19 -20 -21 -22 -23 23 24 -26 26 -28 -29 -30 -31
leaf_value=-0.00048863109862570797 0.045574301609390938 0.0042918192883754152 -0.067184865614899156 -0.098022966802510811 0.011224384942947786 -0.020133070605472068 0.016647146543586028 -0.012964700712701581 0.029438672338734231 -0.015499187784162453 0.0043529951334871754 0.032536627995623103 -0.090671391013697381 0.085213994272124116 -0.1224167632592269 -0.080192317270231725 0.12225300780281692 0.0032961247974331274 0.076656009737389924 0.13089240396886687 0.084985050688012348 -0.086481098831334535 -0.07582554616204866 -0.0064887308361672143 -0.030133175224260823 -0.14100069505441856 -0.016160018295449999 -0.080687062396774464 0.10595465571977195 0.081267482622896403
leaf_weight=7617.5093926729314 145.43345379643142 313.08141200241516 14.099970059622136 12.924961802316828 860.26119652000489 554.46732663211878 154.28642553614918 487.96478886861587 26.126137529732659 17.499982438850566 12.837345004780216 30.810733374557458 35.977007295237854 73.354474806692451 8.7214141497388464 22.488224842818454 47.70845671184361 65.188287947210483 5.5329242428415446 21.117533762939274 4.0765114473178974 11.195508931181392 35.567559863702627 60.849564846022986 74.915614328696392 26.151868256623857 34.267841938999481 9.6592831326997821 25.213399933913024 35.709351700730622
leaf_count=525770 3276 6778 3081 752 19310 17433 4184 14548 872 1108 350 712 1650 643 587 847 379 2538 403 213 44 377 1672 1353 2783 919 730 595 958 270
internal_value=0.00020855 0.0148629 0.0356084 -0.00045917 0.0096073 -0.0013845 -0.00798414 0.00216766 0.000111146 0.0361825 0.0719725 0.0201661 0.0125771 0.0283342 0.0641842 -0.0212749 0.097255 -0.0245841 -0.0683681 0.0725347 -0.0563533 0.00967011 -0.0186268 -0.00229463 0.0103797 -0.0250523 -0.0701956 0.0334719 0.0425273 0.0259652
internal_weight=10845 472.615 159.533 10372.4 873.186 9499.2 1755.03 898.226 7744.17 126.66 78.0458 410.261 358.333 251.634 86.1524 48.6144 60.5458 106.698 41.5099 51.9283 12.7979 165.482 856.802 241.915 206.347 614.887 60.4197 131.432 121.772 96.5589
internal_count=615135 13135 6357 602000 20062 581938 52612 25899 529326 3556 1837 11351 10426 5835 1274 1719 729 4591 2053 925 631 4561 26713 7631 5959 19082 1649 3176 2581 1623
is_linear=0
shrinkage=0.1


Tree=61
num_leaves=31
num_cat=0
split_feature=20 0 1 4 19 7 9 4 1 4 1 4 4 11 7 4 7 1 20 0 10 7 0 19 4 4 17 1 0 1
split_gain=11.1763 13.4798 13.2142 11.8148 11.385 13.4434 8.12069 14.7921 12.0053 11.9303 12.526 18.9045 11.2979 42.6696 16.187 12.4443 9.13021 8.88204 9.20264 13.4323 10.3934 8.8309 8.48156 12.7453 7.81144 11.3615 15.0607 7.79406 14.8047 7.60134
threshold=0.89441734684883911 46.516252163017782 3332.5000000000005 0.052238805970149259 1.0000000180025095e-35 2.5000000000000004 1.0000000180025095e-35 0.46032052381769323 75903.000000000015 0.33553496883399109 25377.000000000004 0.41728855721393049 0.27694859038142633 1.0000000180025095e-35 3.5000000000000004 0.1506704980842912 4.5000000000000009 5853.5000000000009 0.98592335930637953 12.018316546824574 1.0000000180025095e-35 1.7500000000000002 11.054770101423832 1.0000000180025095e-35 0.41728855721393049 0.20057471264367818 1.0000000180025095e-35 47190.500000000007 18.053443052909511 14674.500000000002
decision_type=2 2 2 2 2 2 2 2 2 2 2 2 2 2 2 2 2 2 2 2 2 2 2 2 2 2 2 2 2 2
left_child=-1 2 24 -3 -5 -6 12 8 9 -8 11 -11 13 14 21 -15 -12 -14 19 29 -21 -4 -9 -24 25 -2 -27 28 -23 -19
right_child=1 3 6 4 5 -7 7 22 -10 10 16 -13 17 15 -16 -17 -18 18 -20 20 -22 27 23 -25 -26 26 -28 -29 -30 -31
leaf_value=-0.0016149198590077935 0.054664162151269971 0.023750094401432109 -0.032048371723635651 -0.020624597989451651 0.014118624253264529 -0.01686279115327885 0.050790355131921198 0.010618727334929183 -0.035030921713373575 -0.16228684521234765 0.034179911924830789 0.035215539796712873 0.044838582148399031 0.074971585000064511 0.068494752163584832 -0.0015834078127280181 -0.079785442052721992 0.0088485487289809654 0.025112987754912938 -0.015144019321122554 0.046117126235016646 0.024150825287296979 -0.46975425094912604 -0.098126595159278185 0.090424765412942865 0.028867214519101736 -0.084205308061530842 -0.039233351211382619 -0.16648768826202678 -0.12678228292238608
leaf_weight=8580.6323710659544 81.752048326598015 156.72609953931533 148.34797940007411 336.59507761307759 369.84594239498256 225.42441630887333 159.12567483948078 3.4390121446922404 28.260399134713225 9.8622299227863568 77.376181971048936 9.5291587226092798 78.143582718446851 56.288195310567971 13.76113515999168 34.095526109100319 7.7321394837927064 5.8731775074265924 147.56906835129485 102.7187571315153 37.917064513545483 5.2762763174250749 1.2497243438847361 3.5283493343740702 25.920212037279271 41.518612073501572 16.445554662379436 21.322592753451318 17.871250232215971 13.939075839472933
leaf_count=576386 938 1993 2671 6560 9197 5120 1513 42 722 280 606 115 1095 469 152 326 201 104 1197 2112 467 122 70 101 453 672 402 571 622 383
internal_value=2.63894e-05 0.00632081 0.0138763 -0.00165301 -0.00592543 0.00238619 0.00947442 0.0231859 0.026911 0.0335511 0.00730015 -0.0652318 0.00345084 -0.0112142 -0.0362874 0.0460927 0.0238261 0.0147284 0.00708952 -0.00948723 0.0013727 -0.0437655 -0.109135 -0.195327 0.0400061 0.0306524 -0.00321365 -0.0828528 -0.123033 -0.0865757
internal_weight=10818.1 2237.45 1148.86 1088.59 931.865 595.27 983.227 300.103 291.886 263.625 104.5 19.3914 683.124 296.963 206.579 90.3837 85.1083 386.161 308.017 160.448 140.636 192.818 8.21709 4.77807 165.636 139.716 57.9642 44.4701 23.1475 19.8123
internal_count=615662 39276 16406 22870 20877 14317 13941 3650 3437 2715 1202 395 10291 4933 4138 795 807 5358 4263 3066 2579 3986 213 171 2465 2012 1074 1315 744 487
is_linear=0
shrinkage=0.1


Tree=62
num_leaves=31
num_cat=0
split_feature=1 1 1 20 1 1 7 16 18 20 1 1 20 3 20 1 1 16 4 1 1 1 19 1 1 1 1 19 1 1
split_gain=9.54299 25.5993 23.5278 20.1907 12.0678 22.4208 20.0515 13.111 21.7669 11.2094 14.8138 41.5391 15.4308 14.4511 13.1816 29.7271 11.9167 11.1756 10.7926 12.7447 16.1436 15.3729 78.1973 18.4255 13.5398 19.875 22.1228 20.4645 20.0107 38.2992
threshold=345.00000000000006 321.50000000000006 361.50000000000006 0.51068369173353345 380.50000000000006 388.50000000000006 1.7500000000000002 1.0000000180025095e-35 1.0000000180025095e-35 0.48082338527562068 180.50000000000003 177.00000000000003 0.1154678898060522 0.71828358208955234 0.30258554447136893 137.50000000000003 223.00000000000003 1.0000000180025095e-35 0.16728855721393032 429.50000000000006 407.50000000000006 456.50000000000006 1.0000000180025095e-35 448.50000000000006 512.50000000000011 534.50000000000011 586.50000000000011 1.0000000180025095e-35 714.50000000000011 701.00000000000011
decision_type=2 2 2 2 2 2 2 2 2 2 2 2 2 2 2 2 2 2 2 2 2 2 2 2 2 2 2 2 2 2
left_child=1 9 17 -3 6 -6 7 8 -4 10 11 14 -13 -12 -1 -16 -11 -2 -7 20 -20 22 23 -21 -23 27 -27 -26 29 -28
right_child=2 3 4 -5 5 18 -8 -9 -10 16 13 12 -14 -15 15 -17 -18 -19 19 21 -22 24 -24 -25 25 26 28 -29 -30 -31
leaf_value=-0.0089511587645679912 0.042363892809784913 -0.098235575896302774 -0.030552407509144477 0.080548466272685526 0.074779113872688541 0.0053893173275860635 0.087174049936125514 0.027374651026510679 -0.13898096860053746 0.045908021374353 -0.018859808670029045 0.10432314265632676 -0.07633991180004665 0.11412102583079511 0.039232501400820713 -0.039796834907577253 -0.0011462702924852004 -0.13298522929223897 -0.0083751207135031504 0.017414012190361858 -0.090554311089877659 -0.03608591230811934 0.20341349864286393 -0.099572946722230202 0.020929238977987336 -0.067352143268500433 0.0035290203384835822 0.1491056324199983 -0.0028676679606008341 0.09445468817790699
leaf_weight=927.29007102054311 165.7548364722461 46.394807549426332 80.386332556125126 7.312330199754796 41.408877378606121 3333.6995701688866 13.639157037250696 23.341357931843959 24.054516576608876 87.684623089866363 749.88083392116096 48.198269982356578 5.2418564579129443 8.2619492691010219 172.46214353630785 65.739458777468826 139.3655996357993 3.7161464403616256 70.694164520646154 54.133262513118098 36.116712846182054 113.97091442643432 22.081611096815323 17.919737446063664 49.347892357582168 51.193871924260748 183.11160306131933 16.661967631182051 4168.4540407792501 62.013919027776865
leaf_count=90193 6570 7186 6674 547 2636 136843 174 623 2439 1612 61331 1319 1237 169 2238 4839 5982 320 3275 2800 5764 11213 805 1165 4381 12751 22296 1242 212770 3143
internal_value=0.000100869 -0.00568026 0.00163079 -0.0738938 0.000883207 0.00138146 -0.0280804 -0.0403824 -0.0555254 -0.00401813 -0.00643483 0.000391827 0.0866022 -0.0174106 -0.00356109 0.0174218 0.0170256 0.0385189 0.00100988 -0.00200304 -0.0361629 -0.0012331 0.0387748 -0.0116809 -0.00204394 -0.00118762 -0.00199295 0.0532831 -0.00123483 0.0265322
internal_weight=10789.5 2257.83 8531.7 53.7071 8362.23 8220.81 141.421 127.782 104.441 2204.12 1977.07 1218.93 53.4401 758.143 1165.49 238.202 227.05 169.471 8179.4 4845.7 106.811 4738.89 94.1346 72.053 4644.75 4530.78 4464.77 66.0099 4413.58 245.126
internal_count=614537 176653 437884 7733 430994 421084 9910 9736 9113 168920 161326 99826 2556 61500 97270 7077 7594 6890 418448 281605 9039 272566 4770 3965 267796 256583 250960 5623 238209 25439
is_linear=0
shrinkage=0.1


Tree=63
num_leaves=31
num_cat=0
split_feature=1 1 1 20 1 10 20 20 1 16 18 1 1 18 13 1 1 13 1 1 4 5 1 1 3 12 1 1 20 1
split_gain=9.37294 16.9729 15.1591 14.5049 10.4548 9.94515 40.777 12.4261 20.5036 15.6797 21.3293 17.8349 23.2699 20.4573 32.8809 29.7717 30.0756 25.3373 24.5545 19.8102 13.8085 12.8347 12.541 15.9085 13.8004 13.3903 12.394 24.5937 10.9727 10.7722
threshold=345.00000000000006 361.50000000000006 321.50000000000006 0.47064215217813715 326.00000000000006 1.0000000180025095e-35 0.1496451646912845 0.30898398004262401 137.50000000000003 1.0000000180025095e-35 1.0000000180025095e-35 298.50000000000006 187.50000000000003 1.0000000180025095e-35 1.0000000180025095e-35 47.500000000000007 66.500000000000014 1.0000000180025095e-35 100.50000000000001 137.50000000000003 0.24253731343283591 2.5000000000000004 187.50000000000003 223.00000000000003 0.53544776119402993 1.0000000180025095e-35 263.50000000000006 274.50000000000006 0.52115977695809612 137.50000000000003
decision_type=2 2 2 2 2 2 2 2 2 2 2 2 2 2 2 2 2 2 2 2 2 2 2 2 2 2 2 2 2 2
left_child=2 -2 5 -4 -5 7 -7 9 20 11 21 12 13 17 15 -15 -17 19 -18 -1 -9 -11 25 24 -24 -10 -14 -28 -25 -20
right_child=1 -3 3 4 -6 6 -8 8 22 10 -12 -13 26 14 -16 16 18 -19 29 -21 -22 -23 23 28 -26 -27 27 -29 -30 -31
leaf_value=-0.025629377184280606 0.032956211503478036 0.0010744283847203702 -0.088689223153292307 -0.089012164164681482 0.11072227897817986 0.091934457635175437 -0.087489295170222553 0.0074193416420584041 -0.043327537300360625 -0.097660082239801993 0.10133021069096421 0.036662745434976954 -0.066099547717498985 -0.076931475150846029 -0.067579791729148436 0.11136437549566076 -0.12048338935486583 0.024985646968822259 -0.0066369538423882157 -0.091961708609201886 0.063379388076984469 0.0081185283543116875 0.024211783822234892 -0.036505526095080724 -0.070650225866916716 0.18060329704748584 0.022331904086456036 -0.082531408380546178 0.0076216648804690798 0.044907116408011684
leaf_weight=376.87134754995714 170.36910957201326 8399.1915459292213 39.085366667000926 4.0751710236654599 7.3423390773241408 40.738908398328931 18.381647067537415 90.735624239780009 94.619746804670285 12.167481863463761 24.099522319622338 60.446815882736701 138.79699074930249 26.689545926696155 47.254379292775411 41.84012384864036 12.038941815408178 89.376918665475387 62.033299688715488 51.131867946862258 85.783540790434927 200.31124052318046 256.25462780157977 128.92392613404809 16.311987292487174 2.7478640775225349 56.71604225919873 36.927282661185018 100.10604351603979 117.05402920319466
leaf_count=52627 6904 431579 6842 359 581 2208 2834 1356 5989 1069 209 3566 20492 1965 4441 945 1449 8670 2787 12287 773 5593 6664 14929 1025 849 3806 5993 3465 3080
internal_value=0.000203072 0.00170826 -0.00555825 -0.0597239 0.0394325 -0.00430822 0.0361484 -0.00543154 0.00466189 -0.0112134 0.0121734 -0.0161659 -0.0191878 -0.0113077 0.00914647 0.0231098 0.0345709 -0.0234412 0.0177597 -0.0335538 0.0346144 0.00206117 -0.00416534 0.00220989 0.0185347 -0.0370079 -0.0471325 -0.0190199 -0.0172181 0.027053
internal_weight=10808.4 8569.56 2238.86 50.5029 11.4175 2188.36 59.1206 2129.24 775.483 1353.76 236.578 1117.18 1056.73 824.29 306.91 259.656 232.966 517.38 191.126 428.003 176.519 212.479 598.964 501.597 272.567 97.3676 232.44 93.6433 229.03 179.087
internal_count=615336 438483 176853 7782 940 169071 5042 164029 35050 128979 6871 122108 118542 88251 14667 10226 8261 73584 7316 64914 2129 6662 32921 26083 7689 6838 30291 9799 18394 5867
is_linear=0
shrinkage=0.1


Tree=64
num_leaves=31
num_cat=0
split_feature=16 1 1 20 1 1 4 5 1 20 1 5 0 19 7 20 1 4 1 1 20 1 4 20 0 12 1 7 0 14
split_gain=7.60989 27.7321 34.298 23.5992 22.2634 51.746 17.2481 15.7062 15.5499 28.9496 17.9025 11.826 11.7476 11.4835 11.079 16.9178 16.4311 9.99914 8.73578 8.67822 8.17519 8.09963 7.38452 7.09951 9.19585 11.7098 7.0542 17.209 14.7661 6.38553
threshold=1.0000000180025095e-35 1116.0000000000002 1080.5000000000002 0.86888973156516258 826.50000000000011 812.50000000000011 0.20857279693486594 1.0000000180025095e-35 313.50000000000006 0.089834693488058379 270.50000000000006 2.5000000000000004 5.1469756135096469 1.0000000180025095e-35 2.5000000000000004 0.45582702430331995 1554.5000000000002 0.032950191570881263 10.500000000000002 2229.0000000000005 0.23629354976228015 823.50000000000011 0.1351718419397267 0.98592335930637953 19.703638117624184 1.0000000180025095e-35 10.500000000000002 1.7500000000000002 0.19676855565037307 1.0000000180025095e-35
decision_type=2 2 2 2 2 2 2 2 2 2 2 2 2 2 2 2 2 2 2 2 2 2 2 2 2 2 2 2 2 2
left_child=23 2 4 7 5 8 20 -3 10 -10 11 -2 18 -11 15 -9 22 -18 -13 -5 -4 -7 -17 26 -25 -26 27 -1 -28 -30
right_child=1 3 6 19 -6 21 -8 14 9 13 -12 12 -14 -15 -16 16 17 -19 -20 -21 -22 -23 -24 24 25 -27 28 -29 29 -31
leaf_value=-0.0016213512955049537 -0.10403892477189346 -0.10688106661143637 -0.047601473953889736 0.080503135516239333 -0.070411348840128438 0.12149584141591718 -0.16041894026012132 -0.080300151045052101 -0.065796485665251744 0.059261967237960435 0.082234848142655831 -0.047527647748578081 -0.043817531878123823 -0.099220318428664259 0.023317984565514913 -0.048345400932984145 0.032390437928493145 -0.06590452524929756 0.025885084648757196 -0.0057790906036630446 0.11932172934975736 -0.026303654440452989 0.062959743454817793 0.042188360969832826 0.0089440036686399601 -0.074378295861947982 -0.072848245042361967 0.15865656145325774 -6.2040818015574578e-06 -0.05471219096333875
leaf_weight=22.145823600469157 10.694653939528505 38.104863720087451 3.1764524705940849 12.592931066930758 42.200827197346371 40.233576323837042 2.5687654669745816 79.902062258772276 89.592380704976676 33.48754117731005 29.067728124791756 18.47641305020079 40.459808251587674 5.2949975896044625 26.526865366380662 7.7007510527037075 12.756636613514273 54.834491656285536 132.08894810453057 156.84990157993161 38.444476002012379 4.0842184922657898 26.378103994997218 81.92162144446047 495.83568870395538 17.460465256066527 28.012370268763334 9.6041857021627965 9141.4337306446851 21.386616436560871
leaf_count=2065 1048 4684 183 175 3536 499 477 9697 5652 336 473 478 1198 803 573 228 372 5301 3488 3932 521 542 526 666 6849 342 5294 97 552277 2114
internal_value=-0.000318841 -0.00909053 0.00702943 -0.0280891 -0.00130243 0.00592581 0.0910615 -0.0478566 -0.00665391 -0.0345527 0.00886471 -0.00170789 0.00402117 0.0376243 -0.0370486 -0.0458679 -0.0188078 -0.0473531 0.0168763 0.000633374 0.106582 0.107875 0.0378083 0.000490191 0.0110753 0.00610968 -0.000192963 0.0468617 -0.000355515 -0.000133891
internal_weight=10723.3 905.517 489.871 415.647 445.681 403.48 44.1897 246.204 359.162 128.375 230.788 201.72 191.025 38.7825 208.099 181.572 101.67 67.5911 150.565 169.443 41.6209 44.3178 34.0789 9817.8 595.218 513.296 9222.58 31.75 9190.83 9162.82
internal_count=614426 44722 19234 25488 18053 14517 1181 21381 13476 6791 6685 6212 5164 1139 16697 16124 6427 5673 3966 4107 704 1041 754 569704 7857 7191 561847 2162 559685 554391
is_linear=0
shrinkage=0.1


Tree=65
num_leaves=31
num_cat=0
split_feature=20 0 1 9 0 4 4 1 1 4 4 4 4 0 3 1 15 0 1 1 1 1 1 1 1 8 8 4 18 20
split_gain=7.28246 9.02243 12.9981 14.3563 14.9998 15.0393 9.17879 8.86505 8.04302 7.30281 7.25962 6.92449 6.47337 10.7683 19.8104 17.9559 11.2498 31.6007 10.5968 14.5026 18.099 15.2433 21.4839 23.3697 31.5091 33.5623 20.9229 11.9469 10.1787 9.81356
threshold=0.96371328872753381 67.68659019904031 4509.0000000000009 1.0000000180025095e-35 34.269177493652457 0.39412134728655579 0.46032052381769323 2200.5000000000005 174508.00000000003 0.37334877337450689 0.39172885572139315 0.052238805970149259 0.082089552238806013 40.639317029662735 0.44402985074626872 1004.0000000000001 1.0000000180025095e-35 18.735914370530313 1102.0000000000002 1160.0000000000002 1190.5000000000002 1384.0000000000002 1422.5000000000002 1723.5000000000002 1760.5000000000002 1.0000000180025095e-35 1.0000000180025095e-35 0.22235696517412934 1.0000000180025095e-35 0.85514137578944538
decision_type=2 2 2 2 2 2 2 2 2 2 2 2 2 2 2 2 2 2 2 2 2 2 2 2 2 2 2 2 2 2
left_child=12 2 10 4 -4 8 -5 -3 9 -6 -2 -9 -1 14 -14 -15 -16 28 27 -20 29 26 -23 -24 25 -25 -22 -17 -18 -21
right_child=1 7 3 6 5 -7 -8 11 -10 -11 -12 -13 13 15 16 18 17 -19 19 20 21 22 23 24 -26 -27 -28 -29 -30 -31
leaf_value=0.0050208675538688033 0.035960880278558635 -0.072710636431643189 0.013295971675661778 0.039642378054303117 -0.042691372790050058 0.058615870378670491 -0.095747788628864586 0.038470318828592399 0.045485330372174892 -0.19323172672027911 0.10850066732984064 -0.0074271527993474131 -0.03795555570427224 -0.04323376029246237 0.00041716336711638738 0.064407469562440575 -0.0095012249224327439 -0.087343025871380209 -0.074616620401644351 0.096889260917887091 -0.0016450735019477598 0.073928617680051475 -0.054796677532790744 -0.10998747490634081 -0.0063783480948338724 0.12090806578818197 -0.10082964246419671 -0.037156543861854734 0.11093124632133128 -0.051018517823983506
leaf_weight=1588.7315940176486 87.220691495225765 18.591576304141199 257.59032916362048 146.60332957515493 110.98670741228852 17.88034534570761 5.1844675990287206 37.751537343487144 10.231018322054295 3.3187928134575477 16.388549524126574 254.24928912974428 134.55833369303764 139.06066870927316 6133.9104286068105 41.748389481101185 8.7922310559370072 13.732192035065962 31.429863172234036 24.984460836043585 44.911890191171551 33.579014684160938 95.509395982531714 7.6415070199291213 1326.3317321746144 35.735967778600752 40.399971116741654 16.028441734466469 34.774596429197118 5.4675163058564058
leaf_count=78557 1077 903 2664 1275 1780 170 84 417 97 54 170 4598 73692 14939 365464 1235 863 1030 2314 646 4373 1329 5860 819 45264 411 2616 1351 794 218
internal_value=3.60631e-07 0.00828268 0.0149356 0.00883332 -0.00110279 -0.0271459 0.035018 -0.00575623 -0.0394592 -0.0470622 0.047435 -0.00149327 -0.000819607 -0.00195554 4.14931e-06 -0.00868243 0.000829157 0.0449334 -0.00586237 -0.00733993 -0.00603029 -0.00749825 -0.00515791 -0.00697036 -0.00363545 0.0802328 -0.0486146 0.0362316 0.0866267 0.0703331
internal_weight=10723.3 965.997 655.404 551.795 400.007 142.417 151.788 310.592 124.537 114.306 103.609 292.001 9757.33 8168.6 6325.77 1842.83 6191.21 57.299 1703.77 1645.99 1614.56 1584.11 1498.8 1465.22 1369.71 43.3775 85.3119 57.7768 43.5668 30.452
internal_count=615064 13289 7371 6124 4765 2101 1359 5918 1931 1834 1247 5015 601775 523218 441843 81375 368151 2687 66436 63850 61536 60672 53683 52354 46494 1230 6989 2586 1657 864
is_linear=0
shrinkage=0.1


Tree=66
num_leaves=31
num_cat=0
split_feature=20 1 1 0 1 1 1 10 4 1 8 4 1 1 4 0 1 1 4 19 4 20 10 1 17 0 1 20 1 1
split_gain=9.55014 17.2252 29.6667 21.0769 20.4839 32.8305 37.4206 30.9651 26.4987 21.6361 26.5136 22.9589 40.518 21.6545 20.2646 17.162 15.5188 15.233 20.8636 15.2099 20.5466 10.8852 10.0134 19.7493 10.6548 41.5483 25.5825 32.8224 16.3015 13.4331
threshold=0.6458013785127773 1047.5000000000002 1027.0000000000002 73.752792421305742 1364.0000000000002 1436.5000000000002 1518.0000000000002 1.0000000180025095e-35 0.2731672099273747 2049.5000000000005 1.0000000180025095e-35 0.24056513409961691 1741.0000000000002 1631.0000000000002 0.28345771144278614 45.616441709830262 1340.0000000000002 2354.5000000000005 0.084577114427860714 1.0000000180025095e-35 0.33553496883399109 0.8227345909907019 1.0000000180025095e-35 26.500000000000004 1.0000000180025095e-35 9.4014378027374068 241.50000000000003 0.50044079361139437 252.50000000000003 122.50000000000001
decision_type=2 2 2 2 2 2 2 2 2 2 2 2 2 2 2 2 2 2 2 2 2 2 2 2 2 2 2 2 2 2
left_child=22 2 3 -2 8 7 14 -6 16 10 13 -12 -13 -8 -7 -15 -3 18 -11 -20 -21 -14 24 -24 -1 -26 29 -28 -29 -27
right_child=1 4 -4 -5 5 6 9 -9 -10 17 11 12 21 15 -16 -17 -18 -19 19 20 -22 -23 23 -25 25 26 27 28 -30 -31
leaf_value=-0.00044003843051818449 0.017964037702683035 -0.041523462683868848 0.088246246722501601 -0.077201804355961551 0.062937952378973011 -0.13437117489005176 -0.069570248953394878 -0.084768069481594155 0.0091061479993782401 0.03026945371712943 0.070958997536663848 -0.080213928866464446 0.10640938957705391 0.030847131408453549 -0.014506838009542009 -0.03197491623161948 -0.16236687425318566 0.0016060913269102868 -0.062522456667931978 0.10673796439557824 -0.11849603621076617 0.017671015896545211 0.13980689307949645 0.01100029662422128 -0.040121942921537895 -0.056412964756129808 -0.054995733439597516 -0.14472691626139966 -0.00037582724184322428 0.015003104387700267
leaf_weight=3774.5004368742411 384.08173213551709 159.89411491672217 58.655532965902239 24.773698823264567 141.94143297703704 30.515879130660323 38.071524600440171 15.7699263242539 139.9067257894385 44.935938931070268 146.78317589938524 33.524795030942187 25.871398984978441 148.15565427182446 26.226515507762088 61.55155408452265 11.383636881248092 3401.5640328339068 112.65258351585362 12.709904060073315 5.9444150122581041 29.683469269104535 12.630664218158925 206.76059145214094 359.88812459835026 27.478667947929353 161.42762221245903 7.9566582108382127 466.64872143031607 634.52487851412297
leaf_count=289115 18307 8676 870 3063 4446 1657 1512 531 9681 1027 2181 1400 805 5530 1168 3642 673 90811 3415 571 1202 1016 210 10460 77399 1474 24830 394 28460 20210
internal_value=0.000295142 0.0034533 0.021739 0.0121977 0.00158964 0.00339238 0.00167762 0.0481685 -0.0231813 0.00280434 0.0226559 0.0466539 0.00660466 -0.000187967 -0.0789695 0.0124081 -0.0495551 0.000120837 -0.0285452 -0.0486728 0.0349645 0.0589957 -0.0025293 0.0184159 -0.00337518 -0.0100574 -0.00172188 -0.0160444 -0.00279584 0.0120387
internal_weight=10706.4 5054.6 467.511 408.855 4587.09 4275.9 4118.19 157.711 311.184 4061.45 483.642 235.863 89.0797 247.779 56.7424 209.707 171.278 3577.81 176.243 131.307 18.6543 55.5549 5651.82 219.391 5432.43 1657.92 1298.04 636.033 474.605 662.004
internal_count=614736 162184 22240 21370 139944 120914 115937 4977 19030 113112 16086 5402 3221 10684 2825 9172 9349 97026 6215 5188 1773 1821 452552 10670 441882 152767 75368 53684 28854 21684
is_linear=0
shrinkage=0.1


Tree=67
num_leaves=31
num_cat=0
split_feature=4 3 3 0 3 1 4 20 0 15 0 20 1 1 9 1 18 1 1 1 7 1 4 8 1 20 1 18 9 1
split_gain=6.05293 10.2365 10.0362 7.3245 14.7455 12.6612 11.3933 6.84353 8.33273 6.82959 23.988 7.10803 15.3871 18.5887 16.6616 17.1354 19.0231 15.6678 19.9067 14.5546 13.3924 25.6568 12.9962 10.6798 15.259 17.212 21.0524 16.7459 18.2244 16.0029
threshold=0.094851532567049826 0.51119402985074636 0.56156716417910457 44.78399402639274 0.40485074626865675 987.50000000000011 0.16266762452107283 0.80467226748466358 65.892608633726368 1.0000000180025095e-35 18.735914370530313 0.65626515006646624 877.00000000000011 1027.0000000000002 1.0000000180025095e-35 812.50000000000011 1.0000000180025095e-35 823.50000000000011 859.50000000000011 1936.0000000000002 1.7500000000000002 764.50000000000011 0.38227969348659008 1.0000000180025095e-35 1212.0000000000002 0.25113437415743511 2200.5000000000005 1.0000000180025095e-35 1.0000000180025095e-35 4509.0000000000009
decision_type=2 2 2 2 2 2 2 2 2 2 2 2 2 2 2 2 2 2 2 2 2 2 2 2 2 2 2 2 2 2
left_child=-1 3 -3 4 6 7 -2 -5 -9 11 -11 12 14 22 15 -6 17 -17 -19 -13 -16 -22 -14 24 -15 26 27 -26 -29 -27
right_child=1 2 -4 5 9 -7 -8 8 -10 10 -12 19 13 23 20 16 -18 18 -20 -21 21 -23 -24 -25 25 29 -28 28 -30 -31
leaf_value=0.0052234833298805509 0.024591496294508599 -0.063308512629290312 -0.010894203287335128 -0.056026833956786315 0.0021697507439943117 -0.0039911208805634103 -0.049337571263044194 0.056756931971054386 -0.068086382524436231 0.07699133191907713 -0.069889835751456963 0.017378066338160955 -0.073075720222980742 0.027889440718432568 -0.068393065690719762 0.11594692934428706 -0.049008209554044835 -0.056425269237292568 0.068137434137856542 0.00037160497987024331 0.062076990568017902 -0.16898021919517039 0.035005373861386149 -0.04448184470658631 -0.087756790438222376 -0.018165787989749504 0.012529343534969038 -0.036269619757088915 0.1244234263666711 -0.080490687970581537
leaf_weight=1950.7402902023459 26.653852990868472 47.445295818615705 158.81389472811134 73.477181451868091 3001.0353670001532 1811.1588860274533 95.665427085417832 13.464628093584908 8.8671972520824038 40.481822880712571 15.329290790134108 753.43957480370591 72.489300748566166 124.03110758478579 58.212835044570966 32.958073067478836 19.121742629387882 18.429334077023668 42.226563998672646 1515.4155623282713 23.310090805403892 6.0538764668162903 13.14250713016372 72.349673992401222 42.088209079855005 201.12066020123893 349.40512791124638 28.065359678847017 9.4286729706218448 51.811192831417429
leaf_count=93234 7675 6354 11817 10090 204699 63869 61756 526 1086 1603 1173 26485 10155 8012 11583 411 2138 1294 1037 39768 324 341 2430 7004 6202 15410 10511 3653 368 3937
internal_value=0.000187676 -0.000938169 -0.0229509 -0.000405218 0.00116944 -0.00586521 -0.0332281 -0.0412928 0.00718596 0.00181775 0.0366484 0.00151562 -0.000937459 -0.0120139 0.00239767 0.00360755 0.041882 0.0604474 0.030291 0.0060191 -0.0406194 0.0144407 -0.0564878 -0.00767779 -0.00437391 -0.0102421 0.00195698 -0.0444609 0.00414007 -0.0309326
internal_weight=10676.2 8725.49 206.259 8519.23 6612.27 1906.97 122.319 95.809 22.3318 6489.95 55.8111 6434.13 4165.28 963.932 3201.35 3113.77 112.736 93.614 60.6559 2268.86 87.5768 29.364 85.6318 878.3 805.95 681.919 428.987 79.5822 37.494 252.932
internal_count=614945 521711 18171 503540 427969 75571 69431 11702 1612 358538 2776 355762 289509 67682 221827 209579 4880 2742 2331 66253 12248 665 12585 55097 48093 40081 20734 10223 4021 19347
is_linear=0
shrinkage=0.1


Tree=68
num_leaves=31
num_cat=0
split_feature=11 1 1 20 5 20 20 4 20 20 1 4 0 6 0 0 1 20 19 1 1 4 0 1 1 1 1 1 10 9
split_gain=6.12166 7.85808 8.02942 9.55046 8.49946 9.2091 8.59298 7.14549 10.4484 8.73788 7.66438 7.36752 8.84813 7.08186 6.48774 5.54698 8.30158 7.70382 8.88989 9.85197 18.3374 11.6971 10.8292 9.70674 9.08879 18.8584 11.7025 8.76165 6.64649 6.64415
threshold=1.0000000180025095e-35 3873.5000000000005 7136.0000000000009 0.56977839954494269 2.5000000000000004 0.67673906224717384 0.22849665766322161 0.07276119402985072 0.77692050401218449 0.89441734684883911 10045.000000000002 0.36628352490421462 53.990770619285101 1.0000000180025095e-35 71.622793959741003 128.52565582794094 27142.500000000004 0.94737100035896937 1.0000000180025095e-35 3873.5000000000005 18911.000000000004 0.29393978383942371 13.234738271939881 25377.000000000004 14340.000000000002 32675.000000000004 67494.500000000015 1554.5000000000002 1.0000000180025095e-35 1.0000000180025095e-35
decision_type=2 2 2 2 2 2 2 2 2 2 2 2 2 2 2 2 2 2 2 2 2 2 2 2 2 2 2 2 2 2
left_child=15 -2 3 13 5 6 -4 -7 -9 10 -10 -12 -13 -3 -8 17 -17 -1 19 27 21 -21 23 -22 -20 -26 -27 -19 -29 -24
right_child=1 2 4 -5 -6 7 14 8 9 -11 11 12 -14 -15 -16 16 -18 18 24 20 22 -23 29 -25 25 26 -28 28 -30 -31
leaf_value=-0.00097023974750508985 -0.075788390344588327 -0.096752449889652578 0.027531610024002198 0.070074557167752766 0.047318506576778073 0.049548643593117087 -0.083724808494996458 0.063859998207142735 0.084606631976110513 0.0059903329749556805 -0.079602091586494617 -0.096682031881694067 0.11470685930756096 0.10348890509174524 0.075261910737771762 -0.030074818218973016 0.015597561793217305 -0.066650593925001569 0.042916973961711402 -0.04925651338285169 0.033702731558399104 0.0017302698903854013 0.002827601392455574 -0.13757596305402872 -0.032649446185412191 0.041844191498767516 -0.004509782921916468 0.03084236356216773 -0.10287543170228025 0.039217917334960162
leaf_weight=9008.429868454381 10.051163393211025 6.5972803627373633 13.205123983090742 43.063345187401865 49.425987545284443 38.352284003165551 27.725797930950652 25.499541563272942 4.1976129538379601 181.201687460416 31.28035655192798 3.3815713760850468 4.7777275717817247 2.4119068423751742 2.8285259637050322 139.65906924486626 55.657408471917734 10.596159679233095 117.27760065929033 122.15376743138768 5.2996748918667427 71.233575322432443 126.305633591488 8.8077628449536842 77.041375922970474 145.0919716754579 87.193388721556403 146.10815791483037 3.8142239162698379 83.237275833263993
leaf_count=581414 3917 252 342 442 1869 442 1091 567 118 2507 885 544 42 16 56 5761 1155 606 2140 2048 61 874 1643 220 994 1078 1453 1892 93 688
internal_value=0.000130249 0.011625 0.0136496 0.0504863 0.0086266 0.0028742 -0.0398748 0.00935405 0.00319617 -0.00368387 -0.0438555 -0.0575279 0.027098 -0.0431446 -0.0690068 -0.000369721 -0.01706 -4.4142e-05 0.00826398 0.000177449 -0.00792543 -0.0304757 0.0115735 -0.0732325 0.0192119 0.0102244 0.0244442 0.0212293 0.0274404 0.017283
internal_weight=10651.9 444 433.949 52.0725 381.876 332.45 43.7594 288.691 250.338 224.839 43.6373 39.4397 8.1593 9.00919 30.5543 10207.9 195.316 10012.6 1004.16 577.556 417.038 193.387 223.65 14.1074 426.604 309.327 232.285 160.519 149.922 209.543
internal_count=615210 13090 9173 710 8463 6594 1489 5105 4663 4096 1589 1471 586 268 1147 602120 6916 595204 13790 8125 5534 2922 2612 281 5665 3525 2531 2591 1985 2331
is_linear=0
shrinkage=0.1


Tree=69
num_leaves=31
num_cat=0
split_feature=4 3 17 0 20 3 12 4 0 8 3 20 1 1 8 3 4 4 20 0 1 19 8 4 1 20 13 0 4 1
split_gain=7.41766 7.66471 6.84968 6.90879 5.89726 5.87588 9.53297 6.69876 5.76364 8.15743 8.14369 6.70762 5.68474 5.50571 5.87564 5.8298 7.02883 5.35907 5.3173 15.5618 18.8769 10.2668 27.7669 27.3517 27.4223 10.0853 9.15821 8.93777 11.8575 14.6992
threshold=0.032950191570881263 0.24813432835820901 1.0000000180025095e-35 35.987009606802765 0.005256615060442873 0.16977611940298512 1.0000000180025095e-35 0.28345771144278614 18.956048041070726 1.0000000180025095e-35 0.51119402985074636 0.61962107968522817 478.50000000000006 693.50000000000011 1.0000000180025095e-35 0.12363184079601992 0.033582089552238813 0.83062810945273646 0.80467226748466358 23.288057653076411 1936.0000000000002 1.0000000180025095e-35 1.0000000180025095e-35 0.2963840996168583 1973.5000000000002 0.88911681117536079 1.0000000180025095e-35 65.892608633726368 0.18703358208955229 1149.5000000000002
decision_type=2 2 2 2 2 2 2 2 2 2 2 2 2 2 2 2 2 2 2 2 2 2 2 2 2 2 2 2 2 2
left_child=1 2 3 12 -2 6 13 -8 9 11 -10 -3 -1 -6 15 16 -15 -16 -7 20 -20 27 -23 -24 -25 -26 -22 28 -21 -30
right_child=4 8 -4 -5 5 18 7 -9 10 -11 -12 -13 -14 14 17 -17 -18 -19 19 21 26 22 23 24 25 -27 -28 -29 29 -31
leaf_value=0.24982236541297398 -0.011117707625122349 0.01176615080132304 0.063738174493309693 0.040875107127651307 -0.091797383684454253 -0.00097772614854296671 0.072590370138084503 -0.076466819141091102 0.0085023791963205111 -0.035640879928237779 0.063509793603185635 -0.056256626316371294 -0.014712728245662471 -0.17078372367738004 0.01591010027983631 -0.054660363072951204 -0.0074494747926804016 0.56883858848210322 0.070270617847284819 0.0099900698166518528 0.0028040106863611823 0.0018261295862400106 0.089696646419461776 -0.095172870137501364 -0.073879053452662408 0.083019812992256664 0.029225849897702261 -0.022109235397269091 0.044171998692815434 -0.016591559073700936
leaf_weight=0.82599335222039272 473.36813727805566 147.33629232129897 43.598228802438825 55.627493376028724 11.163677773627567 6203.0170598888326 17.588820696139013 3.6387515168244127 331.62999731529271 70.415770593914203 29.291213627438992 16.078320693282876 49.187002312741242 2.7187603241764 32.429909875165322 52.315416647059465 85.198352560071726 0.17624046589480613 62.511125372257084 480.80480049009202 362.23819350612757 969.63845908286748 75.626913600135595 20.301488458877429 4.936336454004052 24.08955515595153 205.66806950909086 262.30131857574452 43.327868900261819 490.53337912150891
leaf_count=37 53314 10183 645 894 6907 420033 1298 3981 9679 8088 681 609 2151 66 5571 7234 10000 64 1152 8801 9152 27879 1834 1346 210 398 3753 6832 1227 10562
internal_value=0.00049814 0.0101273 0.0303898 0.0166267 -0.000226701 0.000321156 -0.0164139 0.0470395 0.00504297 -0.00718731 0.0129666 0.00507341 -0.0103438 -0.0237343 -0.0193381 -0.0282287 -0.0125004 0.0188988 0.000694273 0.00414914 0.0181138 0.000437008 0.00754366 0.0519114 -0.00601963 0.0563365 0.0123727 -0.00565468 -0.00140101 -0.01166
internal_weight=10627.6 743.99 149.239 105.64 9883.59 9410.22 205.23 21.2276 594.752 233.83 360.921 163.415 50.013 184.002 172.839 140.233 87.9171 32.6062 9204.99 3001.98 630.417 2371.56 1094.59 124.954 49.3274 29.0259 567.906 1276.97 1014.67 533.861
internal_count=614581 32967 3727 3082 581614 528300 35121 5279 29240 18880 10360 10792 2188 29842 22935 17300 10066 5635 493179 73146 14057 59089 31667 3788 1954 608 12905 27422 20590 11789
is_linear=0
shrinkage=0.1


Tree=70
num_leaves=31
num_cat=0
split_feature=4 14 20 0 1 20 15 1 1 1 5 20 11 1 1 1 20 0 8 1 4 4 1 13 1 1 1 20 0 15
split_gain=7.70582 5.32852 4.95207 5.96088 9.51321 9.46331 6.96914 6.70854 6.37348 24.5529 15.3467 12.1306 17.4035 11.4584 15.6478 18.1289 15.5866 18.3564 13.2933 15.4297 29.5343 13.2712 12.3709 10.7784 10.548 16.3379 11.8342 10.4404 24.8816 20.8652
threshold=0.052238805970149259 1.0000000180025095e-35 0.005256615060442873 44.78399402639274 987.50000000000011 0.98592335930637953 1.0000000180025095e-35 2313.0000000000005 4575.5000000000009 6608.5000000000009 2.5000000000000004 0.59178459903652192 1.0000000180025095e-35 1066.5000000000002 987.50000000000011 978.50000000000011 0.75798462856626292 14.920766595605043 1.0000000180025095e-35 859.50000000000011 0.2731672099273747 0.35444187110424896 776.50000000000011 1.0000000180025095e-35 823.50000000000011 793.00000000000011 728.00000000000011 0.13375554626913663 7.1121041452228431 1.0000000180025095e-35
decision_type=2 2 2 2 2 2 2 2 2 2 2 2 2 2 2 2 2 2 2 2 2 2 2 2 2 2 2 2 2 2
left_child=-1 2 -2 5 -5 8 -6 -7 11 -10 -11 27 13 14 15 18 -15 -18 21 24 -21 22 -13 -16 25 26 -20 29 -29 -4
right_child=1 -3 3 4 6 7 -8 -9 9 10 -12 12 -14 16 23 -17 17 -19 19 20 -22 -23 -24 -25 -26 -27 -28 28 -30 -31
leaf_value=0.0072314943039314631 -0.011578098274644098 -0.054124554229601878 0.0018994060750548609 -0.035454628808216343 -0.0034392222395114667 -0.10686249223835427 -0.071643937435500238 0.020195620757574497 -0.045726212120423763 -0.0055249030174096521 0.036992229835580127 -2.5120748295583276e-05 0.085704866143891209 -0.015067730888797429 0.012442835319944225 -0.11828298311816532 0.044915188132550465 0.0027673174544417291 0.012108816569005254 0.078382648564120277 -0.070478511493986942 0.058389896857780205 -0.088151668641242562 0.086911821663135741 -0.038181732461778951 0.069979026031286251 -0.080588549563305384 -0.061057332332364316 -0.0049381208557838265 0.10036504900640085
leaf_weight=1153.6057280047389 448.15693759324495 19.14844551042188 1990.1584135885405 100.64712744310236 1996.9771779452713 4.2170791656244537 15.094565872335805 284.56807570636738 143.20509207283612 856.30694946677249 94.239227056677919 32.865466293078498 28.485177877591923 387.78676500047004 31.143514650524594 10.48843728576321 123.09243472386152 643.70334149450355 159.2892026459449 87.209030587051529 15.732318917929659 16.292030667929794 30.910261293873191 51.70122677879408 38.813252034480684 47.998612772375054 15.075692537546272 82.941507088646176 1664.6464448082352 21.755798024707474
leaf_count=52010 51534 2019 160799 12504 68818 101 750 2922 6327 31045 2715 2910 313 24807 2292 691 3445 19196 5580 981 1584 2363 3416 503 1021 752 1366 22507 129551 435
internal_value=-0.000483782 -0.00142636 -0.00131927 -0.000807029 -0.00545169 0.00062287 -0.00395089 0.0183402 -0.000155443 -0.00712513 -0.00130966 0.00123561 0.00819025 0.00688535 0.0189458 0.0116628 0.00127058 0.00953324 0.0147312 0.0228434 0.0556325 -0.0221603 -0.0427375 0.058917 0.00991977 0.0183158 0.00409415 -0.00194727 -0.00760157 0.00296416
internal_weight=10596.3 9442.65 9423.5 8975.34 2112.72 6862.63 2012.07 288.785 6573.84 1093.75 950.546 5480.09 1720.59 1692.1 537.519 454.674 1154.58 766.796 444.186 364.118 102.941 80.0678 63.7757 82.8447 261.177 222.364 174.365 3759.5 1747.59 2011.91
internal_count=615257 563247 561228 509694 82072 427622 69568 3023 424599 40087 33760 384512 71220 70907 23459 20664 47448 22641 19973 11284 2565 8689 6326 2795 8719 7698 6946 313292 152058 161234
is_linear=0
shrinkage=0.1


Tree=71
num_leaves=31
num_cat=0
split_feature=0 1 7 7 1 12 1 3 17 1 20 1 6 4 0 3 1 7 1 1 3 20 1 1 1 1 18 16 1 1
split_gain=5.41273 18.0514 12.5752 16.4485 12.1809 12.2352 11.9541 10.5337 9.78572 25.35 25.167 16.0871 15.5678 15.9923 13.3667 13.2602 12.3372 11.9546 11.4386 9.54055 9.48707 9.42549 9.35671 25.8701 18.7639 55.9323 40.0784 28.3943 27.8866 27.2506
threshold=13.05104893508603 137.50000000000003 3.5000000000000004 5.5000000000000009 173.50000000000003 1.0000000180025095e-35 122.50000000000001 0.63992537313432851 1.0000000180025095e-35 19.500000000000004 0.69642300303643756 23098.500000000004 1.0000000180025095e-35 0.33553496883399109 6.7479954012188346 0.63992537313432851 66.500000000000014 1.7500000000000002 173.50000000000003 137.50000000000003 0.51119402985074636 0.32802769741684773 345.00000000000006 313.50000000000006 706.50000000000011 701.00000000000011 1.0000000180025095e-35 1.0000000180025095e-35 523.50000000000011 423.50000000000006
decision_type=2 2 2 2 2 2 2 2 2 2 2 2 2 2 2 2 2 2 2 2 2 2 2 2 2 2 2 2 2 2
left_child=2 6 8 7 5 -3 -2 -4 15 -10 12 -12 14 17 -11 22 -17 18 -14 -16 -5 -21 23 -1 25 26 27 28 29 -24
right_child=1 4 3 20 -6 -7 -8 -9 9 10 11 -13 13 -15 19 16 -18 -19 -20 21 -22 -23 24 -25 -26 -27 -28 -29 -30 -31
leaf_value=-0.0047186747134646597 -0.036667721092933016 -0.08403779612949841 -0.067910720343972664 0.050351461886509942 0.0012404658781630061 0.14108855784176935 0.043034125018488127 -0.0050851655810603257 0.11004311191493915 -0.043984326914145597 0.040751778433691412 -0.086985594104526387 -0.035080642621199865 -0.097419066901096862 0.017355799481990591 -0.0095808508480585766 0.057935005563072767 -0.18574103005946524 0.085152149342898553 -0.057154490305533059 -0.039621526631500634 -0.013169160077808629 0.029524536647152568 -0.089155073808937627 -0.0061637409585324626 0.12160593230616033 -0.0063587414332685116 -0.10471070336914107 -0.0049662850376367912 0.1188623669559264
leaf_weight=884.95248948482913 21.417990865127649 26.50290083131404 86.661548836389557 33.253600660827942 6769.4790933470085 2.6560450210818081 155.03351961728185 38.563141009304672 16.89351142232772 244.05304435395919 106.86336646557902 10.861245736596173 9.9999065687443345 8.6422902529302501 77.301810555629345 41.879033094912302 76.510385377798229 2.063922844361513 37.911154074346996 60.940839771188621 18.097534955246374 242.89591667388959 61.382007379223069 37.837448042591859 797.48255243160929 46.8876635216875 503.15606965945335 11.769634920099632 54.992716429707798 76.941490762852482
leaf_count=61839 782 2146 5446 1803 293789 536 1403 797 1152 60611 2390 408 1435 1306 4247 1388 1659 106 1743 10271 402 25937 5714 5297 69382 942 31502 2149 14018 4483
internal_value=0.000158563 0.00178223 -0.00299714 -0.0290189 0.000962663 -0.0635314 0.0333598 -0.0485635 -0.00165057 -0.0111841 -0.0137392 0.0289668 -0.0210914 0.0281851 -0.0257116 0.00135759 0.034052 0.0499061 0.0600574 -0.014011 0.0186425 -0.0219913 -0.000206065 -0.00818085 0.00453372 0.0158312 0.00882858 0.046089 0.0552701 0.0792181
internal_weight=10563.9 6975.09 3588.79 176.576 6798.64 29.1589 176.452 125.225 3412.22 818.427 801.533 117.725 683.809 58.6173 625.192 2593.79 118.389 49.975 47.9111 381.139 51.3511 303.837 2475.4 922.79 1552.61 755.13 708.242 205.086 193.316 138.323
internal_count=615083 298656 316427 8448 296471 2682 2185 6243 307979 109606 108454 2798 105656 4590 101066 198373 3047 3284 3178 40455 2205 36208 195326 67136 128190 58808 57866 26364 24215 10197
is_linear=0
shrinkage=0.1


Tree=72
num_leaves=31
num_cat=0
split_feature=4 3 0 3 17 16 4 4 3 8 0 2 2 18 4 2 17 18 20 0 4 2 2 20 18 4 2 20 4 20
split_gain=6.89249 8.07228 9.54784 7.93723 9.58258 12.7754 8.65183 7.88945 7.12459 6.86673 17.4372 12.7691 24.0298 24.641 18.106 30.6699 25.3709 14.6136 14.9573 14.197 14.9691 16.7077 22.5299 16.2549 18.2838 12.3018 18.7878 12.1328 17.4511 11.6815
threshold=0.092475124378109411 0.56156716417910457 6.6257613015646504 0.51119402985074636 1.0000000180025095e-35 1.0000000180025095e-35 0.33553496883399109 0.16266762452107283 0.095988805970149263 1.0000000180025095e-35 1.295162500656341 7.6446786790033601 7.4526923903445494 1.0000000180025095e-35 0.41333955223880608 7.8083229678354042 1.0000000180025095e-35 1.0000000180025095e-35 0.78620839146698007 40.639317029662735 0.1751865671641791 7.0829675041017461 7.0707150840515016 0.65626515006646624 1.0000000180025095e-35 0.26560444901927155 7.7097564622741892 0.87408394402281786 0.43010057471264374 0.8318254483245543
decision_type=2 2 2 2 2 2 2 2 2 2 2 2 2 2 2 2 2 2 2 2 2 2 2 2 2 2 2 2 2 2
left_child=1 2 8 9 5 6 -5 -6 -1 -2 -11 12 19 27 16 -16 17 18 -13 29 23 22 -22 -21 -25 -19 -27 28 -14 -12
right_child=3 -3 -4 4 7 -7 -8 -9 -10 10 11 14 13 -15 15 -17 -18 25 -20 20 21 -23 -24 24 -26 26 -28 -29 -30 -31
leaf_value=0.052734127527801614 -0.0030661815596425019 0.020292334466554152 0.0053057720866237779 0.015042428486357435 -0.020106059083693357 -0.081938197037967037 -0.094973436639053374 -0.086112186697202289 -0.023569440165430441 -0.044236241544388849 0.0046609912806033129 -0.16479617191643087 -0.070242996906527952 0.11340662160909094 -0.12150991690281823 0.08730864055494636 -0.097556333677241591 -0.13339356641107128 0.0582605296295724 -0.084562085322491543 -0.030962407141051723 -0.09246462420720597 0.16717000425509299 0.078525477503874674 -0.022541913443664047 -0.18768760277983987 0.024279708380453235 0.05053817802402262 0.09311506689485205 0.044358692035874427
leaf_weight=13.127371168957323 5392.4916333437786 300.60905680511496 1398.6604729279643 106.71565835687215 40.168005151295802 18.479595638345927 7.6613994657527646 32.973054265828978 180.3901221500746 76.547713738178572 2371.7891391057428 3.29214296885766 25.224426121669239 40.09059026138857 9.2523207021877152 29.329940593510401 48.86820179381175 11.803806603420524 34.615688371122815 14.676368067273868 79.078211783591541 43.983996993247274 6.1882723812013856 38.00844855903415 33.83298132987693 5.0572291100397733 24.149518807418644 46.874265250982717 8.8281356309307721 76.516699751548003
leaf_count=790 330604 11778 54043 4294 4215 1634 1214 7397 24102 19185 132857 196 1587 530 392 726 1432 278 737 1235 5540 3419 74 1044 1374 226 367 1026 704 1264
internal_value=-0.000201711 0.00526293 0.00242532 -0.00140074 -0.0207942 -0.00479127 0.00767316 -0.0498626 -0.0183933 -0.000926299 0.00288456 0.00410666 0.00571426 0.049296 -0.0228053 0.0372324 -0.0409323 -0.00586925 0.038889 0.00373453 -0.0208558 -0.0424054 -0.0165828 0.0113376 0.0309288 -0.0472412 -0.012423 0.017536 -0.0278924 0.00590166
internal_weight=10519.3 1892.79 1592.18 8626.5 205.998 132.857 114.377 73.1411 193.517 8420.5 3028.01 2951.46 2785.09 121.017 166.369 38.5823 127.787 78.9184 37.9078 2664.07 215.768 129.25 85.2665 86.5178 71.8414 41.0106 29.2067 80.9268 34.0526 2448.31
internal_count=614264 90713 78935 523551 18754 7142 5508 11612 24892 504797 174193 155008 150654 3847 4354 1118 3236 1804 933 146807 12686 9033 5614 3653 2418 871 593 3317 2291 134121
is_linear=0
shrinkage=0.1


Tree=73
num_leaves=31
num_cat=0
split_feature=1 1 20 7 20 4 7 1 4 4 1 7 4 4 3 4 1 1 1 0 4 5 10 16 1 1 1 1 4 1
split_gain=5.66973 6.78998 6.86625 6.81694 16.3143 10.278 9.59837 14.619 6.65502 6.48988 11.7381 5.90241 5.61754 5.76656 5.33412 12.401 11.7682 5.93903 5.28503 5.37684 6.52769 6.03276 5.26845 5.19819 24.1619 24.9137 15.7521 35.2236 14.9104 14.8603
threshold=75903.000000000015 37272.500000000007 0.52115977695809612 2.5000000000000004 0.92759410062517034 0.14172885572139313 5.5000000000000009 67494.500000000015 0.1751865671641791 0.42913557213930359 53973.000000000007 7.5000000000000009 0.47200670498084296 0.33553496883399109 0.49813432835820898 0.36228448275862074 62575.000000000007 53973.000000000007 53973.000000000007 52.824586311600378 0.17298564648024253 1.5000000000000002 1.0000000180025095e-35 1.0000000180025095e-35 1116.0000000000002 1080.5000000000002 826.50000000000011 812.50000000000011 0.20857279693486594 313.50000000000006
decision_type=2 2 2 2 2 2 2 2 2 2 2 2 2 2 2 2 2 2 2 2 2 2 2 2 2 2 2 2 2 2
left_child=1 11 -3 8 -5 -6 18 14 22 -10 -11 23 13 -2 17 -16 -17 -8 19 -7 -21 -22 -4 -1 25 26 27 29 -27 -25
right_child=12 2 3 4 5 6 7 -9 9 10 -12 -13 -14 -15 15 16 -18 -19 -20 20 21 -23 -24 24 -26 28 -28 -29 -30 -31
leaf_value=0.00074620901026316408 -0.022634227800511157 -0.18420938382842561 0.0029343775524238325 -0.041992027826119382 0.04545592388798448 0.029416139577170104 -0.081366666418776559 -0.092105471903579247 0.041813414616004074 -0.074300609644096127 0.093188165245404839 -0.036287254884279557 -0.11148333579995853 0.012806222764171602 0.083113104093055001 0.11275119406863897 -0.20697326719752276 0.047562760365882084 -0.075157807643764563 0.06532000140052506 -0.23451667653812902 -0.052915570246520008 -0.11149470990735233 0.01193975837596079 -0.02689956459878437 0.098502959082634678 -0.06052639467395006 0.097896106734844016 -0.16925434930016589 -0.031178200757458221
leaf_weight=8975.792610439823 165.25730463425862 1.7731808894750418 39.202532772789709 63.629799769318197 74.494128859019838 16.653734687715772 6.3261575205251548 9.3421363681554777 152.15628912253305 12.912214118608974 6.190361092623788 44.913479591894429 5.9161774419480926 63.572736842383165 34.952107830555178 1.8456586319953192 3.0597106221830472 8.2090400890447199 19.830070698866621 3.393823721446096 2.3719089860096556 7.9959528162144125 4.4837451796047381 224.62939004562213 362.25073639174298 37.261320691875881 38.471544777828967 38.073769952607108 2.2026649063336654 124.0829039243763
leaf_count=552020 3904 315 601 3805 749 177 180 265 2114 258 144 3732 309 1766 234 16 64 146 425 31 65 136 206 6700 24626 682 3532 1044 482 6755
internal_value=9.16118e-05 0.000441285 0.0121992 0.0129449 0.00178944 0.0165703 -0.00230855 0.0234573 0.0260289 0.0349159 -0.0200244 -0.00011848 -0.0152756 -0.0127883 0.0433056 0.0622167 -0.0866761 -0.00855122 -0.0349917 -0.0088044 -0.0550571 -0.0944614 -0.00881006 4.72355e-05 -0.00753928 0.00755207 0.000498683 0.00656852 0.0835582 -0.00340298
internal_weight=10551.2 10316.5 468.823 467.049 252.104 188.474 113.98 63.7348 214.945 171.259 19.1026 9847.68 234.746 228.83 54.3927 39.8575 4.90537 14.5352 50.2455 30.4154 13.7617 10.3679 43.6863 9802.76 826.972 464.722 425.258 386.786 39.464 348.712
internal_count=615483 609504 9931 9616 6293 2488 1739 905 3323 2516 402 599573 5979 5670 640 314 80 326 834 409 232 201 807 595841 43821 19195 18031 14499 1164 13455
is_linear=0
shrinkage=0.1


Tree=74
num_leaves=31
num_cat=0
split_feature=6 10 10 20 1 1 4 1 20 1 1 18 1 13 4 1 1 1 1 20 1 4 1 8 1 1 19 20 1 8
split_gain=5.46629 24.6851 13.9238 21.2997 16.7277 14.0466 12.6218 11.0401 10.3314 19.4318 16.9288 17.3209 50.6158 22.1318 25.6934 17.7135 13.317 42.4393 34.4865 61.4608 30.4586 21.3564 17.0055 23.3303 16.43 37.1004 26.1155 18.2411 16.8269 66.4853
threshold=1.0000000180025095e-35 1.0000000180025095e-35 1.0000000180025095e-35 0.1154678898060522 586.50000000000011 1160.0000000000002 0.40019157088122614 1292.0000000000002 0.67152095087446095 1267.5000000000002 2049.5000000000005 1.0000000180025095e-35 1741.0000000000002 1.0000000180025095e-35 0.33829022988505753 1791.5000000000002 626.50000000000011 534.50000000000011 706.50000000000011 0.41095553580064209 701.00000000000011 0.14172885572139313 1080.5000000000002 1.0000000180025095e-35 512.50000000000011 474.50000000000006 1.0000000180025095e-35 0.53151523167933257 436.50000000000006 1.0000000180025095e-35
decision_type=2 2 2 2 2 2 2 2 2 2 2 2 2 2 2 2 2 2 2 2 2 2 2 2 2 2 2 2 2 2
left_child=1 8 5 -4 -5 -2 -6 -7 9 16 11 -10 13 -13 -15 -14 17 24 19 20 -18 22 -20 -24 25 28 27 -26 -1 -30
right_child=2 -3 3 4 6 7 -8 -9 10 -11 -12 12 15 14 -16 -17 18 -19 21 -21 -22 -23 23 -25 26 -27 -28 -29 29 -31
leaf_value=-0.0031232444270807257 -0.021540795155757745 -0.031827022548338621 0.073687280015514695 -0.087280753299449149 0.022947309200883365 0.062773810812794387 -0.06709460024477544 0.0036172056685619043 0.023393130861681918 -0.017694615412949817 -0.00085552118807257068 0.0010347093976010009 0.11789242298705707 -0.072982962034622997 0.031982561416317314 0.020146518070499952 0.038451749593904454 -0.063069786222271232 0.003144910112031453 -0.067182959131988573 0.12083588854628809 -0.013217596828137283 0.069006661050005261 -0.076034051524068724 -0.046860292741662722 -0.068848538611489402 0.12549655136057333 0.053521422316441386 -0.086282599434355414 0.055190036510699682
leaf_weight=2531.9785915375178 235.86815844270313 252.89995238400297 67.227139701470151 16.333592191862408 239.52100160892587 32.532454178464832 16.650234171538614 1042.0912029709725 722.32593373635609 772.89587047402347 2498.9520791344839 285.54285352269653 41.859759953338653 100.49981300596846 30.366167536471039 33.279560353606939 151.09982737586688 116.32857734503341 211.1899110541126 43.690605656753178 63.836495261115488 524.02112634493278 94.755337973620044 12.560274337360168 33.021172783170186 82.753570249216864 25.622447726986138 40.068742675342946 41.632864108381909 164.3612788446917
leaf_count=194950 33469 10795 1978 2503 6486 2426 919 35105 26397 59474 68337 14050 396 6454 1924 1134 12724 23176 15249 5798 889 57261 3602 1215 4779 11126 801 1657 5821 4307
internal_value=-5.04078e-05 -0.00103305 0.0052346 0.0232754 0.0108388 0.000557696 0.0170949 0.00540807 -0.000129865 -0.00313996 0.00385066 0.0135391 -0.000941345 -0.0145725 -0.0486267 0.0746003 -0.000420731 -0.0038378 0.00899978 0.0409413 0.06292 -0.00080518 0.0196163 0.052031 -0.00147763 -0.00288101 0.0386242 0.00817013 -0.00088718 0.0265974
internal_weight=10525.8 8875.54 1650.22 339.732 272.505 1310.49 256.171 1074.62 8622.64 4909.82 3712.83 1213.87 491.548 416.409 130.866 75.1393 4136.92 3035.77 1101.15 258.627 214.936 842.527 318.506 107.316 2919.44 2820.73 98.7124 73.0899 2737.97 205.994
internal_count=615202 532316 82886 11886 9908 71000 7405 37531 521521 402829 118692 50355 23958 22428 8378 1530 343355 246617 96738 19411 13613 77327 20066 4817 223441 216204 7237 6436 205078 10128
is_linear=0
shrinkage=0.1


Tree=75
num_leaves=31
num_cat=0
split_feature=4 0 12 3 17 4 3 3 7 15 8 3 1 1 1 1 17 0 6 1 16 1 7 5 13 1 3 1 1 1
split_gain=5.35525 5.94661 8.03873 6.19072 11.3448 6.43815 5.94814 5.77388 5.39464 5.17724 5.09385 6.00291 4.96823 10.8016 7.0754 9.57623 5.63266 4.72313 7.90434 7.26851 4.70864 5.12167 5.13343 4.44215 4.42153 5.14614 4.70196 4.3851 4.24081 9.08952
threshold=0.074999999999999997 31.598040432680918 1.0000000180025095e-35 0.19589552238805971 1.0000000180025095e-35 0.040637330588437111 0.040702736318407963 0.14365671641791047 11.500000000000002 1.0000000180025095e-35 1.0000000180025095e-35 0.32649253731343292 859.50000000000011 978.50000000000011 1399.5000000000002 1685.0000000000002 1.0000000180025095e-35 0.45991844307822 1.0000000180025095e-35 3230.0000000000005 1.0000000180025095e-35 116.50000000000001 1.7500000000000002 2.5000000000000004 1.0000000180025095e-35 11539.500000000002 0.74440298507462699 15533.500000000002 67494.500000000015 62575.000000000007
decision_type=2 2 2 2 2 2 2 2 2 2 2 2 2 2 2 2 2 2 2 2 2 2 2 2 2 2 2 2 2 2
left_child=1 2 3 4 -1 6 -6 -8 17 23 -5 -12 -13 -14 16 -16 -15 18 20 -20 -2 22 -22 24 26 -26 -3 -4 29 -19
right_child=8 9 27 10 5 -7 7 -9 -10 -11 11 12 13 14 15 -17 -18 28 19 -21 21 -23 -24 -25 25 -27 -28 -29 -30 -31
leaf_value=-0.056645528296145421 -0.060640098783405108 0.017132743716297558 0.037351711864716454 0.0065512452775842861 -0.078311222743002284 -0.044510080352194961 0.064822136330055333 -0.072599333604483646 -0.070814715645218934 -0.10658625645523959 0.055243991058492439 -0.021244296511329145 0.085079403353036959 -0.037855823512166147 0.087417096554782026 -0.041588060365595349 -0.19234580332878076 -0.00053593154381550696 0.048059582611154991 -0.1242024100387602 -0.075297450262467397 0.061091842501712214 0.11601448091500977 0.032551371506005213 0.0026734333265658102 -0.054122442464481141 -0.12426288379811179 -0.19833010566138931 -0.014281369497530953 0.037742193503537115
leaf_weight=54.425915310392156 43.646179203511565 363.55203422167688 63.480350543391978 521.59952220083505 4.1748915165662757 15.274422491725998 26.653704590629786 3.4536053449846831 11.029949891366412 3.623756031272932 13.165139144941348 197.08332675587008 14.996504056092816 9.552251283254007 10.517765405820684 12.704745361814274 3.1343999812379471 8495.8992431451916 19.614182006655032 2.7989783207885912 9.0004612639604602 7.8135204270656677 1.6614812496118254 101.14127868541982 174.14474615792278 17.562055734684691 2.3671480519697061 0.79939576517790456 221.17079726608063 62.491683877364267
leaf_count=3071 11781 8169 6454 27813 54 618 402 97 1324 189 564 18087 529 932 157 378 178 516847 945 132 600 266 29 2635 4793 199 37 25 6550 1383
internal_value=4.02069e-05 0.00533987 0.000273153 -0.00220221 -0.025127 0.00948842 0.0335474 0.0490585 -0.000923217 0.0126143 0.000843162 -0.0105575 -0.0140508 0.0137993 -0.0159689 0.01684 -0.0760246 -0.000836248 -0.0243605 0.0265473 -0.0427278 -0.000412089 -0.0454848 0.01327 0.00977278 -0.00252958 0.016218 0.0344207 -0.000609742 -0.000256432
internal_weight=10488.5 1613.41 951.016 886.736 103.983 49.5566 34.2822 30.1073 8875.13 662.391 782.754 261.154 247.989 50.9057 35.9092 23.2225 12.6867 8864.1 84.5348 22.4132 62.1216 18.4755 10.6619 658.767 557.626 191.707 365.919 64.2797 8779.56 8558.39
internal_count=615238 75381 59359 52880 4242 1171 553 499 539857 16022 48638 20825 20261 2174 1645 535 1110 538533 13753 1077 12676 895 629 15833 13198 4992 8206 6479 524780 518230
is_linear=0
shrinkage=0.1


Tree=76
num_leaves=31
num_cat=0
split_feature=11 20 0 1 0 19 8 4 1 7 4 7 20 1 1 1 7 4 16 4 1 4 1 1 1 4 20 4 9 1
split_gain=8.86905 5.9601 12.0947 10.9355 8.87439 12.0207 22.2208 21.3272 21.6855 11.8393 9.9692 9.69613 9.58783 9.14012 30.1868 20.5518 14.6944 25.2896 14.1506 11.0088 9.56276 8.95809 8.94208 9.39532 12.9996 11.0652 10.0667 9.05401 9.24766 8.84249
threshold=1.0000000180025095e-35 0.80467226748466358 23.288057653076411 5853.5000000000009 119.80018395417834 1.0000000180025095e-35 1.0000000180025095e-35 0.2963840996168583 2460.0000000000005 5.5000000000000009 0.33271144278606973 2.5000000000000004 0.96371328872753381 4910.5000000000009 4203.5000000000009 3873.5000000000005 3.5000000000000004 0.12476053639846747 1.0000000180025095e-35 0.28637702293132045 24327.500000000004 0.42518656716417919 37272.500000000007 28587.500000000004 33892.500000000007 0.19657567049808433 0.97394144385072001 0.38227969348659008 1.0000000180025095e-35 4357.0000000000009
decision_type=2 2 2 2 2 2 2 2 2 2 2 2 2 2 2 2 2 2 2 2 2 2 2 2 2 2 2 2 2 2
left_child=1 -1 3 -3 5 13 11 -8 10 -6 -9 22 -13 14 15 -4 -15 -18 29 -17 -19 -14 23 -7 26 -26 -25 28 -24 -16
right_child=-2 2 4 -5 9 6 7 8 -10 -11 -12 12 21 16 18 19 17 20 -20 -21 -22 -23 27 24 25 -27 -28 -29 -30 -31
leaf_value=-0.002817620560255505 0.013474385335048862 0.03227815617730144 -0.00058045944474407367 0.0042443338825189384 -0.032900444596180481 0.011532454689891449 0.082246645481067776 0.016272338745379235 0.11440225298380434 0.025980587796822604 -0.093923269164359835 -0.019005705718236794 0.023326106841411474 -0.02231232504700606 0.12880129089373135 -0.12816320201031742 0.085232115394970318 -0.12291141764210929 -0.064354763444350316 -0.0096881398741520235 -0.0030242367674539628 -0.096846746473619502 -0.022430559395986416 -0.17621803040129835 0.076210778270785956 -0.062633628494589186 -0.035216007657685532 -0.031423270109793552 0.063618359985075965 0.050090033550125979
leaf_weight=6971.4183583471095 429.42179443140049 232.2875816871383 695.28859878578805 347.0241380991647 161.88439120372641 340.01455306194839 75.564108088205103 14.631375600991303 11.363901747623457 43.278296526055783 18.705708700435935 255.68053148541367 104.42784912837669 439.12161109352019 24.341633669100702 19.919959541410208 36.15195956453681 9.0436329786898551 7.3679596907459191 12.93656346388161 25.172342055069748 6.5947418918367466 14.825759145780465 8.8118069134652632 12.7689062114805 10.426988641032947 11.90267866977956 15.949117219075559 79.252891100593843 34.503260702942498
leaf_count=522464 13070 5397 18545 8751 6302 12271 1577 563 113 863 1148 9620 1165 8054 186 505 332 241 116 405 518 234 528 172 91 330 141 336 411 647
internal_value=-0.000599128 -0.00120103 0.00247087 0.0154851 -0.000557044 0.00123193 0.00959452 0.0498577 -0.00489382 -0.0204797 -0.0455593 0.00396829 -0.00835055 -0.00505948 0.00164588 -0.00423257 -0.015514 0.0269102 0.0662914 -0.0815161 -0.0347116 0.0161878 0.0131136 0.00591076 -0.0376202 0.0137976 -0.0951973 0.0382468 0.050058 0.0826495
internal_weight=10470.1 10040.7 3069.24 579.312 2489.93 2284.77 980.921 120.265 44.701 205.163 33.3371 860.656 366.703 1303.85 794.358 728.145 509.49 70.3679 66.2129 32.8565 34.216 111.023 493.953 383.925 43.9104 23.1959 20.7145 110.028 94.0787 58.8449
internal_count=615096 602026 79562 14148 65414 58249 28700 3401 1824 7165 1711 25299 11019 29549 20404 19455 9145 1091 949 910 759 1399 14280 13005 734 421 313 1275 939 833
is_linear=0
shrinkage=0.1


Tree=77
num_leaves=31
num_cat=0
split_feature=11 0 20 0 1 19 8 4 20 7 1 4 1 1 17 1 20 9 1 1 20 1 1 1 1 8 1 10 1 1
split_gain=5.42642 6.04455 8.43303 10.4318 14.1458 11.0626 21.5073 21.7859 16.3746 9.67831 10.1679 11.0268 8.7381 23.4081 17.8178 17.6536 15.6109 13.6836 14.3894 16.6987 25.2496 33.5734 29.4169 27.6206 23.5766 20.5834 20.655 20.074 31.8986 19.9591
threshold=1.0000000180025095e-35 128.52565582794094 0.80467226748466358 22.365803085000014 1701.5000000000002 1.0000000180025095e-35 1.0000000180025095e-35 0.27950870646766179 0.87916566570653887 2.5000000000000004 37272.500000000007 0.34850746268656724 877.00000000000011 859.50000000000011 1.0000000180025095e-35 1027.0000000000002 0.7677425132426462 1.0000000180025095e-35 826.50000000000011 626.50000000000011 0.28860574634206371 706.50000000000011 812.50000000000011 701.00000000000011 636.50000000000011 1.0000000180025095e-35 656.50000000000011 1.0000000180025095e-35 534.50000000000011 512.50000000000011
decision_type=2 2 2 2 2 2 2 2 2 2 2 2 2 2 2 2 2 2 2 2 2 2 2 2 2 2 2 2 2 2
left_child=1 2 12 4 -4 -5 9 -8 -9 10 -7 -12 13 17 -15 -14 -16 18 19 27 21 23 -23 24 -21 26 -26 28 29 -1
right_child=-2 -3 3 5 -6 6 7 8 -10 -11 11 -13 15 14 16 -17 -18 -19 -20 20 -22 22 -24 -25 25 -27 -28 -29 -30 -31
leaf_value=-0.0027301630850991611 0.011157438437656857 -0.018199376946848093 0.071271972350325591 -0.0043905078568918995 0.012189963395423628 0.0053905016694948439 0.082397046893912418 -0.10742028282526135 0.02784150204094385 -0.0080291314327260079 0.06050089759541484 -0.0060291136889964996 -0.035521524541538792 -0.04310277999054897 0.076045752452831239 -0.0041507168556565539 -0.0780116001278226 -0.029522190286500202 -0.054567569835215213 0.10951315877900668 -0.007819391671832902 -0.014793885519054639 0.078414188484913105 0.11463042520878937 -0.073512552215625221 0.066831337613387345 0.036788028161752119 0.040377054893440581 -0.055859627742929276 0.041196554581644187
leaf_weight=2868.1454253891698 422.11531956261024 187.57397445495008 44.176152546366211 1336.5964826348354 490.22212724508427 396.85847747627122 75.082265242555877 11.425606967735801 41.305307929869741 384.85551516339183 77.871172808576375 36.631453512934968 192.95079124111362 18.59992711810628 85.312331029679626 2551.1383355731141 7.127027077600359 154.54230099759297 46.370219951309991 33.135324563016184 282.29708944198501 175.07628503820888 41.979011160357913 63.16605036938563 35.631268740329688 43.957718730678607 32.42863202492299 109.95425963671005 110.51435331387984 107.30902844158118
leaf_count=220083 13083 6854 830 30364 12287 13715 1463 1102 1042 11646 790 538 29209 1598 720 147862 55 28243 3468 847 25435 14553 1946 683 3135 3025 3260 6991 22226 7421
internal_value=5.03478e-05 -0.000416528 -7.80482e-05 0.00445759 0.017074 0.00160149 0.00942243 0.047798 -0.00146669 0.00394953 0.0129648 0.0392167 -0.00196475 0.000894071 0.0461993 -0.00635656 0.064168 -0.000331573 0.00081051 0.00146834 0.0153676 0.0307555 0.00323278 0.0594324 0.0354119 0.0134925 -0.0209574 -0.00160936 -0.00310536 -0.00114596
internal_weight=10464.3 10042.2 9854.66 2895.02 534.398 2360.63 1024.03 127.813 52.7309 896.217 511.361 114.503 6959.64 4215.55 111.039 2744.09 92.4394 4104.51 3949.96 3903.59 707.671 425.374 217.055 208.319 145.153 112.018 68.0599 3195.92 3085.97 2975.45
internal_count=614474 601391 594537 73777 13117 60660 30296 3607 2144 26689 15043 1328 520760 343689 2373 177071 775 341316 313073 309605 52884 27449 16499 10950 10267 9420 6395 256721 249730 227504
is_linear=0
shrinkage=0.1


Tree=78
num_leaves=31
num_cat=0
split_feature=4 0 3 1 3 1 1 1 8 1 17 1 1 18 7 16 1 18 1 1 1 1 1 1 3 1 13 3 3 20
split_gain=5.62227 5.62818 8.958 8.63268 5.63984 5.45117 11.5705 10.4066 8.63862 10.7145 9.12697 15.2914 7.29357 9.97674 16.211 9.13096 8.5934 8.31996 15.8077 21.5234 7.10459 7.00377 16.6012 6.9328 10.285 9.27673 7.16288 6.44408 8.13744 7.35563
threshold=0.089552238805970186 6.1488476732804109 0.69216417910447781 313.50000000000006 0.74440298507462699 2313.0000000000005 2423.5000000000005 2200.5000000000005 1.0000000180025095e-35 2553.5000000000005 1.0000000180025095e-35 23098.500000000004 10045.000000000002 1.0000000180025095e-35 1.7500000000000002 1.0000000180025095e-35 2514.0000000000005 1.0000000180025095e-35 6608.5000000000009 6201.5000000000009 2460.0000000000005 4357.0000000000009 4203.5000000000009 2088.5000000000005 0.49813432835820898 2013.5000000000002 1.0000000180025095e-35 0.0552860696517413 0.48320895522388069 0.76274102862302162
decision_type=2 2 2 2 2 2 2 2 2 2 2 2 2 2 2 2 2 2 2 2 2 2 2 2 2 2 2 2 2 2
left_child=1 2 -1 -4 -5 7 -7 23 10 -10 12 -12 16 15 -15 -14 20 -18 19 21 -8 22 -19 25 -25 27 -27 29 -29 -3
right_child=-2 5 3 4 -6 6 8 -9 9 -11 11 -13 13 14 -16 -17 17 18 -20 -21 -22 -23 -24 24 -26 26 -28 28 -30 -31
leaf_value=-0.015797810980874655 -0.0011051627790500649 -0.11616099052461726 0.0034835677385120683 0.09436919742424163 -0.081592702362544567 -0.089361761872849249 -0.021134578008676439 0.075990036853017362 -0.22694255088222734 -0.017584092506643362 0.036822898239526523 -0.1541939551066269 0.0017009611135537087 -0.044915104515546152 0.064226519887132169 -0.16614883527139404 -0.00052204227945268562 -0.061022409300000136 -0.12079911766167289 0.071390178343578456 0.11611596704072154 -0.11126516575378759 0.074237579056632141 0.018996485360693528 -0.17504822673337142 0.0032145952822740923 0.12483124084664388 0.036014789620391174 0.0070514737768642352 0.033003202220484432
leaf_weight=258.56254246878598 8589.2164925150137 8.3227120924275351 64.796109737391816 18.882959422189746 2.0159672321751705 13.729573631659148 6.5292775909765597 25.899336530012079 3.5606532408855838 7.7983200608287007 115.28881217708113 4.3489441106794393 271.21140557655599 17.483046633657068 61.418012432288378 3.2801677330862722 116.46910481678788 41.410910436185077 19.413677005562931 19.538983142003417 8.9291891044704244 13.840558752417563 11.620324114337562 6.158751196693629 4.9084922131150943 7.7887798612355263 12.804118712199852 117.49649697713903 556.19575789576629 5.4843928846530607
leaf_count=27950 526717 633 2504 413 48 640 293 460 112 190 1917 166 5681 317 489 147 3748 1320 597 185 151 424 143 213 138 573 203 5139 33727 85
internal_value=-3.4098e-05 0.00500627 -0.00651117 0.0215089 0.0773954 0.00768361 0.0015788 0.0137131 0.00330779 -0.0832109 0.00469044 0.0298793 -0.000407349 0.00870345 0.0400427 -0.00030484 -0.0139496 -0.0189631 -0.039259 -0.0209396 0.0581447 -0.0479171 -0.0313839 0.0114703 -0.0670653 0.0126978 0.0788326 0.0107169 0.0121029 -0.0569107
internal_weight=10414.4 1825.19 344.258 85.695 20.8989 1480.93 735.871 745.059 722.141 11.359 710.782 119.638 591.145 353.393 78.9011 274.492 237.752 222.294 105.824 86.4108 15.4585 66.8718 53.0312 719.16 11.0672 708.092 20.5929 687.499 673.692 13.8071
internal_count=615323 88606 30915 2965 461 57691 16520 41171 15880 302 15578 2083 13495 6634 806 5828 6861 6417 2669 2072 444 1887 1463 40711 351 40360 776 39584 38866 718
is_linear=0
shrinkage=0.1


Tree=79
num_leaves=31
num_cat=0
split_feature=1 20 1 1 10 20 1 1 1 1 1 1 1 0 16 1 1 18 1 20 1 1 16 1 3 18 20 1 1 1
split_gain=5.16594 14.6819 18.9944 14.4502 12.9808 28.8066 11.0057 8.58814 9.84465 10.055 18.8303 7.17266 9.98728 6.91129 6.8699 6.4708 13.736 11.2672 11.0621 16.0655 14.0068 16.2708 11.354 10.733 19.2621 11.3452 8.98283 17.4772 9.32331 8.82663
threshold=345.00000000000006 0.44069283993303926 321.50000000000006 352.50000000000006 1.0000000180025095e-35 0.1154678898060522 223.00000000000003 326.00000000000006 298.50000000000006 252.50000000000003 237.50000000000003 177.00000000000003 10.500000000000002 0.19676855565037307 1.0000000180025095e-35 180.50000000000003 177.00000000000003 1.0000000180025095e-35 263.50000000000006 0.30898398004262401 274.50000000000006 298.50000000000006 1.0000000180025095e-35 305.50000000000006 0.58768656716417922 1.0000000180025095e-35 0.25883876944650791 137.50000000000003 72.500000000000014 187.50000000000003
decision_type=2 2 2 2 2 2 2 2 2 2 2 2 2 2 2 2 2 2 2 2 2 2 2 2 2 2 2 2 2 2
left_child=1 2 4 14 15 11 -3 8 9 10 -8 12 -6 -5 -2 16 26 -18 19 -17 22 -22 -20 25 -25 -23 -1 28 -28 -21
right_child=3 6 -4 13 5 -7 7 -9 -10 -11 -12 -13 -14 -15 -16 18 17 -19 20 29 21 23 -24 24 -26 -27 27 -29 -30 -31
leaf_value=-0.010638655130113639 0.044909420868346789 0.033100538391774043 -0.085645822872143479 -0.10530999024413468 0.10986817711786082 -0.079940055398705745 0.0050796387294005036 0.088940797054698734 -0.07092810538701165 0.017769372728986432 -0.13929861875875618 0.11332878230327757 -0.0087336533764731678 0.00096604457961524122 -0.10792906695543195 -0.044297900417440084 -0.064754489641946189 0.082636444323395952 0.014529732858837519 -0.077146117998843647 -0.06129010660742118 -0.10008441354997584 0.10327772736619856 -0.080132970759012032 0.079451773224991973 0.076258196561602917 -0.10304469158764767 -0.041257949687479013 0.028445211562079992 0.00083672970037110001
leaf_weight=814.98142963519331 92.317480455429177 167.75757281483675 30.778158940942376 6.1236835612216955 11.907616735436024 16.352833012409974 28.958334684546571 9.7153300986974482 21.527775948859926 106.57829241134277 13.128961084032197 23.359437245177105 17.586064845439978 8201.0073469213403 3.0377033894183105 218.15021686118416 6.274689142832357 29.905693171080202 60.108948869397864 15.734028587990904 50.778966128618777 4.172303878949605 18.963413352146745 22.281985086763598 11.450151984347029 29.052431209827773 5.5499844122095956 50.538182684123058 189.96560239213795 187.23269343278662
leaf_count=84824 3505 3290 6447 653 86 2906 1015 813 2739 5330 1000 424 1558 433897 337 25300 1830 252 4362 1153 9417 996 211 3512 345 394 288 5741 3210 9396
internal_value=0.000202461 -0.00415061 -0.0077565 0.00133643 -0.00641299 0.0360479 0.0146753 -0.00250546 -0.00772558 0.00142657 -0.0399586 0.0719347 0.03915 0.000886748 0.0400405 -0.00812629 -0.00351682 0.0570747 -0.0163111 -0.0254579 0.00326071 -0.0186021 0.0358136 0.0137718 -0.025963 0.0541134 -0.00558294 0.0111627 0.0247127 -0.00520852
internal_weight=10465.3 2162.79 1815.12 8302.49 1784.35 69.206 347.666 179.909 170.193 148.666 42.0873 52.8531 29.4937 8207.13 95.3552 1715.14 1097.22 36.1804 617.925 421.117 196.808 117.736 79.0724 66.9569 33.7321 33.2247 1061.04 246.054 195.516 202.967
internal_count=615231 176839 162652 438392 156205 4974 14187 10897 10084 7345 2015 2068 1644 434550 3842 151231 96145 2082 55086 35849 19237 14664 4573 5247 3857 1390 94063 9239 3498 10549
is_linear=0
shrinkage=0.1


Tree=80
num_leaves=31
num_cat=0
split_feature=20 0 1 9 18 4 20 1 0 1 4 20 17 11 5 1 4 1 20 1 4 17 4 0 3 0 3 5 17 13
split_gain=5.15018 5.59497 5.98158 8.41454 11.4406 8.21541 6.99048 6.49034 6.25348 8.85579 6.95974 6.93443 6.24764 8.12895 6.09568 5.78714 5.76048 5.10812 6.79082 5.04809 6.58421 5.02952 16.1601 4.87215 4.61442 10.7822 11.1439 8.87218 8.19863 9.08685
threshold=0.96371328872753381 67.68659019904031 4509.0000000000009 1.0000000180025095e-35 1.0000000180025095e-35 0.46974895636758746 0.98592335930637953 174508.00000000003 33.117013706452944 18911.000000000004 0.12875957854406131 0.98592335930637953 1.0000000180025095e-35 1.0000000180025095e-35 2.5000000000000004 2200.5000000000005 0.47600574712643684 67494.500000000015 0.83662031597016284 15533.500000000002 0.15466954022988508 1.0000000180025095e-35 0.12593283582089551 62.368971137533727 0.56156716417910457 20.463442869473706 0.74440298507462699 2.5000000000000004 1.0000000180025095e-35 1.0000000180025095e-35
decision_type=2 2 2 2 2 2 2 2 2 2 2 2 2 2 2 2 2 2 2 2 2 2 2 2 2 2 2 2 2 2
left_child=17 2 -2 4 7 21 19 8 -4 11 -11 -10 -13 14 -14 -3 -8 24 -19 23 -21 -5 -23 -6 -1 27 -27 -26 29 -29
right_child=1 15 3 5 6 -7 16 -9 9 10 -12 12 13 -15 -16 -17 -18 18 -20 20 -22 22 -24 -25 25 26 -28 28 -30 -31
leaf_value=-0.00094609544843505036 0.035202660587470118 -0.063625535171298583 0.016246613532910587 0.038793354183825152 -0.065306098698847403 -0.10023118829339517 -0.020822851246918624 0.054213784522122735 -0.06498566801585022 -0.14065009620771501 -0.031651932799501764 0.074569051908344702 -0.10081615581848787 0.057795060860028627 0.067615290166548506 -0.00098892852365470318 0.10635236861968766 -0.12444296008973635 -0.015012145973916183 -0.0039518459395811393 -0.19444264064531852 0.077641318818182883 -0.17181504710700218 0.092734379780678888 -0.015612141808757349 0.055445710062936374 -0.043478158280873286 0.010729733776771125 -0.054597807983762486 0.066630133647191697
leaf_weight=8890.6454574596082 97.370098021405283 15.580959033424731 174.6753662856645 128.34719427977689 13.506362949963661 4.7622825824655584 63.051013433840126 29.99581946246326 9.4424716546200198 7.0617844698717809 34.367425315198489 17.807180982781574 9.168545379303394 10.976697630714625 2.8063942794688055 276.7587102043326 3.7749092257581642 5.9183508719142983 135.56365531077608 2.5882005183957499 6.0698520131409168 5.8481654645875079 4.6711482219398022 2.2799582639709106 162.38411882623768 75.743010591890197 13.40268235048279 148.53322479367489 15.2577163521928 36.158204942476004
leaf_count=572353 1258 884 1757 1082 219 64 822 353 229 114 427 172 249 137 42 4992 26 625 4639 33 155 85 81 21 13781 2329 429 5495 954 1012
internal_value=-3.75756e-05 0.0071021 0.0124178 0.00824123 0.00057944 0.028916 -0.030377 0.010115 0.00514785 -0.0160097 -0.0502311 0.0122319 0.0301206 -0.00436498 -0.0613433 -0.0043273 -0.0136389 -0.000730877 -0.0195898 -0.0761355 -0.137498 0.033345 -0.0331309 -0.0424809 -0.000445268 0.00941715 0.0405729 0.00175183 0.0158536 0.0216737
internal_weight=10404.5 920.911 628.571 531.201 387.572 143.629 91.2703 296.302 266.306 91.6305 41.4292 50.2013 40.7588 22.9516 11.9749 292.34 66.8259 9483.61 141.482 24.4444 8.65805 138.867 10.5193 15.7863 9342.12 451.479 89.1457 362.333 199.949 184.691
internal_count=614819 13202 7326 6068 4756 1312 1276 3480 3127 1370 541 829 600 428 291 5876 848 601617 5264 428 188 1248 166 240 596353 24000 2758 21242 7461 6507
is_linear=0
shrinkage=0.1


Tree=81
num_leaves=31
num_cat=0
split_feature=4 20 1 17 1 0 9 0 11 4 1 1 1 7 6 10 17 1 20 1 15 8 1 1 1 20 1 9 4 4
split_gain=5.45043 4.4324 6.97221 8.49 9.4119 6.56948 4.8321 3.87529 4.34972 4.89559 4.54353 4.5204 4.49218 3.48395 3.66547 18.7624 14.8506 8.40439 8.07036 11.913 23.1451 20.3864 14.3739 14.0949 35.2685 19.2045 16.5894 17.9829 16.1983 12.9494
threshold=0.052238805970149259 0.92759410062517034 3230.0000000000005 1.0000000180025095e-35 3469.5000000000005 38.515431306832447 1.0000000180025095e-35 158.25139966233539 1.0000000180025095e-35 0.3680348258706469 1047.5000000000002 4910.5000000000009 1027.0000000000002 11.500000000000002 1.0000000180025095e-35 1.0000000180025095e-35 1.0000000180025095e-35 10.500000000000002 0.62495714042578265 877.00000000000011 1.0000000180025095e-35 1.0000000180025095e-35 812.50000000000011 1066.5000000000002 1267.5000000000002 0.26626036658819785 2200.5000000000005 1.0000000180025095e-35 0.28345771144278614 0.39962686567164191
decision_type=2 2 2 2 2 2 2 2 2 2 2 2 2 2 2 2 2 2 2 2 2 2 2 2 2 2 2 2 2 2
left_child=1 2 -1 5 -5 6 -4 13 9 10 12 -11 -9 14 15 18 -17 -16 19 20 22 23 -2 -21 25 -25 27 -26 -29 -23
right_child=7 -3 3 4 -6 -7 -8 8 -10 11 -12 -13 -14 -15 17 16 -18 -19 -20 21 -22 29 -24 24 26 -27 -28 28 -30 -31
leaf_value=0.009308425502768846 -0.0024664647710274396 0.020819260403915782 -0.067447617249255257 -0.13928003086433846 0.041136765036248767 -0.0018439609352345889 -0.02118743221163609 -0.10057470022880236 0.096184212639979061 -0.099108610568123257 -0.054062102805466417 0.052400533413124374 0.14539454179260469 -0.056657234402689029 0.074470496297641825 -0.0012521631164183911 -0.051856182571551938 0.0035260896385805084 0.0032269640747388767 -0.046898823315856521 0.087968763782285075 -0.061645066527029981 0.038286337686686003 -0.039477075696083781 -0.055024334073183467 0.055155442199674866 -0.0032645006097626484 -0.02990695574554968 0.15317596372806763 0.047944014025202215
leaf_weight=681.02416307062231 3119.7511912019891 187.50450072227977 34.184756120783277 3.0998462202260262 43.020776999532245 114.06360433320515 66.514057646156289 1.0967360954964527 2.8219110253266981 2.425805765669792 44.472807742189616 10.462915012729352 2.2988091539591551 10.998645014595239 16.903694744920358 105.54684781539254 128.71665693887917 1373.6798662261135 3472.1995795662078 80.791548538827556 29.285706353781279 112.63095284361043 89.018265326267283 25.756200601184901 138.11021609366799 128.10990336962641 354.29614013016544 11.540605232992677 8.3138403819884825 11.923863317810172
leaf_count=43293 261546 2355 1330 130 749 2437 1881 125 120 438 1355 224 22 1390 378 3424 6661 74313 123703 13672 606 12154 6090 4574 22785 7008 18747 599 718 2330
internal_value=0.000219237 0.00677847 0.00398339 -0.0099174 0.0290106 -0.0182773 -0.0368916 -0.000578948 -0.0251828 -0.0308198 -0.0455492 0.0238848 0.0659483 -0.000409241 -0.000342044 -0.00118368 -0.0290567 0.00438848 -0.000322444 -0.00332139 -0.000528202 -0.0136998 -0.00133589 -0.00745401 -0.00266992 0.0393146 -0.0152807 -0.0422315 0.0467571 -0.0511539
internal_weight=10410.6 1129.41 941.907 260.883 46.1206 214.762 100.699 9281.15 63.579 60.7571 47.8684 12.8887 3.39555 9217.57 9206.58 7815.99 234.264 1390.58 7581.73 4109.53 3238.06 871.473 3208.77 746.918 666.127 153.866 512.261 157.965 19.8544 124.555
internal_count=615157 52175 49820 6527 879 5648 3211 562982 2284 2164 1502 662 147 560698 559308 484617 10085 74691 474532 350829 268242 82587 267636 68103 54431 11582 42849 24102 1317 14484
is_linear=0
shrinkage=0.1


Tree=82
num_leaves=31
num_cat=0
split_feature=11 1 4 0 1 20 3 20 1 1 0 1 5 4 13 0 1 1 8 1 1 1 16 4 1 20 1 1 20 1
split_gain=5.54957 6.15292 12.4794 7.09478 6.60355 4.80062 4.73533 4.54243 12.0112 36.1604 17.9012 15.363 14.7367 11.7183 10.6344 8.95285 10.9247 8.86842 12.0747 8.88791 9.1797 13.8423 13.1753 10.5752 10.7787 7.77476 7.58704 7.762 7.53224 7.2972
threshold=1.0000000180025095e-35 15533.500000000002 0.27447318007662841 97.128639846686283 3873.5000000000005 0.96371328872753381 0.69216417910447781 0.80467226748466358 1760.5000000000002 1723.5000000000002 18.279564469395996 1642.5000000000002 2.5000000000000004 0.43010057471264374 1.0000000180025095e-35 67.68659019904031 1292.0000000000002 1973.5000000000002 1.0000000180025095e-35 2313.0000000000005 2553.5000000000005 2764.0000000000005 1.0000000180025095e-35 0.35822325155830054 18911.000000000004 0.70614097360683437 1422.5000000000002 1631.0000000000002 0.55849013106619139 2049.5000000000005
decision_type=2 2 2 2 2 2 2 2 2 2 2 2 2 2 2 2 2 2 2 2 2 2 2 2 2 2 2 2 2 2
left_child=6 2 4 -3 -2 -4 7 8 9 11 -11 -1 -10 -13 28 29 -17 -14 19 -19 -21 22 25 24 -23 -22 -18 -28 -12 -9
right_child=1 3 5 -5 -6 -7 -8 15 12 10 14 13 17 -15 -16 16 26 18 -20 20 21 23 -24 -25 -26 -27 27 -29 -30 -31
leaf_value=-0.00056293507009266353 -0.064029467918538072 -0.002810433911978535 -0.054294857102303619 0.047226308269670725 0.044573364422203852 -0.47503598554011667 0.017286319252361678 0.017854835850119381 -0.017225694249916761 -0.041823763080635047 -0.021550502556478213 -0.067496918417562196 -0.043355405755203691 0.096362829168459563 -0.17565923568932712 -0.054430425959154684 0.063832957349811259 0.053238934927687734 -0.16875392491326538 -0.045329185636227794 0.10809249455099533 0.0010012904630965177 -0.10300071216335392 0.047175559535442869 -0.08028800331087993 -0.085707943968321598 -0.12407795662848915 -0.0043596608459879138 0.10088694783366269 0.0029605819105002489
leaf_weight=5180.2128276002841 5.8896476336230981 250.11221749954711 12.971998331559004 31.958306891378015 113.37812960267183 0.27697619242826554 145.86002592468867 402.68459265332058 995.25329300288286 13.143193355339461 5.4586407007518565 50.803264928079443 36.418608951993519 4.7745182084472608 1.5270965341478575 45.045217611361295 16.252027251786785 42.044140563040855 3.832827635924331 33.344529111811426 27.367324939928952 267.65581669018138 3.8596002594567826 47.146235234569758 17.370257873320952 2.2394197359681121 5.4548919912194824 753.24381976239965 63.180177303715027 1796.2315582544106
leaf_count=435118 1534 5896 3066 790 1661 9 5579 11436 55612 1016 1064 5747 2516 673 77 3417 763 2026 252 1614 502 7633 213 1828 549 70 362 20690 971 42572
internal_value=-0.000127436 0.0112087 0.0289824 0.00285868 0.0392104 -0.0630907 -0.000599287 -0.000865096 -0.002299 -8.3967e-05 0.0652806 -0.00112401 -0.0102785 -0.0534202 0.085343 0.00236265 -0.00655507 0.00408788 0.00797184 0.0095077 0.00489939 0.00948 0.0707793 0.00330409 -0.0039527 0.0934337 -0.00377225 -0.00522041 0.0911499 0.00568815
internal_weight=10375 414.587 132.517 282.071 119.268 13.249 9960.4 9814.54 6795.63 5319.1 83.3091 5235.79 1476.53 55.5778 70.1659 3018.91 819.996 481.279 444.86 441.027 398.983 365.639 33.4663 332.172 285.026 29.6067 774.951 758.699 68.6388 2198.92
internal_count=615256 12956 6270 6686 3195 3075 602300 596721 517481 444666 3128 441538 72815 6420 2112 79240 25232 17203 14687 14435 12409 10795 785 10010 8182 572 21815 21052 2035 54008
is_linear=0
shrinkage=0.1


Tree=83
num_leaves=31
num_cat=0
split_feature=4 3 1 20 1 1 4 1 20 1 1 18 4 1 1 8 19 1 0 13 18 3 1 16 1 12 20 0 20 15
split_gain=5.79144 5.41254 6.4876 4.23377 4.56692 14.6337 10.8942 8.18032 10.9359 12.4612 11.3153 10.6757 10.0314 9.31427 12.1401 8.90547 9.84686 7.80725 7.29984 6.80666 16.8965 13.0858 9.24611 6.65071 6.44679 6.42054 6.14241 5.02427 4.74493 16.2594
threshold=0.032950191570881263 0.27425373134328362 940.50000000000011 0.0013730512413784332 66.500000000000014 122.50000000000001 0.2953047263681593 139.50000000000003 0.25883876944650791 137.50000000000003 124.50000000000001 1.0000000180025095e-35 0.19284825870646763 126.50000000000001 132.50000000000003 1.0000000180025095e-35 1.0000000180025095e-35 153.00000000000003 27.346718565991921 1.0000000180025095e-35 1.0000000180025095e-35 0.69216417910447781 80.500000000000014 1.0000000180025095e-35 72.500000000000014 1.0000000180025095e-35 0.12441516710294666 18.053443052909511 0.21313734932922487 1.0000000180025095e-35
decision_type=2 2 2 2 2 2 2 2 2 2 2 2 2 2 2 2 2 2 2 2 2 2 2 2 2 2 2 2 2 2
left_child=1 2 -1 -2 6 19 -5 8 9 10 23 -11 27 -12 15 -15 -17 25 -14 24 21 22 -21 -7 -6 -9 -8 -10 29 -19
right_child=3 -3 -4 4 5 7 26 17 12 11 13 -13 18 14 -16 16 -18 28 -20 20 -22 -23 -24 -25 -26 -27 -28 -29 -30 -31
leaf_value=0.074041875159119488 -0.015402321940214535 0.0043867780891652013 0.016646071258142523 0.0012663866234210565 -0.10467515690270773 -0.031438307778879897 0.052675340888504521 -0.065088241180706302 0.013846934493091724 -0.10136035811453015 -0.10208544097361483 0.059730939513242293 0.053375098651812919 -0.063646763060263664 -0.10309338097416676 0.072184909795015573 -0.16506299372665115 0.0025493677259670285 -0.038534891840399169 0.35006077323448681 -0.078755321653564248 0.021747246619115073 0.073482950387757651 0.0790556957398965 -0.031886083262103952 0.044987201871092876 -0.14512446989042607 -0.05163703875183754 -0.001905220869462319 0.084079167995837867
leaf_weight=23.580260046292096 189.32152528803272 579.46336769673508 119.47836162312888 210.90807671588118 13.465178790698699 9.2930805533251259 64.293770168704214 31.035015897688936 50.888511964672944 4.6829911650711429 21.938128646754194 33.852751452941447 119.15493182931095 10.394873253477273 13.084754783485549 18.638565919216493 1.9306228768546123 2201.4740150032176 9.3171799350529891 2.5587397768395013 11.005256910226308 10.826121383928694 2.2909172955696704 13.163743421435356 126.28435587007334 6.3900010584111433 1.6092485716399085 15.221164401620625 6394.1186160363977 24.735653910436668
leaf_count=1118 24598 29088 2756 21004 3673 1852 4569 6328 1394 1574 1414 479 1451 1350 1374 695 132 171202 59 304 1210 422 837 179 16273 1772 298 221 316910 510
internal_value=5.29334e-05 0.00868728 0.0261066 -0.000596108 -0.000298616 -0.000681625 0.0123559 -0.000137044 0.0155245 -0.00730409 -0.0279823 0.0401546 0.0304219 -0.0488485 -0.0223344 0.0117927 0.0499168 -0.000718735 0.0467095 -0.030063 0.0162203 0.0828983 0.219409 0.0333311 -0.0388995 -0.0462938 0.0478454 -0.00123017 -0.000520872 0.00345525
internal_weight=10334.4 722.522 143.059 9611.88 9422.56 9145.75 276.811 8979.31 321.561 126.98 88.4438 38.5357 194.582 65.9869 44.0488 30.9641 20.5692 8657.75 128.472 166.431 26.681 15.6758 4.84966 22.4568 139.75 37.425 65.903 66.1097 8620.33 2226.21
internal_count=615046 32962 3874 582084 557486 531615 25871 508896 12174 9049 6996 2053 3125 4965 3551 2177 827 496722 1510 22719 2773 1563 1141 2031 19946 8100 4867 1615 488622 171712
is_linear=0
shrinkage=0.1


Tree=84
num_leaves=31
num_cat=0
split_feature=14 1 1 1 1 19 20 1 20 1 1 9 12 4 1 19 1 1 18 4 13 1 20 1 8 1 18 1 20 19
split_gain=4.92828 3.66396 29.1817 14.924 22.6132 17.026 19.8103 15.9435 26.5983 29.6482 20.3661 13.8485 12.3594 11.8856 11.6385 50.9369 56.6892 25.0831 17.0656 10.8585 10.8026 10.6032 18.8532 18.8432 31.2663 50.4747 36.6224 13.1449 12.5402 9.92084
threshold=1.0000000180025095e-35 512.50000000000011 474.50000000000006 534.50000000000011 586.50000000000011 1.0000000180025095e-35 0.52642975449311058 714.50000000000011 0.43558135822245198 701.00000000000011 602.00000000000011 1.0000000180025095e-35 1.0000000180025095e-35 0.46032052381769323 429.50000000000006 1.0000000180025095e-35 456.50000000000006 407.50000000000006 1.0000000180025095e-35 0.27694859038142633 1.0000000180025095e-35 464.50000000000006 0.075827744083013349 448.50000000000006 1.0000000180025095e-35 436.50000000000006 1.0000000180025095e-35 436.50000000000006 0.06383238583743657 1.0000000180025095e-35
decision_type=2 2 2 2 2 2 2 2 2 2 2 2 2 2 2 2 2 2 2 2 2 2 2 2 2 2 2 2 2 2
left_child=1 2 14 5 -5 6 -3 8 9 19 -10 -11 13 29 17 21 -17 -1 -19 -6 -7 23 -23 24 26 -26 -16 -28 -27 -4
right_child=-2 3 12 4 7 20 -8 -9 10 11 -12 -13 -14 -15 15 16 -18 18 -20 -21 -22 22 -24 -25 25 28 27 -29 -30 -31
leaf_value=-0.0015019000604424952 -0.051976969563184067 -0.043734216029198032 -0.091380640200630359 -0.055733981367111989 0.030343476630658742 -0.0039902726155085959 0.052059085830449631 5.3276028759330993e-05 0.1037258486562745 0.10466303260634885 -0.041495999300172441 -0.050798991114776905 0.024086298370140338 0.27514412057628324 -0.033286669854123062 0.15779387681336182 -0.10492605036241263 -0.027134692707039238 -0.13318032033189181 -0.01700748995981443 0.13399743732320069 -0.080555636164873518 0.053367778503122992 -0.069857297418551637 -0.17185946115925949 0.069346700354691815 0.21656028462560967 0.023169233697111366 -0.054064426446378128 0.0092510463757221294
leaf_weight=2578.8711492038383 18.234772102179704 35.698999175183417 68.434454815673234 70.365214653938892 183.4343170519569 7.5040579973720041 54.617703689516929 6709.8832971066731 10.859957089181988 65.030500547902193 87.184029318435933 6.2836663545458569 15.748371181020046 0.97025542776100238 15.592298392148221 42.447365124258795 10.183694243620264 44.617508489340253 22.996906059444882 65.803051808235978 23.25673093018122 12.886572215706108 57.037777804012876 47.886825012217741 18.910613006300991 25.00742952467408 15.167015483835714 4.5747924454044542 12.275386667810379 11.433420785819179
leaf_count=201550 2131 5071 9059 18450 14088 1374 2052 310780 116 937 10648 1444 1826 165 2619 1078 1244 7584 1483 10829 289 599 1849 3749 860 408 283 361 190 1774
internal_value=-3.5475e-05 5.62581e-05 -0.00288382 0.00126325 0.000677663 0.03608 0.0141954 0.0012345 0.020169 0.0341099 -0.0254103 0.0909649 -0.0569596 -0.0727485 -0.00108802 0.019018 0.10696 -0.00307828 -0.0632028 0.017842 0.100335 -0.00309186 0.0286866 -0.0190306 0.00756172 -0.0387847 0.0812686 0.171746 0.0287135 -0.0769748
internal_weight=10343.2 10325 3005.04 7319.92 7198.84 121.077 90.3167 7128.48 418.596 320.552 98.044 71.3142 96.5865 80.8381 2908.46 261.97 52.6311 2646.49 67.6144 249.237 30.7608 209.339 69.9244 139.414 91.5275 56.1934 35.3341 19.7418 37.2828 79.8679
internal_count=614890 612759 236681 376078 367292 8786 7123 348842 38062 27298 10764 2381 12824 10998 223857 13240 2322 210617 9067 24917 1663 10918 2448 8470 4721 1458 3263 644 598 10833
is_linear=0
shrinkage=0.1


Tree=85
num_leaves=31
num_cat=0
split_feature=20 1 1 0 17 4 4 1 17 1 1 20 13 4 3 3 1 20 4 5 1 0 7 7 1 1 9 1 1 1
split_gain=5.50799 6.88826 7.96723 9.19377 6.29172 5.79354 6.32861 7.28036 5.2144 5.10272 4.41104 4.68189 6.98037 5.63837 3.74409 3.71521 6.88568 5.6517 3.69254 3.55167 3.53393 14.5058 13.6724 15.2807 16.6997 24.7862 15.5444 10.4889 9.20683 14.5352
threshold=0.93381963191493456 1554.5000000000002 3332.5000000000005 106.70516706979716 1.0000000180025095e-35 0.16266762452107283 0.40419061302681997 2313.0000000000005 1.0000000180025095e-35 2200.5000000000005 1586.5000000000002 0.98592335930637953 1.0000000180025095e-35 0.026119402985074626 0.63992537313432851 0.74440298507462699 2664.0000000000005 0.24376396504046743 0.31296641791044782 1.5000000000000002 3149.5000000000005 2.113220900807359 3.5000000000000004 1.7500000000000002 2200.5000000000005 764.50000000000011 1.0000000180025095e-35 3685.0000000000005 931.00000000000011 1340.0000000000002
decision_type=2 2 2 2 2 2 2 2 2 2 2 2 2 2 2 2 2 2 2 2 2 2 2 2 2 2 2 2 2 2
left_child=14 4 3 5 18 10 7 9 -9 19 -3 -12 13 -13 20 16 17 -16 -2 -7 22 -22 23 -1 25 -25 -26 -23 -27 -30
right_child=1 2 -4 -5 -6 6 -8 8 -10 -11 11 12 -14 -15 15 -17 -18 -19 -20 -21 21 27 -24 24 26 28 -28 -29 29 -31
leaf_value=-0.0008614931744314006 -0.1130448936598113 0.11102363464655121 0.0038763025240948789 -0.031104201034081409 0.054025637161791387 -0.084868476486842981 0.093610780519846851 0.043624055545115392 -0.095146781833734817 -0.19175421246071403 0.0625570104069956 0.038321118123397294 0.061279257339805042 -0.15679708634016312 0.0036044450017807192 -0.02967569025427625 0.060026173121529081 0.065821600402790545 0.032085020955477099 0.0070136625730922485 -0.072938944161127395 -0.024411576844815579 -0.068276081967577854 0.041006445900440482 0.025196536585396168 -0.11077956364355664 0.1003572904750568 -0.0014070631243006644 0.038472520053944512 -0.061849652344661027
leaf_weight=6178.0002241331749 11.153575434465894 12.8512936970219 1273.1320326198475 22.504541070840787 3.91853279469069 6.7035853893030497 9.0497557470807788 30.984774801530875 2.9670342598110429 2.1049772826954714 41.926848479779437 2.3945054579526168 7.3392122238874435 3.8821070997510105 204.43824677346856 21.061106511857361 28.822442047297955 15.723073111497795 2.0800634735496706 11.296032956044654 30.828451304885675 221.64712346757733 29.320816864259541 76.925014631182421 81.238522236242716 14.675035065622067 41.610395308118314 1873.560856027274 23.762895690277219 36.8183991764854
leaf_count=482853 827 66 18925 870 139 166 187 416 82 72 536 23 74 97 9819 680 547 347 161 292 1679 9505 3142 2776 2334 819 610 70367 1164 5531
internal_value=-9.30463e-06 0.00571787 0.00647497 0.0279578 -0.0572764 0.0380655 0.0162139 0.00325665 0.0314969 -0.0444344 0.0582276 0.0460118 -0.00493554 -0.0823602 -0.000940966 0.0106534 0.0140648 0.00804775 -0.0902334 -0.0272059 -0.00130468 -0.00484261 -0.000144336 0.000165236 0.0232286 0.0010891 0.0506544 -0.00384066 -0.0397133 -0.0224985
internal_weight=10322.7 1444.29 1427.14 154.005 17.1522 131.5 63.1062 54.0564 33.9518 20.1046 68.394 55.5427 13.6158 6.27661 8878.43 270.045 248.984 220.161 13.2336 17.9996 8608.39 2126.04 6482.35 6453.03 275.03 152.181 122.849 2095.21 75.2563 60.5813
internal_count=615106 22933 21806 2881 1127 2011 1215 1028 498 530 796 730 194 120 592173 11393 10713 10166 988 458 580780 81551 499229 496087 13234 10290 2944 79872 7514 6695
is_linear=0
shrinkage=0.1


Tree=86
num_leaves=31
num_cat=0
split_feature=20 1 1 13 3 1 20 7 6 16 5 5 20 7 1 1 7 20 1 1 1 1 9 1 20 1 1 9 20 1
split_gain=4.07455 3.74807 13.2683 18.8649 12.9742 12.911 12.6425 11.192 10.7229 8.71601 11.9942 8.10439 6.5396 5.58942 7.06899 6.94529 7.9977 11.2904 8.08064 11.696 8.73181 10.5399 7.94257 24.806 8.01848 6.82632 15.5703 13.3534 7.39396 6.55828
threshold=0.0013730512413784332 4509.0000000000009 4203.5000000000009 1.0000000180025095e-35 0.49813432835820898 5853.5000000000009 0.88911681117536079 1.7500000000000002 1.0000000180025095e-35 1.0000000180025095e-35 1.5000000000000002 1.0000000180025095e-35 0.63516064990615362 3.5000000000000004 4021.0000000000005 4021.0000000000005 1.2500000000000002 0.21313734932922487 2200.5000000000005 764.50000000000011 931.00000000000011 1340.0000000000002 1.0000000180025095e-35 1518.0000000000002 0.28860574634206371 3230.0000000000005 3575.0000000000005 1.0000000180025095e-35 0.049888253390746838 103.50000000000001
decision_type=2 2 2 2 2 2 2 2 2 2 2 2 2 2 2 2 2 2 2 2 2 2 2 2 2 2 2 2 2 2
left_child=-1 2 13 6 -5 7 -4 8 12 -8 -11 -6 -3 15 -15 16 22 18 19 -18 -21 -22 -2 29 -25 27 -27 28 -20 -24
right_child=1 5 3 4 11 -7 9 -9 -10 10 -12 -13 -14 14 -16 -17 17 -19 25 20 21 -23 23 24 -26 26 -28 -29 -30 -31
leaf_value=-0.013983977640126889 0.0012079186556905269 -0.11774399916561305 -0.083295635516803454 -0.014959928479895674 0.032272394223913162 -0.00095625187311521292 0.057501893168950817 -0.072709354053537206 0.04434836178151675 -0.16999874894068248 0.074667192234487645 0.10805511845389935 -0.021207942390357126 -0.053056600511303488 0.022264300111323781 -0.041215915782477131 0.03161562738443615 -0.030791974042082122 0.0064152444066211487 -0.10296285973280206 0.05291274831125245 -0.042491018382801095 0.011937520196234742 0.1133011260080258 -0.0092769845276736203 -0.14599951380022749 0.035425669235910159 0.097880044583033274 0.08570212723015283 -0.049216175462395838
leaf_weight=202.97151386738733 6629.3085551422737 7.4788693548180154 17.839234561368357 17.027930994518101 20.980905371252447 2590.8577870469235 21.077403645031154 43.202867389976745 25.353148461377714 4.6336349463090318 3.5301507664844394 43.102212601341307 113.71083904290572 40.4466708162945 18.007825887994841 38.404058458982036 85.793546323227929 43.383368556709684 49.712919338722713 11.775155398994682 18.382560755067971 31.291658089241537 20.950273715541698 15.769070529146122 8.0665089485264598 5.918979145120832 23.558131315745413 41.270620291586965 15.407037911703808 107.62406737244964
leaf_count=25772 446894 621 1175 1123 383 72822 413 2316 725 134 41 360 4369 3342 329 1479 2483 5393 1092 735 586 3340 916 433 1111 253 305 747 223 34894
internal_value=4.44095e-05 0.00032594 0.00151134 0.0334009 0.0626275 -0.00280031 -0.0169511 -0.0279798 -0.0147929 0.0235238 -0.0642013 0.0832437 -0.0271654 0.000943968 -0.0298528 0.00119587 0.00142501 0.0167124 0.0239919 0.00776316 -0.0255388 -0.00718567 0.000689019 -0.0218813 0.0718179 0.0415794 -0.00100436 0.0533779 0.0251741 -0.0392516
internal_weight=10316.8 10113.9 7333.26 128.191 81.111 2780.6 47.0804 189.746 146.543 29.2412 8.16379 64.0831 121.19 7205.07 58.4545 7146.62 7108.21 326.494 283.111 147.243 61.4494 49.6742 6781.72 152.41 23.8356 135.868 29.4771 106.391 65.12 128.574
internal_count=614809 589037 508184 3629 1866 80853 1763 8031 5715 588 175 743 4990 504555 3671 500884 499405 15157 9764 7144 4661 3926 484248 37354 1544 2620 558 2062 1315 35810
is_linear=0
shrinkage=0.1


Tree=87
num_leaves=31
num_cat=0
split_feature=4 3 3 1 1 1 1 13 4 7 1 1 0 4 3 1 0 1 5 0 1 1 1 1 13 1 4 4 4 3
split_gain=4.19117 3.58783 5.20795 5.32493 11.8356 5.1573 6.19881 4.681 10.7634 4.53934 4.51104 4.05878 4.20717 3.80272 3.46329 4.29648 3.44846 4.87679 3.34448 3.14944 3.56342 3.10794 3.03966 14.0892 17.9976 12.1926 12.4791 10.9523 9.29982 8.90488
threshold=0.032950191570881263 0.06834577114427863 0.35261194029850756 10045.000000000002 6608.5000000000009 6201.5000000000009 4575.5000000000009 1.0000000180025095e-35 0.020833333333333325 4.5000000000000009 62575.000000000007 636.50000000000011 71.622793959741003 0.020833333333333325 0.27425373134328362 1685.0000000000002 101.64407639166049 67494.500000000015 2.5000000000000004 14.156343067793001 10045.000000000002 1364.0000000000002 4509.0000000000009 4203.5000000000009 1.0000000180025095e-35 7136.0000000000009 0.12988184079601986 0.42815377137302008 0.40738119746097107 0.49813432835820898
decision_type=2 2 2 2 2 2 2 2 2 2 2 2 2 2 2 2 2 2 2 2 2 2 2 2 2 2 2 2 2 2
left_child=1 19 11 4 5 6 -4 9 -9 10 -5 -3 14 -6 -13 -16 17 -11 -15 20 21 -1 23 -2 27 26 -24 -25 29 -26
right_child=22 2 3 7 13 -7 -8 8 -10 16 -12 12 -14 18 15 -17 -18 -19 -20 -21 -22 -23 25 24 28 -27 -28 -29 -30 -31
leaf_value=0.010370729415569926 -0.00057476099705969393 0.081183056664442185 0.0017055655626039296 0.046275233224243525 -0.052432071084678983 0.063011197593286161 -0.088269212819668152 -0.20719197462891081 0.054021196030088516 -0.059261432854013057 -0.03114246078203908 0.018998830655930457 0.073652646826572285 -0.1931246934504226 0.037451501650838971 -0.10610629621615052 0.044235801540801992 0.066296923285466422 0.023472505432503076 -0.083740922803064832 0.1040972113153435 -0.11098256388071476 0.0077682801096433246 -0.04264397836122355 -0.01003520727012587 -0.001283472249878972 -0.033894992620857239 0.091000848623485009 -0.049561044152234585 0.089388656037026934
leaf_weight=6.2610070371301862 6887.1281886371271 11.964071269030681 402.82235093090276 76.772194988792762 11.778820147155786 13.411569777876137 7.8055219731759271 2.8097107843495897 3.5968247186392546 14.57288830610924 8.3446472445502859 103.22505584592 13.179711981676517 4.1829859599238253 3.542971672373822 5.065364068839699 8.5336227826774103 3.9270594157278529 0.85934709291905154 7.9571986127411938 2.4827566284220657 3.1835018168203533 102.25922570156399 34.060281657788437 10.642200473521369 2195.927796765478 242.08221871036221 7.4783070015255353 6.6633758109528562 58.677933009341359
leaf_count=256 501441 516 25859 1137 335 150 288 61 32 333 194 2605 167 157 132 153 146 30 23 336 59 77 2614 1487 801 63552 10939 179 354 570
internal_value=-0.000509935 0.00686764 0.00806356 0.00378437 -0.00127506 0.00198833 -4.74237e-06 0.0225981 -0.0605389 0.0273473 0.0386854 0.0255399 0.0202147 -0.0835409 0.0139169 -0.0470216 -0.00835134 -0.0326086 -0.156211 -0.0350161 -0.00250971 -0.0305344 -0.00106357 1.10947e-05 0.0343439 -0.0040269 -0.0215222 -0.0185835 0.0632782 0.0741249
internal_weight=10261.2 716.279 696.395 559.418 440.861 424.039 410.628 118.557 6.40654 112.15 85.1168 136.977 125.013 16.8212 111.833 8.60834 27.0336 18.4999 5.04233 19.8845 11.9273 9.44451 9544.92 7004.65 117.522 2540.27 344.341 41.5386 75.9835 69.3201
internal_count=614983 33046 32318 28745 26812 26297 26147 1933 93 1840 1331 3573 3057 515 2890 285 509 363 180 728 392 333 581937 504832 3391 77105 13553 1666 1725 1371
is_linear=0
shrinkage=0.1


Tree=88
num_leaves=31
num_cat=0
split_feature=6 10 10 20 1 0 20 1 4 4 1 5 20 1 1 1 1 1 1 4 4 1 4 1 8 1 5 0 1 1
split_gain=4.50502 14.9744 11.1433 13.5661 11.429 9.54101 14.3655 11.9829 13.0214 9.35735 7.62889 7.13273 6.91528 12.4917 19.7282 16.5106 14.5882 33.8364 24.4723 16.4359 16.3212 11.7415 10.9926 10.8075 17.6532 21.7061 12.6687 10.8549 9.72712 16.6629
threshold=1.0000000180025095e-35 1.0000000180025095e-35 1.0000000180025095e-35 0.1496451646912845 586.50000000000011 14.529459746242582 0.63024275792341733 1723.5000000000002 0.27950870646766179 0.34628831417624528 334.00000000000006 2.5000000000000004 0.63024275792341733 1047.5000000000002 987.50000000000011 978.50000000000011 1364.0000000000002 1436.5000000000002 1518.0000000000002 0.16417910447761203 0.27555970149253745 1340.0000000000002 0.3702825670498085 2049.5000000000005 1.0000000180025095e-35 1631.0000000000002 1.0000000180025095e-35 45.616441709830262 1160.0000000000002 1190.5000000000002
decision_type=2 2 2 2 2 2 2 2 2 2 2 2 2 2 2 2 2 2 2 2 2 2 2 2 2 2 2 2 2 2
left_child=1 12 10 11 -5 9 -7 8 -8 -6 -2 -4 -1 14 15 -14 20 22 19 -19 21 28 -18 24 25 -20 -26 -27 -15 -30
right_child=2 -3 3 4 5 6 7 -9 -10 -11 -12 -13 13 16 -16 -17 17 18 23 -21 -22 -23 -24 -25 26 27 -28 -29 29 -31
leaf_value=-0.0034000400587498552 -0.029046659425456603 -0.026123738482758858 0.036902327759338154 -0.077302589072634431 -0.00041746486071366721 0.073662752814695004 -0.1137105740249774 0.019244544239579955 0.042129674836349135 -0.13053859218403119 0.0021251795733248265 0.10487151206046817 0.011396898023881667 -0.07670271807231327 0.062105723702802866 -0.1207640749919454 0.057240442468927268 -0.1557270263369864 -0.08027124553669801 -0.032076751168685171 0.0044015694571386283 -0.14402027289153663 -0.073656844444445937 -0.0013982905424034914 -0.00064784626456556855 0.024153577001486501 0.049258531176806584 -0.03035452998415333 0.050185324522978005 -0.042418617932782551
leaf_weight=4517.2030511340781 84.073250614550489 238.76403604251391 44.859435441045207 14.083119413655366 16.734432649624072 43.12701623304747 14.876716875471176 160.87707869714359 8.3828390368726087 8.2517537557287124 1186.9439927086787 23.54199498082744 406.9765964995895 41.483965393097606 81.56771090827533 9.6774670395534468 130.15289592990302 15.131345319590762 32.951771266001742 37.124214729759842 133.53661257426575 10.75654416834004 6.7482910312828599 2513.9111112355749 73.2946499260579 124.4764188223271 166.21689902975049 51.712714099616278 25.842510348185897 78.317374130972894
leaf_count=385949 8974 10747 1663 2404 869 937 827 3629 226 819 62263 419 20180 2509 2598 795 2991 939 1536 1847 8812 758 1481 72050 2121 4751 3340 3209 635 4685
internal_value=-0.000528117 -0.00142674 0.00433834 0.0205711 0.0103689 0.0152636 0.0217122 0.00954472 -0.0575451 -0.0433903 6.32738e-05 0.0602956 -0.000729487 0.00233239 0.0171317 0.00832724 0.000190007 0.00216468 -4.32826e-05 -0.0678815 -0.0212754 -0.0431987 0.0507881 0.00115329 0.0154504 -0.00577718 0.0339863 0.00815508 -0.0357525 -0.0194432
internal_weight=10301.6 8695.85 1605.75 334.734 266.333 252.25 227.264 184.137 23.2596 24.9862 1271.02 68.4014 8457.08 3939.88 498.222 416.654 3441.66 3151.72 3014.82 52.2556 289.937 156.4 136.901 2962.56 448.652 209.141 239.512 176.189 145.644 104.16
internal_count=614963 531933 83030 11793 9711 7307 5619 4682 1053 1688 71237 2082 521186 135237 23573 20975 111664 94265 89793 2786 17399 8587 4472 87007 14957 9496 5461 7960 7829 5320
is_linear=0
shrinkage=0.1


Tree=89
num_leaves=31
num_cat=0
split_feature=20 3 8 1 3 4 4 5 1 1 1 19 1 4 1 11 4 4 4 10 5 4 1 1 7 7 16 20 1 20
split_gain=4.6008 5.89467 5.62329 5.00905 4.33209 6.38819 7.14588 4.59156 6.43818 7.36996 6.21804 6.99466 10.069 10.2842 8.95193 7.01111 6.81691 6.71679 6.6823 6.71242 5.75019 5.86957 4.34844 4.23529 4.2812 12.3458 4.02781 4.33781 3.88605 5.17754
threshold=0.96371328872753381 0.040702736318407963 1.0000000180025095e-35 2764.0000000000005 0.095988805970149263 0.020833333333333325 0.08620689655172413 2.5000000000000004 37272.500000000007 18911.000000000004 4509.0000000000009 1.0000000180025095e-35 17959.000000000004 0.32419082747183631 15533.500000000002 1.0000000180025095e-35 0.15466954022988508 0.42913557213930359 0.24056513409961691 1.0000000180025095e-35 1.0000000180025095e-35 0.38469291473666162 25377.000000000004 8937.5000000000018 1.7500000000000002 3.5000000000000004 1.0000000180025095e-35 0.99999855885341915 67494.500000000015 0.83662031597016284
decision_type=2 2 2 2 2 2 2 2 2 2 2 2 2 2 2 2 2 2 2 2 2 2 2 2 2 2 2 2 2 2
left_child=28 -2 4 -4 5 -3 -7 10 9 -9 -6 12 14 18 15 17 -16 23 19 -14 -15 -22 -21 -12 -25 -26 27 -20 -1 -30
right_child=1 2 3 -5 7 6 -8 8 -10 -11 11 -13 13 20 16 -17 -18 -19 26 22 21 -23 -24 24 25 -27 -28 -29 29 -31
leaf_value=-0.00034078981682975854 0.090806130758708387 0.035670822929337508 -0.022603730347821805 -0.18049286329925351 0.036007228401515746 -0.21457519722312501 -0.038324902213626756 -0.01010267358257088 0.03042290278106068 -0.088080330245168606 -0.06475638326408624 0.019788190239334483 0.022043079058212955 -0.0087395687316413999 -0.025447550659570429 0.058737890632466108 -0.15770761747069692 0.075483314686352554 0.076781355935317555 -0.14606756709312016 -0.049839118596642147 -0.23937779475116319 -0.023146193887080894 -0.0051029132354647525 -0.16434398255831437 0.033457663160002121 -0.033319227787422544 0.027145245590080715 -0.11159520417704612 -0.013166843938787984
leaf_weight=9220.8171860879629 8.2936467103427258 7.1550313364714411 36.181147426832467 2.1274775741621843 91.031457118107937 3.0961109588388345 8.9502915564225969 53.443170492886566 26.20343581889756 15.675798540585673 24.566576922312379 286.07212292210897 61.859240314515773 65.597047616087366 7.4664549068547776 11.945064328145234 8.1515768510289472 6.5796606754884115 37.626307987608016 3.4995922744274166 7.260883915354496 2.1082381126470864 16.200726968469098 58.159853601595387 6.5678276869002712 6.0733012049458921 5.7725195325911036 33.090877163805999 5.5627265126095145 136.04077590245288
leaf_count=596413 158 39 962 59 1208 65 346 1473 572 382 522 3312 595 732 128 116 179 41 258 125 100 64 378 753 179 81 104 337 649 4647
internal_value=6.3466e-05 0.00688947 0.00610963 -0.0313721 0.00779068 -0.0391711 -0.0836239 0.00887066 -0.0117859 -0.0277876 0.0115329 0.00809785 -0.00112709 0.0112975 -0.0234815 -0.0137457 -0.0944785 -0.0222385 0.0257662 0.00585347 -0.0192064 -0.0924891 -0.0449821 -0.0289806 -0.0165671 -0.0693122 0.0469988 0.053555 -0.000593261 -0.0170335
internal_weight=10263.2 900.755 892.462 38.3086 854.153 19.2014 12.0464 834.952 95.3224 69.119 739.629 648.598 362.526 233.015 129.51 113.892 15.618 101.947 158.049 81.5596 74.9662 9.36912 19.7003 95.3676 70.801 12.6411 76.4897 70.7172 9362.42 141.604
internal_count=614977 13268 13110 1021 12089 450 411 11639 2427 1855 9212 8004 4692 2693 1999 1692 307 1576 1797 1098 896 164 503 1535 1013 260 699 595 601709 5296
is_linear=0
shrinkage=0.1


Tree=90
num_leaves=31
num_cat=0
split_feature=20 7 3 3 4 3 19 7 4 11 4 4 1 9 1 1 1 16 18 4 20 16 1 16 4 1 18 4 0 6
split_gain=3.81448 5.81678 4.34872 4.36719 3.71649 9.05811 5.34255 7.07627 8.87386 6.26106 6.66452 10.6255 6.58872 7.96615 14.947 7.50941 15.5933 8.26261 8.884 6.95451 6.34823 5.75416 5.66721 5.2658 9.37405 5.19368 6.37347 6.01789 5.72224 7.81429
threshold=0.96371328872753381 7.5000000000000009 0.040702736318407963 0.095988805970149263 0.30320273631840805 0.48320895522388069 1.0000000180025095e-35 3.5000000000000004 0.15866858237547896 1.0000000180025095e-35 0.15671641791044788 0.18857758620689657 3873.5000000000005 1.0000000180025095e-35 20091.500000000004 3685.0000000000005 3469.5000000000005 1.0000000180025095e-35 1.0000000180025095e-35 0.17298564648024253 0.97394144385072001 1.0000000180025095e-35 2514.0000000000005 1.0000000180025095e-35 0.27694859038142633 10871.500000000002 1.0000000180025095e-35 0.40738119746097107 12.350451396992581 1.0000000180025095e-35
decision_type=2 2 2 2 2 2 2 2 2 2 2 2 2 2 2 2 2 2 2 2 2 2 2 2 2 2 2 2 2 2
left_child=1 -1 -2 -4 5 -5 7 9 -9 12 -11 -12 15 23 -15 16 17 18 19 -7 -16 -10 -20 -14 -25 27 -27 -6 29 -28
right_child=2 -3 3 4 25 6 -8 8 21 10 11 -13 13 14 20 -17 -18 -19 22 -21 -22 -23 -24 24 -26 26 28 -29 -30 -31
leaf_value=-0.00053599801586595545 0.075337597314596882 -0.031444751401767515 -0.041592826578753406 0.038247714064449774 0.012759167487752313 0.064819919877292118 -0.021401170802391751 0.086623259924192605 0.011705795578637955 0.067722839147175279 -0.12096764530017422 0.030126658382633165 -0.024640444876285826 -0.17821293364530233 -0.068333069293805296 0.079025638112247845 -0.16788622765543892 0.088475249631785338 -0.016257367325525199 -0.040428609260544472 0.075538681755457429 -0.17519983542158088 -0.12171982013448884 -0.18190723302963266 0.030534656179985378 0.014919498789057725 -0.19742395069833282 0.063434445919726593 -0.012191715125618296 0.053547042749009101
leaf_weight=9318.9267461798663 8.969235676340757 61.286719806928886 19.382528785499744 57.709902878850698 55.765634645067621 21.045265635708351 125.17003587761428 20.270369435194883 7.1267054369673115 24.56765301793348 6.0525078901555416 20.146721330704167 128.10657990560867 3.0994462976232198 3.5858399360440698 14.804200179874895 5.0911601707339278 12.088891135528682 16.924610276008028 8.9473472637473588 21.192734253592789 2.1423092233017087 7.2901154682040206 5.6641463129781169 3.2797350864857435 212.25811761274235 3.9042768739163867 40.419918786152266 50.747162794461474 1.8184723723679779
leaf_count=597347 151 4720 471 813 949 217 2238 223 73 247 48 175 2282 89 48 111 106 129 567 209 162 59 159 150 37 2363 96 566 593 7
internal_value=-0.000138993 -0.000737944 0.00605147 0.0053599 0.00639498 0.000918495 -0.0037996 0.002848 0.0495602 -0.00172275 0.0303069 -0.00477893 -0.00819792 -0.0199076 0.0288212 0.0142086 0.000767005 0.0137186 -0.00295306 0.0334224 0.0547182 -0.0314929 -0.048008 -0.0298197 -0.104004 0.0141135 0.00697607 0.0340544 -0.0228815 -0.117675
internal_weight=10287.8 9380.21 907.572 898.602 879.22 514.306 456.596 331.426 29.5394 301.887 50.7669 26.1992 251.12 164.928 27.878 86.1916 71.3874 66.2962 54.2073 29.9926 24.7786 9.26901 24.2147 137.05 8.94388 364.914 268.728 96.1856 56.4699 5.72275
internal_count=615405 602067 13338 13187 12716 8142 7329 5091 355 4736 470 223 4266 2768 299 1498 1387 1281 1152 426 210 132 726 2469 187 4574 3059 1515 696 103
is_linear=0
shrinkage=0.1


Tree=91
num_leaves=31
num_cat=0
split_feature=4 3 2 3 3 5 3 3 0 2 0 2 0 3 2 4 2 3 20 20 16 18 2 2 20 19 8 2 0 2
split_gain=6.02298 6.83577 9.58467 7.34815 6.69375 6.01532 9.12868 8.85276 6.99444 6.44033 5.82849 6.79857 5.51842 8.85498 8.0586 7.36806 10.5899 11.6062 11.6606 10.304 7.13081 9.67813 7.88617 6.75191 6.66436 7.46419 9.49972 8.71662 9.31841 11.6566
threshold=0.098850574712643718 0.51119402985074636 6.5035391097261348 0.53544776119402993 0.66604477611940316 2.5000000000000004 0.48320895522388069 0.51119402985074636 4.2726958094591696 8.0289434713189394 4.2726958094591696 3.7726948748059121 65.892608633726368 0.37873134328358216 6.9353661877947355 0.16266762452107283 7.793351483896183 0.040702736318407963 0.024100985822510686 0.940221888383869 1.0000000180025095e-35 1.0000000180025095e-35 7.0570366107561346 8.1819976338973621 0.90454357557504406 1.0000000180025095e-35 1.0000000180025095e-35 7.3698938566446301 29.354573873411827 7.7467325342425779
decision_type=2 2 2 2 2 2 2 2 2 2 2 2 2 2 2 2 2 2 2 2 2 2 2 2 2 2 2 2 2 2
left_child=5 12 4 -4 -3 8 -7 10 9 -1 -8 -12 13 15 -14 16 17 18 -2 -18 -16 22 -22 -23 -15 27 -27 -26 -29 -30
right_child=1 2 3 -5 -6 6 7 -9 -10 -11 11 -13 14 24 20 -17 19 -19 -20 -21 21 23 -24 -25 25 26 -28 28 29 -31
leaf_value=-0.013047351013653237 1.041396194517755 -0.060740930072960289 -0.061475271090463114 0.016866232961081445 -0.0043398665226319138 0.073173472552566843 -0.03770819280305876 0.026918331378386087 0.0044090004804401648 -0.094922126273978016 0.13292695806810548 0.0018935254899696214 -0.057484951974870226 -0.00039367959727924361 -0.0035628042903644887 -0.03832952012165379 -0.067484916443111623 0.074918860805184187 0.23908028905045053 0.062075614263795653 0.12407256755259177 0.037333127987586541 -0.083106828320506865 -0.058418501112544707 0.057735026960708792 0.014525278499557799 0.067903403394906303 0.011092686391549898 -0.08432108829337838 -0.0074198073196054346
leaf_weight=126.03587751434679 0.24805020423082069 63.693132105108816 14.351971378899178 72.222228968632407 31.423966711998219 26.170289932546439 39.665279024062329 194.01029303693213 1429.8465013477762 10.400228772254193 4.0775226773694149 136.93352503317874 31.192226025785203 5917.6105254799168 926.82529146998422 101.4508193274005 14.855761419239572 6.2311807232099454 0.67161719369323691 10.46107345598284 1.9401684530312184 20.618731192313135 34.641930090278038 11.456094969762487 27.233030052739196 308.11538505781209 37.387134932097979 353.27711661322974 21.16425771912327 287.01726933242753
leaf_count=18263 127 11198 1888 2586 2109 1294 4755 6588 60592 517 89 6096 5240 374040 31890 60564 2415 4240 539 164 85 366 3907 293 425 4135 501 4768 581 4509
internal_value=0.000167495 -0.00101239 -0.0201954 0.00387905 -0.0421076 0.00514226 0.0160731 0.0120848 0.00234475 -0.0192885 -0.00384337 0.00568253 -0.000582751 0.000410038 -0.00743461 -0.02506 0.0164028 0.123863 0.455479 -0.0139497 -0.00586635 -0.0369627 -0.0721189 0.00313373 0.00090069 0.00830701 0.0203014 0.00228968 6.93344e-06 -0.012701
internal_weight=10261.2 8294.09 181.691 86.5742 95.1171 1967.14 400.857 374.687 1566.28 136.436 180.676 141.011 8112.4 7085.72 1026.67 133.919 32.4677 7.15085 0.919667 25.3168 995.482 68.6569 36.5821 32.0748 6951.8 1034.19 345.503 688.692 661.459 308.182
internal_count=614764 516570 17781 4474 13307 98194 18822 17528 79372 18780 10940 6185 498789 457008 41781 68049 7485 4906 666 2579 36541 4651 3992 659 388959 14919 4636 10283 9858 5090
is_linear=0
shrinkage=0.1


Tree=92
num_leaves=31
num_cat=0
split_feature=20 10 17 1 0 1 1 1 1 1 3 6 20 1 1 1 1 1 1 1 18 1 1 20 1 16 20 1 9 1
split_gain=5.39484 9.54463 12.6951 31.8086 24.2475 13.1032 9.78071 9.64503 11.0902 9.79328 13.7185 9.41753 9.10924 8.95022 25.4189 35.3012 31.1034 20.1665 19.3978 25.6444 34.3962 43.769 20.0968 19.0612 15.8314 15.3469 13.9199 20.2773 14.2587 11.177
threshold=0.55849013106619139 1.0000000180025095e-35 1.0000000180025095e-35 352.50000000000006 9.2574630221905441 137.50000000000003 122.50000000000001 187.50000000000003 177.00000000000003 196.50000000000003 0.53544776119402993 1.0000000180025095e-35 0.4607205690159672 740.00000000000011 626.50000000000011 523.50000000000011 512.50000000000011 793.00000000000011 474.50000000000006 429.50000000000006 1.0000000180025095e-35 456.50000000000006 407.50000000000006 0.038477381673827658 380.50000000000006 1.0000000180025095e-35 0.28129918036922136 643.50000000000011 1.0000000180025095e-35 823.50000000000011
decision_type=2 2 2 2 2 2 2 2 2 2 2 2 2 2 2 2 2 2 2 2 2 2 2 2 2 2 2 2 2 2
left_child=1 2 13 4 -4 6 -6 8 -7 10 -9 -3 -5 14 15 16 18 -15 19 22 21 -21 23 -1 -25 26 28 -28 -16 -19
right_child=-2 11 3 12 5 7 -8 9 -10 -11 -12 -13 -14 17 25 -17 -18 29 -20 20 -22 -23 -24 24 -26 -27 27 -29 -30 -31
leaf_value=-0.007788604796262851 0.0027889283813014223 -0.0095206007611070478 -0.03104452335489399 -0.075186577264820142 -0.033950954661337678 -0.013322958425647881 0.032476273100661625 0.040342246818060187 -0.092379805158916958 -0.0061997939407069866 -0.078388002856124461 0.037383950589747354 -0.031334095884171194 -0.06044073847307653 0.049796686269924367 -0.058803989432007001 0.090108660203758073 0.029415276049964956 -0.061154106888254622 0.14446519025726409 0.012187920458060794 -0.092124963270266258 -0.079110076337420329 0.0070310975216296943 0.055996184305260523 -0.025931384755773102 0.11907015106772167 -0.064235922644549526 -0.044339429172117653 -0.0060777941471920199
leaf_weight=980.67541246520614 5468.6292050277225 67.010628388285113 251.86155353150662 75.419749265822247 24.944152874057181 74.565272576845018 198.98331397649599 98.056501184590161 23.285552607208956 317.39706642016972 10.803773274863486 118.51024463669455 127.36020779601495 65.018765428598272 261.05671103862187 98.157542323766393 39.916475237885606 96.283111100347014 49.075429671895108 44.729400568234269 179.10272519572754 9.4759435375599406 33.459635132196127 261.27517247634387 88.36228833408677 44.968859711196274 7.7772105202020603 26.934378839709098 17.147349056816893 1129.9623527425993
leaf_count=70834 200434 3505 63203 18346 1532 5633 2614 1315 2186 21537 748 5703 17638 11507 13761 22303 2219 6099 8510 1104 6163 1241 3470 12171 2552 1608 194 4183 6081 95818
internal_value=0.000638958 -0.00179954 -0.00268957 -0.0115311 -0.0042074 0.00482858 0.0250767 -0.00382251 -0.0321361 0.00267711 0.0285589 0.0204419 -0.0476441 0.00040754 0.00437162 -0.000507067 0.00288679 -0.00616858 0.000771805 0.00267468 0.0333112 0.103106 -0.00256647 -0.000641271 0.0194058 0.0286943 0.0365445 -0.0231658 0.0439945 -0.00329093
internal_weight=10290.2 4821.58 4636.06 1202.68 999.897 748.036 223.927 524.108 97.8508 426.257 108.86 185.521 202.78 3433.38 2142.11 1784.23 1686.07 1291.26 1646.16 1597.08 233.308 54.2053 1363.77 1330.31 349.637 357.885 312.916 34.7116 278.204 1226.25
internal_count=614212 413778 404570 134752 98768 35565 4146 31419 7819 23600 2063 9208 35984 269818 156394 130567 108264 113424 106045 97535 8508 2345 89027 85557 14723 25827 24219 4377 19842 101917
is_linear=0
shrinkage=0.1


Tree=93
num_leaves=31
num_cat=0
split_feature=14 1 1 1 20 10 0 1 1 18 4 5 1 1 1 20 16 18 1 1 20 1 4 1 18 5 4 1 1 1
split_gain=3.59078 3.73675 10.3999 9.30995 10.9937 10.8594 13.1608 10.3296 9.72202 12.6205 8.69498 8.32839 11.1942 7.37095 8.22605 20.2307 7.47007 10.5228 9.0071 11.7609 8.42912 6.7284 10.4348 9.07115 9.44193 8.18793 6.70735 7.43786 13.3998 6.15526
threshold=1.0000000180025095e-35 345.00000000000006 352.50000000000006 196.50000000000003 0.49550456499008572 1.0000000180025095e-35 5.6840281132715713 187.50000000000003 177.00000000000003 1.0000000180025095e-35 0.2992537313432837 2.5000000000000004 177.00000000000003 321.50000000000006 235.50000000000003 0.273808862844654 1.0000000180025095e-35 1.0000000180025095e-35 237.50000000000003 298.50000000000006 0.36725848996166938 192.50000000000003 0.25447796934865907 137.50000000000003 1.0000000180025095e-35 2.5000000000000004 0.067164179104477681 274.50000000000006 263.50000000000006 326.00000000000006
decision_type=2 2 2 2 2 2 2 2 2 2 2 2 2 2 2 2 2 2 2 2 2 2 2 2 2 2 2 2 2 2
left_child=1 3 -3 5 10 6 7 8 -1 -10 13 12 -7 14 15 -5 18 -18 -16 26 -21 23 -23 25 -25 -8 -20 28 -28 -6
right_child=-2 2 -4 4 29 11 21 -9 9 -11 -12 -13 -14 -15 16 -17 17 -19 19 20 -22 22 -24 24 -26 -27 27 -29 -30 -31
leaf_value=-0.010348210458953434 -0.045598556016796896 0.034429728227565147 0.00094569121560707378 -0.086009510810801354 0.0062732248586236938 -0.032519913623345706 0.028335765139872487 -0.068417969509350238 -0.045164665619913204 0.078316528953497999 -0.046905332559978578 0.091625754233722434 0.075147775291972613 -0.064869690771178393 0.046189253232586575 -0.0068947124904777451 0.0063201050789910857 0.10357006916989181 0.023444485057381202 0.036236429442261679 -0.081645726156002615 0.010115830188999786 0.087594223571030527 -0.018716568881008821 0.037721506839905425 -0.0052289589215990121 -0.064531639451366654 -0.079880894606915123 0.013469281773060345 0.093059339534760269
leaf_weight=633.46175506816962 17.03001583632431 93.848199533429579 7985.8775431072145 44.352149348640523 143.82357264656457 21.941343092068564 212.99846937839538 28.894573186429625 11.867860410893625 27.356245843693614 93.524614798396215 22.109209371177712 17.247136402875185 26.408497025011457 26.70787455784739 119.15961552840599 41.871943226607982 15.152768420986829 19.362026998729561 51.131856692496513 6.8822068286681306 47.998425598125323 27.252565652059275 182.10036914971533 35.406043800991029 110.32304772429052 43.065680348976457 33.692361391058512 45.077088509424357 8.6646665867301618
leaf_count=75375 2166 3876 432266 7238 5646 2379 6798 3259 2150 437 14130 437 342 5517 1873 6187 1751 181 2595 2908 1177 1622 478 13952 583 3180 6087 6955 3118 447
internal_value=0.000281482 0.000358252 0.00133462 -0.00340218 -0.0126287 0.00140776 -0.000506261 -0.00987152 -0.00735671 0.0409554 -0.0190453 0.0425518 0.0148654 -0.013535 -0.0104985 -0.0283544 -0.00017964 0.0321616 -0.00834297 -0.015654 0.0222521 0.0101587 0.0381751 0.00626054 -0.00952949 0.0168829 -0.0312286 -0.0399172 -0.0246412 0.0112046
internal_weight=10194.6 10177.6 8079.73 2097.83 718.877 1378.96 1317.66 701.58 672.686 39.2241 566.389 61.2977 39.1885 472.864 446.456 163.512 282.944 57.0247 225.919 199.211 58.0141 616.079 75.251 540.828 217.506 323.322 141.197 121.835 88.1428 152.488
internal_count=615110 612944 436142 176802 65810 110992 107834 81221 77962 2587 59717 3158 2721 45587 40070 13425 26645 1932 24713 22840 4085 26613 2100 24513 14535 9978 18755 16160 9205 6093
is_linear=0
shrinkage=0.1


Tree=94
num_leaves=31
num_cat=0
split_feature=4 12 5 4 20 20 1 19 4 0 19 4 20 1 1 19 3 4 1 1 1 0 0 0 20 17 20 20 3 1
split_gain=5.16389 4.03683 18.6615 13.0573 11.0994 8.16172 7.09593 7.5179 6.4845 6.19253 6.14874 5.9624 5.27811 8.17517 7.13686 6.12678 4.38433 5.72336 4.23742 5.0319 6.03188 5.64738 5.2122 4.21011 5.82267 3.99757 5.13789 3.84825 5.32772 5.28077
threshold=0.089552238805970186 1.0000000180025095e-35 1.0000000180025095e-35 0.30150254474752686 0.083925236174568998 0.010836216462614939 673.50000000000011 1.0000000180025095e-35 0.16417910447761203 1.7517815218427124 1.0000000180025095e-35 0.47200670498084296 0.3724684122637682 196.50000000000003 26.500000000000004 1.0000000180025095e-35 0.040702736318407963 0.17123756218905478 1140.5000000000002 1973.5000000000002 7136.0000000000009 11.696836755427883 20.721643089376453 8.8342876250336833 0.30258554447136893 1.0000000180025095e-35 0.78620839146698007 0.92759410062517034 0.56156716417910457 1554.5000000000002
decision_type=2 2 2 2 2 2 2 2 2 2 2 2 2 2 2 2 2 2 2 2 2 2 2 2 2 2 2 2 2 2
left_child=27 -2 3 8 5 -5 7 -7 -3 -9 18 -8 14 -14 15 -4 17 -16 23 21 22 25 -21 -6 -25 -20 -27 28 -1 -29
right_child=1 2 12 4 10 6 11 9 -10 -11 -12 -13 13 -15 16 -17 -18 -19 19 20 -22 -23 -24 24 -26 26 -28 29 -30 -31
leaf_value=-0.00010974883138796363 -0.00086202184998124352 0.023440577815630727 0.19337733889459835 -0.10139464420126154 -0.099912759671059337 0.26098213195065595 -0.05497751078442234 0.48432841166284624 -0.067585378110677635 1.236933503448661 -0.14330315147708975 0.54043172241028048 0.15463466745604182 -0.019978621676576283 0.35377255584707057 -0.0098435529653428042 -0.061083645928934366 -0.07378221023122189 0.27068954025470415 -0.13226003894476715 0.071064203274251336 0.03202954362947185 0.086879394069440175 0.45931526750771773 0.020117572841049772 -0.13640031077066228 0.18300785786947898 -0.13143129904241485 0.015075637594866284 0.017278334270384239
leaf_weight=1227.940598904017 8112.2186196544299 15.212528603558896 1.9982883619231859 0.4050055374391367 3.1041860716941283 0.34174602026178014 0.43404439460573485 0.20466570434655296 16.118112231612031 0.23470192676177248 1.5932570836812363 0.27458301419392228 2.7579733927414045 96.42036879265288 0.59083329909480997 5.7590074991603615 76.930609280396311 0.66601991681818618 3.1571353087201697 3.0119281618681297 22.724111579358578 3.3918063149612863 1.6968508565332738 0.32119626615894947 5.0134922443539836 0.66445902713167049 2.0803551999852061 2.4101997837424269 284.58760780631565 258.25088180461898
leaf_count=72809 471870 1608 582 295 1322 162 210 36 2944 28 326 26 466 10450 100 1368 30142 1297 259 461 471 500 95 59 1559 107 17 97 11785 3605
internal_value=-0.000221161 -0.00125886 -0.0134019 0.0269618 0.0593848 0.296658 0.404873 0.612748 -0.0233879 0.886356 0.0497701 0.175735 -0.0308414 -0.0151229 -0.0489802 0.0425064 -0.0580569 0.127207 0.0565809 0.0712634 0.049719 0.134857 -0.0532912 -0.00731829 0.0465612 0.193952 0.105686 0.00468136 0.00274744 0.0159033
internal_weight=10150.5 8377.33 265.107 79.9842 48.6535 1.89475 1.48974 0.781114 31.3306 0.439368 46.7588 0.708627 185.123 99.1783 85.9448 7.7573 78.1875 1.25685 45.1655 36.7266 27.4329 9.29376 4.70878 8.43887 5.33469 5.90195 2.74481 1773.19 1512.53 260.661
internal_count=615056 526760 54890 10485 5933 757 462 226 4552 64 5176 236 44405 10916 33489 1950 31539 1397 4850 1910 1027 883 556 2940 1618 383 124 88296 84594 3702
is_linear=0
shrinkage=0.1


Tree=95
num_leaves=31
num_cat=0
split_feature=4 1 0 12 18 1 1 1 0 0 1 8 1 1 1 3 3 1 1 1 1 3 1 1 1 1 4 1 7 1
split_gain=3.7721 6.00051 8.24969 4.05181 12.8886 6.28038 5.56646 8.50694 4.5038 4.4556 5.33979 11.4342 11.2776 4.93455 10.4362 5.40269 5.21755 4.43428 4.97755 4.47234 4.38265 7.49436 4.3751 9.44382 6.18552 7.31946 4.2356 4.22624 4.05125 3.99334
threshold=0.089552238805970186 105495.50000000001 30.668783987924492 1.0000000180025095e-35 1.0000000180025095e-35 15533.500000000002 987.50000000000011 949.50000000000011 9.2574630221905441 31.598040432680918 2229.0000000000005 1.0000000180025095e-35 2200.5000000000005 2088.5000000000005 2013.5000000000002 0.49813432835820898 0.19589552238805971 2423.5000000000005 2514.0000000000005 2460.0000000000005 4203.5000000000009 0.56156716417910457 826.50000000000011 1255.0000000000002 732.50000000000011 423.50000000000006 0.022388059701492557 673.50000000000011 1.7500000000000002 4021.0000000000005
decision_type=2 2 2 2 2 2 2 2 2 2 2 2 2 2 2 2 2 2 2 2 2 2 2 2 2 2 2 2 2 2
left_child=1 3 -3 9 5 8 7 27 -5 -1 12 17 13 14 15 16 26 -12 19 28 21 29 24 -24 25 -17 -11 -6 -19 -20
right_child=-2 2 -4 4 6 -7 -8 -9 -10 10 11 -13 -14 -15 -16 22 -18 18 20 -21 -22 -23 23 -25 -26 -27 -28 -29 -30 -31
leaf_value=-0.00039959090459171275 -0.00050357681967381368 -0.17740672430034177 -0.015207993610053911 0.017183610438320718 0.057946411652251929 -0.16551752357491889 -0.086300278509000905 0.34745070514627491 0.066536699745595382 0.053265626559562178 -0.050192878336530605 -0.15526247333977233 0.10493698740181248 -0.066107942691032082 0.095409174409581049 0.084867050906155095 0.081604603912210749 -0.16801599807431919 -0.023381868789055339 0.11849663943830804 0.0099885566835918489 0.067000161282205969 -0.037458292483813972 0.017717687267203679 0.097965705080963292 -0.055045389108202496 -0.064448841687607825 -0.084908640713101252 0.044102406273174279 -0.14252678151338016
leaf_weight=972.48566526694049 8385.7953839972142 4.1323632419807863 13.002237553359008 30.423579637237708 4.2264237471099477 1.4135411076713342 12.694563232245853 0.71501004986930716 47.142244596994715 6.6126720726024342 13.91206509596668 4.4745058552362016 15.461434507742522 6.9898650181130497 16.596561077225488 6.2440948998555568 20.028748923679814 1.1448247320950011 62.068909413414076 7.474766937433742 349.48925121646607 9.3428716361522657 48.25960699620191 86.838966339710169 11.429716044105588 9.3202571396832337 5.6842807016801089 4.0605729533126578 4.2171292183338664 2.9466521739959708
leaf_count=61466 526770 158 198 4039 1367 41 927 94 1798 122 430 138 149 212 341 142 710 51 1789 104 6390 211 2218 2544 544 569 255 1005 123 116
internal_value=0.000383663 0.0045663 -0.0543256 0.00513909 0.0246188 0.0433722 -0.0436468 0.0165029 0.047179 0.00395841 0.0101136 0.00380592 0.0224086 0.0165554 0.0192937 0.012796 0.0501248 0.0053855 0.00715614 0.0685044 0.00529814 -0.0167471 0.00535166 -0.00199215 0.0421056 0.00108458 -0.00114802 -0.0120516 -0.00118675 -0.0287818
internal_weight=10164.6 1778.83 17.1346 1761.7 100.676 78.9794 21.6966 9.00201 77.5658 1661.02 688.537 455.071 233.466 218.005 211.015 194.418 32.3257 450.596 436.684 12.8367 423.848 74.3584 162.093 135.099 26.9941 15.5644 12.297 8.287 5.36195 65.0156
internal_count=615021 88251 356 87895 9271 5878 3393 2466 5837 78624 17158 9352 7806 7657 7445 7104 1087 9214 8784 278 8506 2116 6017 4762 1255 711 377 2372 174 1905
is_linear=0
shrinkage=0.1


Tree=96
num_leaves=31
num_cat=0
split_feature=20 0 1 1 1 11 4 17 20 4 1 1 1 0 20 20 20 1 4 4 4 7 0 5 7 1 1 4 20 4
split_gain=3.80292 7.36052 6.90633 8.28902 5.31312 4.39478 6.63395 13.6929 5.79049 5.78747 5.05575 5.66729 4.75429 4.22084 13.8777 6.26359 7.02324 5.04033 4.08612 4.43442 7.2995 7.46085 5.81563 5.20247 4.78302 5.07737 4.01629 7.53281 4.98237 3.96291
threshold=0.97394144385072001 18.956048041070726 33892.500000000007 27142.500000000004 67494.500000000015 1.0000000180025095e-35 0.24605099502487568 1.0000000180025095e-35 0.67673906224717384 0.34628831417624528 62575.000000000007 14674.500000000002 24327.500000000004 22.365803085000014 0.61962107968522817 0.84576245483440038 0.90454357557504406 15533.500000000002 0.43703358208955234 0.30715174129353245 0.19284825870646763 8.5000000000000018 119.80018395417834 2.5000000000000004 5.5000000000000009 75903.000000000015 10045.000000000002 0.27950870646766179 0.89965401021936353 0.12198383084577115
decision_type=2 2 2 2 2 2 2 2 2 2 2 2 2 2 2 2 2 2 2 2 2 2 2 2 2 2 2 2 2 2
left_child=4 -2 3 -3 5 -1 13 8 10 12 11 -8 26 15 -15 -7 17 -17 19 20 21 -6 23 -22 -21 -26 27 -9 -28 -5
right_child=1 2 -4 29 18 6 7 9 -10 -11 -12 -13 -14 14 -16 16 -18 -19 -20 24 22 -23 -24 -25 25 -27 28 -29 -30 -31
leaf_value=-0.0005918445834448313 0.031441170441079129 -0.00064129522836457254 0.018110086290159172 -0.17012125586953758 -0.027773079525175094 0.022452963530568235 -0.072455073580901003 0.049953410440990803 0.10606998339933496 -0.1489619453604257 -0.079471147097306238 0.063369221749468768 0.061405903792288913 -0.059428872880222354 0.058677805801671604 -0.037090244971541307 -0.0005473386510501299 -0.22461549046278223 -0.13413884365576151 0.018017573276874137 -0.078781963215672865 0.056589880091835215 0.076770257916026444 -0.29172427850543292 -0.16239911266599533 -0.0024438167087371121 -0.21113357364941421 -0.18507013925082763 -0.060539325983564166 -0.044244125910928599
leaf_weight=9026.2407527408541 104.87786523392424 399.69087470255909 201.16158575331792 2.7708524670451906 60.127527477219701 68.718647582849371 3.9713855619847989 6.0425741099752583 7.939620082237524 6.1290874075057209 5.2234132747398681 13.564837423196876 3.8700964290183029 11.710969563224351 66.115329504129477 2.7415480299387154 11.928086456668096 3.0036356786731631 3.0094884981517671 48.077166395960376 22.373823305359117 12.696577519527635 2.3035042067058376 1.2093361082952458 3.2192640100838599 5.1736596366972663 2.8331866430817163 1.7612441038363611 9.7829942782409471 25.684820235823281
leaf_count=588605 917 6821 2675 43 1646 2719 2498 93 175 750 379 722 28 494 1130 28 87 38 457 1535 1050 256 84 28 278 345 156 134 181 385
internal_value=-1.73552e-05 0.00691437 0.00282684 -0.00435389 -0.000558195 -0.000247476 0.0135468 -0.0145784 0.032538 -0.0621285 0.00688656 0.0326094 -0.0402179 0.0240143 0.0409056 0.00879782 -0.0442972 -0.13513 -0.0187302 -0.016492 -0.0292778 -0.0130648 -0.0748882 -0.0897016 0.0058577 -0.0637977 -0.0594781 -0.00308907 -0.0943579 -0.0565013
internal_weight=10144 734.186 629.308 428.147 9409.77 9251.58 225.337 61.1184 30.6993 30.4192 22.7596 17.5362 24.2901 164.218 77.8263 86.3919 17.6733 5.74518 158.19 155.181 98.7108 72.8241 25.8867 23.5832 56.4701 8.39292 20.42 7.80382 12.6162 28.4557
internal_count=614737 10841 9924 7249 603896 598217 9612 5116 3774 1342 3599 3220 592 4496 1624 2872 153 66 5679 5222 3064 1902 1162 1078 2158 623 564 227 337 428
is_linear=0
shrinkage=0.1


Tree=97
num_leaves=31
num_cat=0
split_feature=20 1 0 1 1 1 1 13 1 20 20 0 1 1 20 7 19 1 16 1 11 1 20 5 6 1 1 20 0 7
split_gain=4.67433 5.82184 9.76506 7.65926 4.15074 4.04739 20.3115 16.7733 14.9315 13.1175 13.144 10.1671 9.32694 30.9351 14.8357 13.4172 12.6765 12.4343 10.3019 10.0438 7.52539 10.039 7.62182 7.45659 7.99047 7.44736 8.70122 9.63964 7.38898 7.26403
threshold=0.94737100035896937 3873.5000000000005 59.411781967137578 4357.0000000000009 4509.0000000000009 1760.5000000000002 1723.5000000000002 1.0000000180025095e-35 1701.5000000000002 0.83662031597016284 0.51605052850477839 51.660680889015815 2553.5000000000005 2764.0000000000005 0.87916566570653887 2.5000000000000004 1.0000000180025095e-35 2460.0000000000005 1.0000000180025095e-35 2200.5000000000005 1.0000000180025095e-35 7136.0000000000009 0.56398194235936749 2.5000000000000004 1.0000000180025095e-35 2049.5000000000005 2013.5000000000002 0.8227345909907019 2.0511334406773551 4.5000000000000009
decision_type=2 2 2 2 2 2 2 2 2 2 2 2 2 2 2 2 2 2 2 2 2 2 2 2 2 2 2 2 2 2
left_child=5 2 -2 -3 -5 6 8 9 -1 10 -8 -11 14 18 15 25 -16 19 -14 -17 28 22 -22 24 -23 26 27 -7 29 -15
right_child=1 3 -4 4 -6 12 7 -9 -10 11 -12 -13 13 20 16 17 -18 -19 -20 -21 21 23 -24 -25 -26 -27 -28 -29 -30 -31
leaf_value=0.00057143543036361499 0.041779598137719358 -0.07182143526118849 -0.0033208322449733291 0.053319276657095384 0.0032241136801959506 -0.038180173701786176 -0.097315417157980894 -0.098037137851884226 -0.06699408914853601 -0.057260003224345525 0.075770749533462439 0.070101121980606251 0.057680151434880103 -0.10523221184191976 -0.013029618484761274 -0.023085756722136509 0.043462434338192503 -0.1138623745627371 -0.073189814470365142 0.054876054184709068 -0.036151430878830125 -0.015311684904679919 0.075317923032124562 0.046759791504639978 0.037714655024213145 -0.042739324441412985 0.047034107874249172 0.029580043209783552 -0.0042326735354521741 -0.0039526138422274022
leaf_weight=5611.4998434883328 109.40564978460316 13.473047486972062 85.546290612983285 16.836264010518789 939.7321809741843 98.030348408356076 4.61356727745624 8.217428863514213 32.899656074936502 17.454523028805855 89.472850540973013 9.7798111012089048 107.09588641059236 14.456347443454435 91.126201118633617 26.028214676916832 70.414453504112316 6.9341037573758504 6.3729739278787738 45.257475379155949 7.3641358571985611 136.92577464334317 36.72277986293193 34.263970853586216 35.860169104547822 230.12135820214826 20.229238475505554 26.716557432868285 2230.286159294119 13.881845644078565
leaf_count=457906 1371 343 2534 213 13580 10562 1359 357 1994 353 1752 129 3912 943 1963 1560 1678 481 494 811 995 4487 472 1636 572 14413 1889 1039 84770 593
internal_value=0.000259648 0.00622037 0.0219892 0.00305126 0.00410582 -0.0005109 0.00107613 0.0402273 0.000177615 0.0495924 0.0672834 -0.0115248 -0.00334078 -0.000742451 -0.0144263 -0.023699 0.0115949 0.0139752 0.0503298 0.0264102 -0.00305148 0.0133701 0.0566984 0.00414425 -0.00430654 -0.0315553 -0.0138028 -0.0236682 -0.0048774 -0.055619
internal_weight=10177 1164.99 194.952 970.041 956.568 9012.03 5773.94 129.538 5644.4 121.321 94.0864 27.2343 3238.09 2623.23 614.858 453.317 161.541 78.2198 113.469 71.2857 2509.76 251.137 44.0869 207.05 172.786 375.098 144.976 124.747 2258.62 28.3382
internal_count=615161 18041 3905 14136 13793 597120 463850 3950 459900 3593 3111 482 133270 98874 34396 30755 3641 2852 4406 2371 94468 8162 1467 6695 5059 27903 13490 11601 86306 1536
is_linear=0
shrinkage=0.1


Tree=98
num_leaves=31
num_cat=0
split_feature=1 20 1 1 1 7 4 4 1 7 4 19 4 4 1 20 4 20 1 18 1 3 20 4 4 4 4 20 7 20
split_gain=4.06159 6.64383 5.82993 5.45874 10.6354 5.61317 11.9 10.0235 21.9775 9.69182 9.49592 7.80503 7.29575 6.65297 6.49592 7.80424 6.27887 6.40678 5.66458 5.55243 5.68392 5.51974 6.30028 5.35576 5.30545 7.17019 6.53953 5.10012 4.82585 4.57844
threshold=25377.000000000004 0.61962107968522817 20959.500000000004 67494.500000000015 62575.000000000007 2.5000000000000004 0.41728855721393049 0.18857758620689657 33892.500000000007 1.7500000000000002 0.48000478927203072 1.0000000180025095e-35 0.46654228855721402 0.12198383084577115 28587.500000000004 0.99999855885341915 0.07885536398467434 0.91001430758476776 37272.500000000007 1.0000000180025095e-35 53973.000000000007 0.22201492537313436 0.89441734684883911 0.36628352490421462 0.40738119746097107 0.45009578544061307 0.45653914336364165 0.83662031597016284 4.5000000000000009 0.97394144385072001
decision_type=2 2 2 2 2 2 2 2 2 2 2 2 2 2 2 2 2 2 2 2 2 2 2 2 2 2 2 2 2 2
left_child=2 23 -1 4 5 6 7 8 13 -8 16 -10 18 -3 15 -9 17 -7 -11 20 -18 22 -12 -2 -21 -26 -27 -5 -19 -15
right_child=1 3 -4 27 -6 10 9 14 11 12 21 -13 -14 29 -16 -17 19 28 -20 24 -22 -23 -24 -25 25 26 -28 -29 -30 -31
leaf_value=-0.00044227077237717587 -0.081845730614846332 -0.1949953308948443 -0.019161157636904652 -0.10993173828279681 0.052280142845122252 -0.016135725281890254 0.0044082309662938019 0.088242837447679398 -0.12095547113130911 -0.16839827328384027 0.039101208453859337 0.051313832738838265 -0.24719959287517346 -0.18208992749204983 0.025374485435130142 6.6988922528332008e-05 -0.0015594810268461901 0.079412992814042349 -0.022525823264597521 -0.034451848876132285 -0.054777991570131905 0.090965185256808176 -0.13608418663680724 0.048076655063570409 -0.25247867068052282 0.11265817627041733 -0.19203170870000796 -0.0028026032035796886 0.013307408850594594 -0.019876994949027144
leaf_weight=8993.8061756299503 14.47055706142419 6.0589468049583948 169.51667965968954 4.514821792516158 59.645954962121323 31.690309464465827 30.601619054563344 39.579697373788804 2.920512588229033 3.6605362140107873 10.072980522760192 26.441008654888719 2.5379895484074941 2.3179264350328577 156.23730638239067 13.448161157313733 161.85909300664207 19.847625226248056 9.7596887950785458 28.671395892684814 22.909377183124889 16.701203995500691 2.5783538590185335 4.063953744902391 2.842810353729873 1.5288421930745246 1.3062997817760331 282.94159840542125 24.894804268958978 6.9785493831150234
leaf_count=585549 655 137 4947 609 1082 1060 277 225 110 213 592 258 142 54 1667 169 6927 179 218 764 737 444 131 368 144 13 67 7013 347 92
internal_value=-0.000130828 0.00595042 -0.00078856 0.00708071 0.0119336 0.00808595 0.0179359 0.0264556 -0.0165197 -0.0285388 -0.00102545 0.0341787 -0.0917185 -0.113462 0.0356388 0.0658809 -0.00641309 0.0182657 -0.0623144 -0.0150216 -0.00815803 0.0532227 0.00339826 -0.0533584 -0.0519412 -0.140255 -0.0277286 -0.00448519 0.0426317 -0.0603222
internal_weight=10154.4 991.082 9163.32 972.547 685.091 625.445 300.542 253.982 44.7169 46.5598 324.903 29.3615 15.9582 15.3554 209.265 53.0279 295.551 76.4327 13.4202 219.118 184.768 29.3525 12.6513 18.5345 34.3493 5.67795 2.83514 287.456 44.7424 9.29648
internal_count=615190 24694 590496 23671 16049 14967 3562 2712 651 850 11405 368 573 283 2061 394 10238 1586 431 8652 7664 1167 723 1023 988 224 80 7622 526 146
is_linear=0
shrinkage=0.1


Tree=99
num_leaves=31
num_cat=0
split_feature=3 3 1 5 20 20 1 1 1 1 1 1 5 1 1 1 1 20 15 0 1 0 13 4 16 7 20 1 0 4
split_gain=3.75485 5.24439 11.2751 4.60748 4.29888 4.18721 12.1103 10.4493 9.20725 7.81919 18.672 12.6268 10.5469 15.3798 11.6004 10.1422 12.7046 8.96975 7.7506 7.57756 14.5286 7.32995 6.82057 6.45464 6.22536 10.7291 6.19055 5.93839 6.36905 5.68675
threshold=0.74440298507462699 0.69216417910447781 313.50000000000006 2.5000000000000004 0.21313734932922487 0.71094166581115481 812.50000000000011 859.50000000000011 732.50000000000011 1267.5000000000002 1255.0000000000002 1518.0000000000002 1.5000000000000002 4203.5000000000009 3873.5000000000005 13382.000000000002 9696.5000000000018 0.28129918036922136 1.0000000180025095e-35 9.5433360994580294 20091.500000000004 37.849463689644921 1.0000000180025095e-35 0.25447796934865907 1.0000000180025095e-35 2.5000000000000004 0.59745994448975315 33892.500000000007 7.50315745691604 0.35444187110424896
decision_type=2 2 2 2 2 2 2 2 2 2 2 2 2 2 2 2 2 2 2 2 2 2 2 2 2 2 2 2 2 2
left_child=1 5 4 -2 -3 9 8 29 -7 10 -1 22 13 14 -13 16 18 -12 24 20 -9 23 -11 -19 -14 -26 -18 28 -22 -8
right_child=3 2 -4 -5 -6 6 7 19 -10 11 17 12 15 -15 -16 -17 26 21 -20 -21 27 -23 -24 -25 25 -27 -28 -29 -30 -31
leaf_value=-0.00076833823473943408 -0.09851406060849148 -0.001724783785780203 0.078740210771042971 -0.0025454395076585055 0.077501755199272188 0.015951202187898871 -0.06656995120840084 0.042353966319103722 0.083805293055657856 -0.051402709874934699 -0.051246979808059791 -0.013743173012925347 0.0054671979246421927 -0.047676119533937814 0.045509158612926155 0.020763885991905484 -0.067258816910961111 0.17300146919943873 -0.10053361782911825 0.00078682306083435098 -0.032356826788467768 0.035254275776345073 -0.011675772709996531 -0.040689978149874788 -0.053760670193453847 0.026412077546103859 0.00026376381934407189 -0.0023948035656772555 -0.21526274197094666 0.071250401136344177
leaf_weight=4371.2648981576385 8.6727536083199084 87.97564422886353 25.990028698695824 11.821963217109442 7.4269689824432126 62.102213548925647 31.541130261379294 94.015491224388825 29.495485428371467 98.30948937444191 4.322035658464304 227.64941100522992 468.11688460887672 124.88442389176635 38.651784291178046 200.80335817841114 45.330016146530397 12.917750541935677 7.5909271088894448 3973.8780954869544 3.7690174597664727 9.133007978438398 77.11705717962468 1.5871813115663815 47.916046833364817 25.615646452177316 19.384025015868247 8.2795037300675158 3.8469395035062917 3.307886818307451
leaf_count=386460 383 4137 625 313 107 2346 1554 2826 1169 13220 1082 21200 24492 9799 708 6528 1573 420 560 122157 173 372 5452 168 5809 518 699 480 239 161
internal_value=-0.000396712 -0.000310049 0.0203499 -0.0431565 0.0044429 -0.000561076 0.00183773 0.00103791 0.037801 -0.00230822 -0.000247297 -0.0088716 -0.00522511 -0.0187216 -0.00514311 0.0012549 -0.00512583 0.0812123 -0.000188064 0.00150321 0.0274044 0.105432 -0.0339389 0.149619 0.00121823 -0.0258315 -0.0470335 -0.0610164 -0.124745 -0.053488
internal_weight=10132.7 10112.2 121.393 20.4947 95.4026 9990.83 4210.24 4118.64 91.5977 5780.59 4399.22 1381.37 1205.94 391.186 266.301 814.757 613.954 27.96 549.24 4083.79 109.911 23.6379 175.427 14.5049 541.649 73.5317 64.714 15.8955 7.61596 34.849
internal_count=615730 615034 4869 696 4244 610165 131105 127590 3515 479060 388502 90558 71886 31707 21908 40179 33651 2042 31379 125875 3718 960 18672 588 30819 6327 2272 892 412 1715
is_linear=0
shrinkage=0.1


Tree=100
num_leaves=31
num_cat=0
split_feature=4 0 6 1 4 8 3 1 19 1 1 17 19 1 1 19 1 20 20 20 0 1 17 1 1 1 17 1 20 1
split_gain=3.98138 3.16169 6.983 3.55016 3.73337 3.24218 5.94815 5.11469 17.2081 13.7604 9.2662 8.23694 8.60515 8.02413 25.4617 21.6694 6.08337 6.43507 6.00155 4.57753 8.23158 4.74694 5.29723 4.88188 27.0778 32.7394 29.7053 22.4697 12.9176 11.7782
threshold=0.089552238805970186 0.19676855565037307 1.0000000180025095e-35 3230.0000000000005 0.15671641791044788 1.0000000180025095e-35 0.51119402985074636 47.500000000000007 1.0000000180025095e-35 54.500000000000007 59.500000000000007 1.0000000180025095e-35 1.0000000180025095e-35 66.500000000000014 100.50000000000001 1.0000000180025095e-35 19.500000000000004 0.033098089618974848 0.071032131288146436 0.98592335930637953 19.703638117624184 30.500000000000004 1.0000000180025095e-35 512.50000000000011 448.50000000000006 429.50000000000006 1.0000000180025095e-35 523.50000000000011 0.42092244653067268 579.00000000000011
decision_type=2 2 2 2 2 2 2 2 2 2 2 2 2 2 2 2 2 2 2 2 2 2 2 2 2 2 2 2 2 2
left_child=-1 2 -2 4 -4 19 7 8 16 11 -11 12 -9 15 -15 -12 17 -7 -10 21 -21 22 -3 24 25 -23 -27 28 -25 -29
right_child=1 5 3 -5 -6 6 -8 9 18 10 13 -13 -14 14 -16 -17 -18 -19 -20 20 -22 23 -24 27 -26 26 -28 29 -30 -31
leaf_value=0.0044186793048952904 -0.069028707343670268 0.010729937632257047 -0.070681471044901328 -0.15002425665170413 0.070369329055192678 -0.037840097303009253 -0.042678172422104567 0.12641049767939688 0.010309358441162042 -0.089315137121953658 0.095325631928060345 -0.0075493455841504553 -0.058597498012398254 -0.076030220823035788 0.0033551299882050873 -0.11282847260979079 -0.08479768864405933 0.19414890160521034 0.14231867916142757 0.036583104828445283 0.00131198686962221 -0.011058363705204959 0.088460540820206823 0.093222383444788809 -0.08303298844805404 0.14803915372673956 -0.040362236941111761 -0.064135741337613919 -0.076914429892068759 -0.0023204735043183141
leaf_weight=1773.2243061181871 19.809940253795503 44.63643369350757 2.351554542023222 1.0511052624788124 9.2889539277821296 4.5747473766969042 29.547271489813284 19.235553750302646 40.274132472404744 10.974669822913709 24.7776964011282 9.8894096001968119 2.8920602885773397 41.005201329897318 2747.8283203771043 6.2659962865291154 34.684942626081465 1.6187872038572093 3.7659648004919282 79.495436532888561 394.66079545917455 648.00120644228991 10.910198078287065 35.588084989765775 48.608667832500942 24.993143444851739 12.581806552960186 31.063327275063784 5.1023878146661437 3997.4782907209101
leaf_count=88447 4604 3213 103 85 210 559 5008 253 1756 1798 1323 2644 117 8953 148569 371 5595 76 47 677 6101 73552 1078 1932 8527 1043 2254 11047 672 234286
internal_value=0.000115528 -0.00079907 -0.0319277 0.0259821 0.041875 -0.000677329 0.00196619 0.00241369 -0.0217721 0.00313109 0.00239378 0.0683215 0.10223 0.00275071 0.0021879 0.0533109 -0.0684963 0.0227942 0.0215978 -0.00215314 0.00722542 -0.00306833 0.0259974 -0.00340445 -0.0109098 -0.00579615 0.0849538 -0.0020503 0.0718881 -0.00279712
internal_weight=10116.2 8342.96 32.5016 12.6916 11.6405 8310.45 2977.33 2947.79 84.9186 2862.87 2830.85 32.017 22.1276 2819.88 2788.83 31.0437 40.8785 6.19353 44.0401 5333.12 474.156 4858.96 55.5466 4803.42 734.185 685.576 37.5749 4069.23 40.6905 4028.54
internal_count=614900 526453 5002 398 313 521451 177069 172061 8033 164028 161014 3014 370 159216 157522 1694 6230 635 1803 344382 6778 337604 4291 333313 85376 76849 3297 247937 2604 245333
is_linear=0
shrinkage=0.1


Tree=101
num_leaves=31
num_cat=0
split_feature=11 1 1 4 17 20 4 4 0 1 1 6 4 0 20 0 0 3 0 5 3 17 13 1 1 1 13 18 4 1
split_gain=3.36781 4.376 5.35208 4.45295 5.59266 5.32452 5.05042 4.75172 4.22887 4.34023 5.71347 10.0667 6.38645 4.46172 4.0017 4.8381 5.35975 3.59278 6.92657 7.29674 12.295 6.48823 6.89694 5.25735 4.14307 14.487 7.98388 28.11 7.40748 7.33829
threshold=1.0000000180025095e-35 3873.5000000000005 15533.500000000002 0.28345771144278614 1.0000000180025095e-35 0.67152095087446095 0.15671641791044788 0.16417910447761203 97.128639846686283 174508.00000000003 94197.000000000015 1.0000000180025095e-35 0.14172885572139313 86.46692445718601 0.94737100035896937 53.990770619285101 39.181856257671022 0.56156716417910457 15.108645180584869 2.5000000000000004 0.63992537313432851 1.0000000180025095e-35 1.0000000180025095e-35 10045.000000000002 66.500000000000014 122.50000000000001 1.0000000180025095e-35 1.0000000180025095e-35 0.27694859038142633 126.50000000000001
decision_type=2 2 2 2 2 2 2 2 2 2 2 2 2 2 2 2 2 2 2 2 2 2 2 2 2 2 2 2 2 2
left_child=17 -2 3 5 -5 6 -3 -8 9 10 -4 12 13 -12 -14 16 -16 24 19 20 -19 22 -21 -20 28 26 -26 -28 -1 -27
right_child=1 2 8 4 -6 -7 7 -9 -10 -11 11 -13 14 -15 15 -17 -18 18 23 21 -22 -23 -24 -25 25 29 27 -29 -30 -31
leaf_value=-3.4687781040160263e-05 -0.060001055697102373 -0.026670810189050438 0.0049249756536542356 0.1063546559466355 -0.13665255173140697 0.051820545701427648 0.10392431117819252 0.0027298824487748696 0.04026715802028169 0.058354131496472075 -0.19306792062179789 0.068223297732814422 -0.070765043570095512 -0.02339157970912556 -0.012247206699281026 0.02735693003986707 -0.18177292109827595 -0.066024997345704925 0.02188906234340034 0.009033781101663349 0.0018691397850974561 -0.055005330628573525 0.058735633635729013 0.087301547041797434 -0.041673705984339011 0.02177051932260474 0.17277348633072881 -0.07043251455918545 0.033704370521747642 -0.00099374569238308693
leaf_weight=201.69050431267169 8.9302403888359532 22.25791875901632 171.66250923565531 1.3299939217977215 3.2893754051619908 63.606946361775044 7.7317648129537728 11.604865300701929 27.576780735980719 11.685279398690907 4.7425863884855053 8.5312449722550792 17.380934111599345 2.301958529278636 5.7317317132838088 14.724241921445353 2.7644778261892498 36.507658349837584 95.415696784679312 134.22775030351477 99.008594558785262 12.600609146407804 35.252337673213333 14.103099671890957 126.04522746899966 143.95508106449415 7.9073669463105043 11.9109956593893 96.069416092250322 8685.3320819489381
leaf_count=23895 3900 363 4448 87 631 984 69 308 780 121 169 108 734 22 92 165 63 6037 3690 5374 6725 870 982 314 22500 5735 1394 1531 7585 515645
internal_value=2.35151e-05 0.00918556 0.0108248 0.0294084 -0.0666867 0.0336279 0.00580753 0.0431925 0.00318396 -0.00108547 -0.00413397 -0.0318157 -0.0497282 -0.137622 -0.0344781 -0.0073166 -0.0674071 -0.000340938 0.00862641 0.00114829 -0.0164213 0.0142247 0.0193719 0.0303124 -0.000753979 -0.00113898 -0.0323968 0.0266047 0.0108509 -0.000622591
internal_weight=10085.9 385.853 376.923 109.821 4.61937 105.201 41.5945 19.3366 267.102 239.525 227.84 56.1772 47.6459 7.04454 40.6014 23.2205 8.49621 9700.03 427.116 317.597 135.516 182.081 169.48 109.519 9272.91 8975.15 145.864 19.8184 297.76 8829.29
internal_count=615321 13044 9144 2442 718 1724 740 377 6702 5922 5801 1353 1245 191 1054 320 155 602277 23992 19988 12762 7226 6356 4004 578285 546805 25425 2925 31480 521380
is_linear=0
shrinkage=0.1


Tree=102
num_leaves=31
num_cat=0
split_feature=3 12 3 0 1 1 1 1 20 1 1 16 0 12 13 1 7 0 1 0 9 7 20 1 1 5 1 17 20 0
split_gain=4.76376 6.66443 7.25962 5.91904 6.11586 14.9349 10.5622 15.0078 5.85799 6.29759 18.33 12.8146 10.1156 10.1352 9.3998 9.10905 11.7783 6.48095 6.21775 7.98534 6.14831 7.33108 6.76662 5.64318 16.8067 16.1804 12.7001 14.4213 16.4231 11.835
threshold=0.48320895522388069 1.0000000180025095e-35 0.16977611940298512 71.622793959741003 1027.0000000000002 1102.0000000000002 1331.5000000000002 1422.5000000000002 0.80467226748466358 4910.5000000000009 4203.5000000000009 1.0000000180025095e-35 25.158375567637062 1.0000000180025095e-35 1.0000000180025095e-35 7136.0000000000009 1.7500000000000002 27.716260291526716 3149.5000000000005 12.350451396992581 1.0000000180025095e-35 2.5000000000000004 0.87916566570653887 877.00000000000011 1027.0000000000002 1.0000000180025095e-35 859.50000000000011 1.0000000180025095e-35 0.77692050401218449 9.1113486011167151
decision_type=2 2 2 2 2 2 2 2 2 2 2 2 2 2 2 2 2 2 2 2 2 2 2 2 2 2 2 2 2 2
left_child=1 2 -1 8 -5 -6 -7 -8 23 10 12 17 13 14 -10 16 -11 -12 -16 -20 -17 -22 -23 26 25 29 -2 -28 -29 -25
right_child=3 -3 -4 4 5 6 7 -9 9 15 11 -13 -14 -15 18 20 -18 -19 19 -21 21 22 -24 24 -26 -27 27 28 -30 -31
leaf_value=-0.008373447109282825 0.00025199595082073663 0.039619369789943432 0.012775316950718978 -0.055301212692861659 0.0696888480078212 -0.059766806292711284 0.070937886869966715 -0.0088859453200508583 0.0030495857009155652 -0.013381322464900897 0.018081042180709727 -0.11624319247775422 0.00070188969902724259 0.128937838727302 0.069653645365740369 -0.0029793909532620992 -0.10485675139618909 0.087121048342942695 -0.10763376411256059 0.032739953694904213 0.024187500171666428 -0.04055454161039309 0.0067067441730308767 0.094066042709638129 -0.0027740539398611935 -0.057306609722206518 -0.050002762047359817 0.064725646366610309 -0.1335784775003008 -0.019138631183618311
leaf_weight=255.10552017337614 3836.246758773359 60.708313550283492 446.20516191372008 26.668185057904338 24.87153480516281 38.988800298131537 24.288927959045395 777.66214789752848 121.02157749817707 89.188949557894375 18.49592033517547 3.952877501025795 645.63837821607012 9.0983683435479161 49.101139659062028 705.70717336816597 16.713484442909248 51.332778906216845 4.599804062396287 34.058296439936385 234.64684673707234 36.651304920844268 174.66186901106266 13.063147978900814 2122.8700866263025 110.82723457740212 15.973015729396137 76.793763047084212 4.4164839675649992 31.51373527222313
leaf_count=32545 285315 13141 70549 3483 597 2731 761 21008 2909 2127 380 133 16318 318 888 15313 691 663 174 732 3058 2866 2969 2023 112784 14323 1391 729 38 3968
internal_value=0.000232499 0.00783383 0.00508234 -0.000390399 -0.00813353 -0.0066807 -0.0089394 -0.0064683 0.000431647 0.0048725 0.011077 0.0589184 0.00698932 0.0256208 0.0211184 0.00024809 -0.0278179 0.068834 0.0460356 0.0160373 0.00282892 0.0120203 -0.00149051 -0.0011375 -0.0050979 -0.0368424 0.0011564 0.036857 0.0539412 0.0140357
internal_weight=10061.1 762.019 701.311 9299.05 892.48 865.811 840.94 801.951 8406.57 2194.87 937.299 73.7816 863.518 217.879 208.781 1257.57 105.902 69.8287 87.7592 38.6581 1151.67 445.96 211.313 6211.7 2278.27 155.404 3933.43 97.1833 81.2102 44.5769
internal_count=614925 116235 103094 498690 28580 25097 24500 21769 470110 49539 22515 1176 21339 5021 4703 27024 2818 1043 1794 906 24206 8893 5835 420571 133098 20314 287473 2158 767 5991
is_linear=0
shrinkage=0.1


Tree=103
num_leaves=31
num_cat=0
split_feature=4 0 3 4 1 7 20 1 1 0 12 11 1 9 1 4 1 1 1 19 1 20 1 1 20 20 15 1 1 19
split_gain=2.95895 4.0934 6.67328 10.6102 7.80123 7.75454 5.97082 8.51944 6.72921 6.82866 7.09887 6.06353 8.39608 11.0381 8.79536 10.9027 7.9314 18.1231 18.1117 61.8258 23.5117 15.7978 14.615 11.4683 17.6205 11.0568 10.1399 9.28515 18.1066 14.8925
threshold=0.074999999999999997 44.78399402639274 0.40485074626865675 0.16266762452107283 1973.5000000000002 10.500000000000002 0.80467226748466358 32675.000000000004 4910.5000000000009 23.901401759135322 1.0000000180025095e-35 1.0000000180025095e-35 877.00000000000011 1.0000000180025095e-35 987.50000000000011 0.38227969348659008 429.50000000000006 407.50000000000006 456.50000000000006 1.0000000180025095e-35 448.50000000000006 0.061604981372169389 512.50000000000011 474.50000000000006 0.051787724670641695 0.59178459903652192 1.0000000180025095e-35 534.50000000000011 586.50000000000011 1.0000000180025095e-35
decision_type=2 2 2 2 2 2 2 2 2 2 2 2 2 2 2 2 2 2 2 2 2 2 2 2 2 2 2 2 2 2
left_child=-1 2 3 4 -2 -5 7 11 9 10 -8 12 13 16 15 -14 17 -4 19 20 21 -18 23 24 -20 -22 27 29 -29 -24
right_child=1 -3 6 5 -6 -7 8 -9 -10 -11 -12 -13 14 -15 -16 -17 18 -19 22 -21 25 -23 26 -25 -26 -27 -28 28 -30 -31
leaf_value=0.0038277716055891984 0.082100104204471558 -0.0050176648120019048 7.8886160017797153e-05 -0.047853468825260231 -0.012660754623105789 0.13788783103077026 0.025298579836322374 -0.093527115862195073 0.00061841108183007822 0.0066455068791891701 0.11610660293210595 0.026301382494535838 -0.052457719325187495 -0.032916712038142393 -0.0054004483937801773 0.034224677100081875 0.057654596011395214 -0.067764638178077485 -0.079394072625965872 0.14140921852778929 -0.13947697514409865 -0.029744517417202354 0.013845385133905734 -0.054972701055697175 0.026518673278459123 -0.0023083155272596938 0.081829105735428995 -0.058656473605758902 0.0074998787600714188 0.10228997157502179
leaf_weight=1542.0800313647123 13.46498650369176 1904.1620427086455 2111.5965635984248 81.724577723369293 24.486709770499147 2.3112707350519477 197.96865183126647 9.9142555793296179 823.29344475860125 377.46332531730877 9.0001451821299252 81.599997720302781 79.069969425079762 90.554134976329806 1416.2206725315045 17.771493897060282 56.246089047781425 40.122723276901525 20.895111875666771 43.856982797500677 14.804385179624662 32.708284528460354 76.19872235582443 68.082111104507931 63.276828647591174 9.744618649594484 18.735087799839675 43.809475486683368 743.21679413058155 25.379101904516574
leaf_count=75122 6473 79092 150592 60916 3623 869 4309 1804 19050 8541 272 4024 12107 13210 84052 2985 1415 5642 2116 532 1373 2727 5333 9900 1633 361 162 10735 44906 491
internal_value=-0.000202221 -0.000933546 0.000245919 -0.0229257 0.0209597 -0.042745 0.000682701 -0.000918825 0.00644364 0.0146497 0.0292474 -0.000737155 -0.00118088 0.0015368 -0.00739417 -0.0365505 0.00246295 -0.00118618 0.00891506 0.0405717 0.00160866 0.0255182 0.00421373 -0.0244564 0.000226554 -0.0850285 0.00902466 0.00748967 0.00381731 0.0359432
internal_weight=10039.8 8497.68 6593.52 121.988 37.9517 84.0358 6471.53 5063.8 1407.73 584.432 206.969 5053.89 4972.29 3459.23 1513.06 96.8415 3368.67 2151.72 1216.95 157.36 113.503 88.9544 1059.59 152.254 84.1719 24.549 907.339 888.604 787.026 101.578
internal_count=614367 539245 460153 71881 10096 61785 388272 356100 32172 13122 4581 354296 350272 251128 99144 15092 237918 156234 81684 6408 5876 4142 75276 13649 3749 1734 61627 61465 55641 5824
is_linear=0
shrinkage=0.1


Tree=104
num_leaves=31
num_cat=0
split_feature=20 0 19 8 1 0 1 16 7 0 1 7 1 0 7 1 20 1 5 1 17 12 1 20 8 1 1 1 0 13
split_gain=3.03879 6.17705 7.51994 15.498 6.06183 5.92958 6.59476 6.51846 5.56843 8.93672 5.46799 5.79104 5.05329 4.94351 4.88107 6.60209 5.09637 3.69897 3.61544 3.50883 10.3737 4.36231 4.69855 4.29194 5.2221 6.3356 6.1259 4.69604 4.85632 4.48989
threshold=0.90454357557504406 112.72540721086301 1.0000000180025095e-35 1.0000000180025095e-35 174508.00000000003 23.288057653076411 2200.5000000000005 1.0000000180025095e-35 3.5000000000000004 15.50862240028964 4910.5000000000009 1.7500000000000002 3575.0000000000005 9.2574630221905441 4.5000000000000009 37272.500000000007 0.940221888383869 2423.5000000000005 1.5000000000000002 1642.5000000000002 1.0000000180025095e-35 1.0000000180025095e-35 15533.500000000002 0.96371328872753381 1.0000000180025095e-35 4509.0000000000009 3685.0000000000005 9696.5000000000018 50.549127207752143 1.0000000180025095e-35
decision_type=2 2 2 2 2 2 2 2 2 2 2 2 2 2 2 2 2 2 2 2 2 2 2 2 2 2 2 2 2 2
left_child=-1 2 5 4 14 6 -2 19 -8 13 11 -3 -9 -10 -4 16 -16 -5 -14 20 -7 23 -23 -21 25 26 -25 -27 29 -29
right_child=1 10 3 17 -6 7 8 12 9 -11 -12 -13 18 -15 15 -17 -18 -19 -20 21 -22 22 -24 24 -26 27 -28 28 -30 -31
leaf_value=-0.0010969275278167731 0.092316306078666976 -0.035047101524189168 0.012649641638798868 0.041253060576624069 0.069119231030534689 -0.041597690466614101 0.012693795386123131 0.052933894269108953 -0.00092027721419125214 -0.0080845135556054954 -0.0045238470301066178 -0.17469033774750609 -0.013781393115268468 -0.265118248554159 -0.038839699942314933 -0.00087282532529929827 -0.18119114504444311 0.09250514015668819 0.053144301701670442 -0.019005385936387897 0.057092325530503134 -0.031948623819162261 -0.14702584596414259 0.0031980581261648469 -0.050688116135732743 -0.042053708860450449 0.07036668358890466 -0.0028583586954146756 0.026363834679406808 -0.061242363058746363
leaf_weight=8152.7239038703265 9.8486390036996436 39.440066115988884 477.20605657139095 34.50994116498623 16.120152963791043 17.695249396259896 235.94089930903283 30.888876419514418 0.98846703604794983 11.850832708179949 135.98338932840852 3.2115506121772333 36.803927060216665 2.498158976668492 11.010746213374658 193.49104214122053 3.2595074023120096 23.788809082354419 10.339575125835834 253.1428984576487 26.754694767878391 18.081627691630278 4.4141644826158872 30.765714102890342 19.685834363335744 29.810284490464255 24.304491614922881 107.5296640022425 52.400982038117945 15.010633741505442
leaf_count=580701 74 2074 8058 644 165 1047 3277 414 23 161 3360 158 639 91 373 3527 88 289 162 4805 437 506 132 439 446 671 235 1470 580 228
internal_value=-0.000261775 0.00336613 0.00522685 0.0126257 0.00850617 -0.000758303 0.0120445 -0.00569192 0.00889834 -0.0494883 -0.0143222 -0.0455619 0.0214955 -0.190217 0.00707969 -0.00571392 -0.0713546 0.0621665 0.000896839 -0.00923014 0.0178044 -0.0113948 -0.0545293 -0.00957304 -0.00103041 0.00273199 0.032842 -0.00536644 0.00088513 -0.0100101
internal_weight=10029.5 1876.78 1698.14 759.386 701.088 938.756 261.127 677.629 251.278 15.3375 178.635 42.6516 78.0324 3.48663 684.967 207.761 14.2703 58.2988 47.1435 599.596 44.4499 555.146 22.4958 532.651 279.508 259.822 55.0702 204.752 174.941 122.54
internal_count=615274 34573 28981 13144 12211 15837 3626 12211 3552 275 5592 2232 1215 114 12046 3988 461 933 801 10996 1484 9512 638 8874 4069 3623 674 2949 2278 1698
is_linear=0
shrinkage=0.1


Tree=105
num_leaves=31
num_cat=0
split_feature=1 0 20 7 4 4 0 0 20 1 4 9 0 4 4 16 7 4 4 13 5 4 1 4 20 20 1 0 0 7
split_gain=3.29418 7.29596 4.74361 4.54985 6.80205 7.28297 7.71303 6.43669 7.40305 6.41015 9.00286 5.65018 8.08426 7.46484 9.08115 8.84093 5.84736 9.88991 6.89065 6.72116 6.21328 6.62855 5.37303 4.92779 5.4106 5.12353 4.62867 4.59889 4.4754 6.94756
threshold=25377.000000000004 7.1121041452228431 0.52115977695809612 4.5000000000000009 0.42913557213930359 0.45009578544061307 19.703638117624184 97.128639846686283 0.89965401021936353 47190.500000000007 0.40818965517241385 1.0000000180025095e-35 46.516252163017782 0.30715174129353245 0.30150254474752686 1.0000000180025095e-35 3.5000000000000004 0.13777985074626864 0.17298564648024253 1.0000000180025095e-35 2.5000000000000004 0.074999999999999997 37272.500000000007 0.15866858237547896 0.91565628707710289 0.85965504547710581 174508.00000000003 10.441516387208273 112.72540721086301 2.5000000000000004
decision_type=2 2 2 2 2 2 2 2 2 2 2 2 2 2 2 2 2 2 2 2 2 2 2 2 2 2 2 2 2 2
left_child=28 -2 -3 4 11 6 -6 9 -9 -5 -11 13 -13 14 16 -15 17 20 -18 -19 21 22 -4 25 -25 -14 -20 -7 -1 -30
right_child=1 2 3 7 5 27 -8 8 -10 10 -12 12 23 15 -16 -17 18 19 26 -21 -22 -23 -24 24 -26 -27 -28 -29 29 -31
leaf_value=0.0001328795855935459 -0.20740094706337137 -0.17892922831801072 -0.1990514909199349 -0.035344807412974161 -0.0045757757305481331 -0.11814876433869981 -0.11531815146934864 0.060959921156070275 0.0013604660237083272 0.0059744021110464925 -0.080298255933734991 0.04449919886141282 -0.10634965059282829 0.03065165835104516 -0.140970206016583 -0.075931055060389913 0.059878679082223198 0.012624327086752256 -0.14647707706123012 -0.1059772797498106 0.024882910463409041 -0.10487508867349903 -0.0063566027488653814 -0.073680905854470818 0.0034848580021548123 0.049989583548369049 0.045927083404192021 0.016464700108528286 -0.0053572174459108647 -0.050427382125673909
leaf_weight=8860.1097776638726 1.6007430037243455 1.3811147921805957 1.5795847733970756 76.339122450881405 12.344932228326799 2.7198999165557316 12.820979808690025 29.407078686635941 71.550930556375533 159.83944265689934 13.086078546970382 124.71417880200897 2.2550016613677135 131.82801916197059 4.8663679212331763 8.270877607224973 24.697689593536783 99.219932436360978 3.0335626601008689 5.0199346786830565 9.494546009693293 20.333372574183159 17.244240930303931 10.742997908033429 58.929108693555463 29.766943124588579 2.1270361691713333 37.929084954434074 164.91565844842989 43.151492984092329
leaf_count=579964 303 316 46 4923 281 175 399 615 1466 3731 775 1781 115 2606 149 376 278 2234 188 59 226 600 414 457 599 332 29 1191 8109 1514
internal_value=0.000385785 0.00591483 0.00626629 0.00652994 0.0116772 -0.0187168 -0.0609944 -0.00258133 0.0187206 -0.0112091 -0.000554251 0.0152872 0.0274359 0.00689399 -0.00614801 0.0243594 -0.00255789 -0.0104627 0.0379193 0.00691277 -0.0476909 -0.0652881 -0.0225264 0.00650996 -0.00841361 0.0389801 -0.0671741 0.00745746 -0.000207559 -0.0147044
internal_weight=10041.3 973.143 971.542 970.161 619.938 65.8149 25.1659 350.223 100.958 249.265 172.926 554.123 226.408 327.715 187.616 140.099 182.75 152.892 29.8583 104.24 48.6517 39.1572 18.8238 101.694 69.6721 32.0219 5.1606 40.649 9068.18 208.067
internal_count=614251 24664 24361 24045 12535 2046 680 11510 2081 9429 4506 10489 3284 7205 4223 2982 4074 3579 495 2293 1286 1060 460 1503 1056 447 217 1366 589587 9623
is_linear=0
shrinkage=0.1


Tree=106
num_leaves=31
num_cat=0
split_feature=7 7 4 8 0 1 20 1 6 1 0 9 0 0 12 1 4 1 4 19 1 19 1 4 1 4 4 0 4 19
split_gain=2.76427 6.50829 8.84756 11.9294 10.6717 10.298 12.0133 10.951 10.9306 7.02142 8.98552 13.3504 7.84178 6.77711 6.31581 6.57271 13.8892 6.46817 10.3288 16.0833 9.42489 22.0373 6.3423 9.78678 8.8112 6.18571 6.153 6.11713 6.02182 6.01097
threshold=2.5000000000000004 1.7500000000000002 0.34309772974209424 1.0000000180025095e-35 93.267398501328245 24327.500000000004 0.99999855885341915 47190.500000000007 1.0000000180025095e-35 37272.500000000007 19.458346668455334 1.0000000180025095e-35 13.234738271939881 1.0000000180025095e-35 1.0000000180025095e-35 23098.500000000004 0.29393978383942371 9696.5000000000018 0.2584770114942529 1.0000000180025095e-35 3873.5000000000005 1.0000000180025095e-35 2553.5000000000005 0.20149253731343292 292.50000000000006 0.07276119402985072 0.37334877337450689 8.4201711490531821 0.36013681592039809 1.0000000180025095e-35
decision_type=2 2 2 2 2 2 2 2 2 2 2 2 2 2 2 2 2 2 2 2 2 2 2 2 2 2 2 2 2 2
left_child=1 13 4 9 5 6 8 25 14 10 -4 -12 26 -1 15 17 -17 20 -19 -20 22 -22 23 27 -25 -7 -11 29 -13 -3
right_child=-2 2 3 -5 -6 7 -8 -9 -10 12 11 28 -14 -15 -16 16 -18 18 19 -21 21 -23 -24 24 -26 -27 -28 -29 -30 -31
leaf_value=-0.065689392695062285 -0.0039333492673075381 -0.1052629451733887 1.0451508897409793e-05 0.089887578736640592 -0.034184836873424655 -0.042403379723889072 -0.10690162182849663 -0.011249523405789209 0.041899335465107129 0.087813715877880616 -0.023936724393239284 -0.028202677922555031 0.018990298500663139 0.00046802540286412829 -0.11794066652712754 -0.18798582658440377 0.065010127320882266 0.056948368318082865 -0.17203257269154976 0.055951843633189363 -0.11262729905644316 0.023422712348708258 0.040044152254064345 0.026804194683689705 -0.10162665628710937 0.058436614780590937 -0.159479378239758 0.045547588780501219 -0.15926747215701356 0.0055135676760751512
leaf_weight=15.513922581187215 1207.1224873575557 6.0702569206478101 45.684299991920852 11.375949717359616 39.194443394022528 6.3935278493445358 8.5025511579588038 32.53388901980361 97.698992827528855 1.302288066712207 35.691500275290309 4.6259389156184652 62.799247759161517 8068.1900508201179 4.2691528761642976 5.0791073940927145 3.7885088361799717 48.43645672861021 5.5474319446366263 6.9974186928011477 22.234951097605517 25.629143811762333 50.29179597995244 8.0077596945920977 16.046147280350851 125.2794714475167 4.4246217287727632 33.482438393599296 14.473891290603204 25.372313136635057
leaf_count=3350 46608 353 2427 159 1217 85 242 835 2048 14 2940 128 998 541267 1001 151 42 630 178 245 965 850 785 260 1718 1048 210 1915 701 1439
internal_value=0.000555185 0.00116846 0.0100717 -0.00923444 0.016172 0.0198844 0.0105808 0.0407036 0.0133636 -0.0159066 -0.0327397 -0.0600464 0.00877474 0.000341059 0.00269227 0.00469629 -0.0798984 0.00771969 0.0360038 -0.0448647 -0.0014972 -0.0397784 0.0116592 -0.00438431 -0.0588709 0.0535402 -0.103245 0.0158023 -0.127524 -0.0158728
internal_weight=10042.1 8834.94 751.233 180.378 570.856 531.661 367.454 164.207 358.952 169.002 100.476 54.7913 68.5262 8083.7 261.253 256.984 8.86762 248.116 60.9813 12.5449 187.135 47.8641 139.271 88.9789 24.0539 131.673 5.72691 64.925 19.0998 31.4426
internal_count=614809 568201 23584 7577 16007 14790 12822 1968 12580 7418 6196 3769 1222 544617 10532 9531 193 9338 1053 423 8285 1815 6470 5685 1978 1133 224 3707 829 1792
is_linear=0
shrinkage=0.1


Tree=107
num_leaves=31
num_cat=0
split_feature=3 4 3 3 0 0 4 20 1 3 9 20 1 0 4 4 4 4 4 20 0 0 0 4 0 1 0 0 20 4
split_gain=2.89939 2.47433 3.19815 9.06584 5.87299 4.81584 7.84427 4.58925 5.59503 4.59366 4.44673 4.59558 5.3591 4.6188 4.09642 5.82444 4.06071 3.83447 4.52392 3.78371 3.24582 4.91411 3.04886 4.10307 4.61846 4.43731 4.0918 3.01143 7.57385 7.0233
threshold=0.74440298507462699 0.032950191570881263 0.06834577114427863 0.16977611940298512 83.486017277617677 2.8815361880604184 0.041666666666666664 0.66631029720786594 2553.5000000000005 0.02764303482587065 1.0000000180025095e-35 0.59745994448975315 1791.5000000000002 7.3697276401885423 0.15866858237547896 0.14925373134328368 0.49023631840796028 0.30838122605363993 0.094851532567049826 0.72518565854827288 3.7711572435287377 3.8499162702523004 28.913651331014915 0.10432213930348259 14.920766595605043 1364.0000000000002 14.728311919785602 45.616441709830262 0.77219929139569443 0.08620689655172413
decision_type=2 2 2 2 2 2 2 2 2 2 2 2 2 2 2 2 2 2 2 2 2 2 2 2 2 2 2 2 2 2
left_child=1 -1 5 4 10 14 -7 -8 22 19 11 -4 13 -13 15 -3 27 18 -14 -10 -18 -22 23 -9 26 -26 -25 28 -5 -29
right_child=-2 2 3 16 -6 6 7 8 9 -11 -12 12 17 -15 -16 -17 20 -19 -20 -21 21 -23 -24 24 25 -27 -28 29 -30 -31
leaf_value=0.0062574966188361355 -0.039006763023098107 0.12677322937280502 -0.057213767598885558 -0.00082870685640919401 -0.088313779210052193 -0.10253337992316053 -0.021713007381746127 0.089429111787881183 0.068317146214117871 0.042369211517861952 -0.061200844036776253 -0.13503766181634067 -0.023274674579171359 0.051500048844359242 -0.078246189104838493 0.55205341623674142 -0.10001938354428125 -0.094531161652616588 0.06287648000270829 -0.079020721310486708 0.49148481552707185 0.030278427252156494 0.018660539017914448 0.35314923494763867 -0.060994750765072325 0.29453772846452964 0.96197119327492775 0.012530518150602904 0.0067249258811444175 -0.0056450913001483598
leaf_weight=691.74577357904855 18.623197577311657 3.1398549252189691 16.277367025182684 5350.5061318134649 13.976059336564502 5.2957475520670405 16.299028721490686 3.7966434366535378 2.384033423644718 30.519335489399968 20.509416351342225 1.4113559019460833 32.673226329789031 22.309362141473684 0.81744673026332737 0.35883933305740345 1.921295353626191 5.7474852188315699 7.4931297389121019 6.4818322769569932 0.23205837603018054 51.746972412773175 2.3949508400983177 0.51924171306745881 0.55064148198289309 0.9684445227321703 0.14019693125737831 242.76134518429171 1765.386310220958 1711.1615126788602
leaf_count=32862 686 299 8835 416119 2441 257 9020 130 187 2159 3038 63 1266 3139 1772 37 1559 1526 720 795 34 9948 835 144 415 278 11 6099 45251 64805
internal_value=0.000413769 0.000487113 5.8723e-05 -0.000106662 -0.0273681 0.0208122 0.0144336 0.024104 0.0397414 0.0239621 -0.0193643 -0.00937677 0.00180533 0.0404013 0.123301 0.170392 0.000253083 -0.0181347 -0.00720297 -0.0394015 0.0276196 0.0323375 0.11399 0.1522 0.261596 0.165664 0.482585 9.04487e-05 0.00104528 -0.0033869
internal_weight=10028.1 10009.5 9317.78 9244.11 120.397 73.6662 69.3501 64.0543 47.7553 39.3852 106.421 85.9119 69.6346 23.7207 4.31614 3.49869 9123.72 45.9138 40.1664 8.86587 53.9003 51.979 8.37012 5.97517 2.17852 1.51909 0.659439 9069.82 7115.89 1953.92
internal_count=614730 614044 581182 564843 21028 16339 14231 13974 4954 3141 18587 15549 6714 3202 2108 336 543815 3512 1986 982 11541 9982 1813 978 848 693 155 532274 461370 70904
is_linear=0
shrinkage=0.1


Tree=108
num_leaves=31
num_cat=0
split_feature=7 20 0 1 4 17 1 1 1 1 1 13 1 1 3 13 13 1 1 8 4 9 1 1 1 7 1 7 0 4
split_gain=3.72759 3.40885 6.63755 11.9282 4.22139 11.1718 10.3225 18.7923 13.7039 8.95661 8.57947 8.53365 8.2298 19.4775 15.3115 9.6346 9.05877 16.7718 7.77928 7.64936 9.73524 8.31516 7.40024 6.45634 11.2156 8.01449 8.59749 11.8421 6.8547 9.53282
threshold=11.500000000000002 0.80467226748466358 20.207739069736764 1936.0000000000002 0.15466954022988508 1.0000000180025095e-35 1267.5000000000002 2229.0000000000005 2423.5000000000005 1080.5000000000002 1116.0000000000002 1.0000000180025095e-35 2764.0000000000005 4203.5000000000009 0.49813432835820898 1.0000000180025095e-35 1.0000000180025095e-35 2460.0000000000005 2460.0000000000005 1.0000000180025095e-35 0.19284825870646763 1.0000000180025095e-35 1741.0000000000002 2313.0000000000005 2200.5000000000005 2.5000000000000004 67494.500000000015 6.5000000000000009 60.848635024704144 0.44493159203980109
decision_type=2 2 2 2 2 2 2 2 2 2 2 2 2 2 2 2 2 2 2 2 2 2 2 2 2 2 2 2 2 2
left_child=1 -1 3 -3 6 23 9 11 -9 -4 -7 -8 16 14 -14 -16 17 -10 -18 21 -21 -12 -22 24 -6 -25 27 28 29 -27
right_child=-2 2 4 -5 5 10 7 8 12 -11 19 -13 13 -15 15 -17 18 -19 -20 20 22 -23 -24 25 -26 26 -28 -29 -30 -31
leaf_value=-0.00067623657546493285 -0.060824364218157838 0.06178104930293811 0.0006045935063052505 0.0089153270702153811 -0.0073285413353695724 0.033620306167403628 0.048826773811369573 -0.095558590838636048 0.092477842799879112 -0.082599453420504662 -0.01388413085724617 -0.001260156704416496 0.029982078539517332 0.0068964537542650466 -0.026592046481204445 -0.10625942463382657 -0.11291432050813709 -0.20983494642403966 0.069485677928221273 0.0020861246999708829 -0.18383966701903198 -0.12540334776551984 -0.067806595542672043 0.0097076675918844509 -0.093986347330391365 0.011994668230501031 -0.056308315173457663 0.041845438065444059 -0.029733559219818614 -0.16751797278122676
leaf_weight=6833.5810694452048 9.8952060816955036 47.445469907543156 28.770273567701224 424.93693555414211 212.31867469214194 27.179024158744141 144.82578188925982 14.158827960491179 3.6235482934862366 23.509587971493602 204.58799773341161 44.458510529482737 20.410408928408287 628.53829883725848 27.839719476178288 33.382164562121034 2.4765796181745818 3.7181891030631959 41.861014720983803 15.149774135905316 7.3046757007250589 6.9119654390960923 22.20393610507017 883.74073477988713 16.065052942489274 93.931906755489763 34.418901942437515 47.795260484504979 115.27863123448333 3.0544201583834356
leaf_count=529630 1429 822 1143 11012 10378 602 2692 364 38 1152 5218 1082 532 12473 699 1000 104 145 558 277 279 235 989 21178 568 3340 1722 1179 3859 260
internal_value=0.00052176 0.000582381 0.00328714 0.0142251 0.00137879 -0.00168521 0.00646736 0.00881131 0.00192026 -0.0368112 -0.0198011 0.0370625 0.00373189 0.000928153 -0.0450255 -0.0700319 0.0422604 -0.0606271 0.0592973 -0.0254693 -0.0630757 -0.0175287 -0.0965299 0.00196394 -0.0134243 0.00494676 -0.00934086 -0.00312473 -0.0132506 0.00634122
internal_weight=10023.4 10013.5 3179.9 472.382 2707.51 1689.94 1017.57 965.293 776.009 52.2799 283.337 189.284 761.85 710.171 81.6323 61.2219 51.6793 7.34174 44.3376 256.158 44.6584 211.5 29.5086 1406.6 228.384 1178.22 294.479 260.06 212.265 96.9863
internal_count=614959 613530 83900 11834 72066 50084 21982 19687 15913 2295 7600 3774 15549 14704 2231 1699 845 183 662 6998 1545 5453 1268 42484 10946 31538 10360 8638 7459 3600
is_linear=0
shrinkage=0.1


Tree=109
num_leaves=31
num_cat=0
split_feature=1 1 1 20 7 8 16 18 1 1 10 20 4 1 20 1 1 1 3 1 13 1 18 1 1 18 1 13 18 13
split_gain=4.90246 17.7723 13.8053 12.0922 10.7895 9.17097 9.09643 16.1985 7.18087 13.1817 8.93225 9.70122 10.7745 9.49483 10.0261 8.05399 10.6557 9.52129 7.45123 13.3415 12.5099 8.01806 12.0278 7.9794 18.1673 23.6287 15.1128 13.9069 12.7423 11.9074
threshold=380.50000000000006 361.50000000000006 388.50000000000006 0.52115977695809612 1.7500000000000002 1.0000000180025095e-35 1.0000000180025095e-35 1.0000000180025095e-35 196.50000000000003 345.00000000000006 1.0000000180025095e-35 0.30258554447136893 0.24210199004975125 177.00000000000003 0.030627790715979025 126.50000000000001 187.50000000000003 137.50000000000003 0.71828358208955234 305.50000000000006 1.0000000180025095e-35 298.50000000000006 1.0000000180025095e-35 274.50000000000006 270.50000000000006 1.0000000180025095e-35 263.50000000000006 1.0000000180025095e-35 1.0000000180025095e-35 1.0000000180025095e-35
decision_type=2 2 2 2 2 2 2 2 2 2 2 2 2 2 2 2 2 2 2 2 2 2 2 2 2 2 2 2 2 2
left_child=1 3 5 8 6 -2 7 -3 10 18 11 -1 -13 14 -12 -14 17 -17 19 21 -21 23 -23 24 25 26 -10 28 -26 -28
right_child=2 4 -4 -5 -6 -7 -8 -9 9 -11 13 12 15 -15 -16 16 -18 -19 -20 20 -22 22 -24 -25 27 -27 29 -29 -30 -31
leaf_value=-0.0062996086437331318 -0.05308204367464258 -0.038737555954952513 0.0012819362446761118 0.024615486046640624 0.056022012168941308 0.079539559717757113 0.012276728419868408 -0.13512497289457043 -0.015204973648515814 0.015579377982831225 0.038981149722878354 -0.002399375221914005 0.069462656998418845 0.083507781250210758 -0.074491119456867372 0.034229250615601149 0.053654908836994489 -0.049796903021781948 0.085749237595077188 -0.096438455323126698 -0.001258206378285689 -0.070677207415282828 0.061318268390306331 -0.050349280852401958 -0.055762038097553514 -0.084023349640794998 0.0080669140765763786 -0.097975716578872024 0.087744548032587064 0.18587730454051032
leaf_weight=932.16424037966863 6.1370045625808407 74.258604339687736 7630.5470509808729 163.68793531827396 10.752232749015091 34.675854422428529 20.275935457495507 22.785434160148725 295.15638953981397 142.93600456467539 25.871992925414816 184.01308921260716 44.50545397476526 26.193246845039539 11.1393252518028 24.70981195778586 46.267503983995994 29.687669955972524 6.8003886460792264 40.130306344439305 21.053454144508578 9.0614275617845106 28.988419911067467 65.096361142755995 7.4504347900146959 50.374946872019791 8.5009314982889901 6.0774266687221816 36.497131251962855 6.7619401060510418
leaf_count=95855 1199 6741 418785 5147 156 1396 613 2439 25359 6342 947 7343 502 415 1867 299 748 2635 163 8760 2916 1814 393 12128 1388 6424 1125 317 661 183
internal_value=0.000369771 -0.00363568 0.00159218 -0.00153975 -0.039854 0.0595973 -0.048641 -0.0613688 -0.00362876 -0.0116303 0.000750203 -0.00108804 0.0136698 0.0374353 0.00482931 0.0340385 0.018377 -0.0116284 -0.0183134 -0.0195438 -0.0636867 -0.0142889 0.029884 -0.0178205 -0.0126662 -0.0204966 -0.0101874 0.0438088 0.0634159 0.0868426
internal_weight=10012.6 2341.2 7671.36 2213.13 128.072 40.8129 117.32 97.044 2049.44 724.886 1324.55 1261.35 329.184 63.2046 37.0113 145.17 100.665 54.3975 581.95 575.149 61.1838 513.965 38.0498 475.916 410.819 360.794 310.419 50.025 43.9476 15.2629
internal_count=615060 193680 421380 183731 9949 2595 9793 9180 178584 67973 110611 107382 11527 3229 2814 4184 3682 2934 61631 61468 11676 49792 2207 47585 35457 33091 26667 2366 2049 1308
is_linear=0
shrinkage=0.1


Tree=110
num_leaves=31
num_cat=0
split_feature=1 1 4 4 7 20 4 4 20 1 1 17 7 5 9 20 11 4 20 1 4 1 20 4 1 1 5 7 1 3
split_gain=2.70023 4.18393 7.76797 7.95431 6.07554 5.37468 4.66033 3.87062 3.85832 3.55141 3.9562 3.44518 4.04803 3.29337 3.25614 3.21243 3.09559 9.64564 5.4836 4.26197 4.86766 4.2539 3.63588 5.44754 3.4651 3.04622 5.03115 5.07804 2.95853 9.3403
threshold=37272.500000000007 43138.000000000007 0.38227969348659008 0.38469291473666162 3.5000000000000004 0.97394144385072001 0.46032052381769323 0.17123756218905478 0.89965401021936353 75903.000000000015 62575.000000000007 1.0000000180025095e-35 2.5000000000000004 1.0000000180025095e-35 1.0000000180025095e-35 0.98592335930637953 1.0000000180025095e-35 0.28637702293132045 0.071032131288146436 23098.500000000004 0.2953047263681593 3873.5000000000005 0.94737100035896937 0.31238026819923376 17959.000000000004 47190.500000000007 1.5000000000000002 5.5000000000000009 53973.000000000007 0.49813432835820898
decision_type=2 2 2 2 2 2 2 2 2 2 2 2 2 2 2 2 2 2 2 2 2 2 2 2 2 2 2 2 2 2
left_child=16 2 4 -4 15 11 8 -6 -5 10 -7 25 -13 14 -8 -2 -1 21 -19 20 -20 -18 24 -24 -22 26 -3 -28 29 -27
right_child=1 5 3 6 7 9 13 -9 -10 -11 -12 12 -14 -15 -16 -17 17 18 19 -21 22 -23 23 -25 -26 28 27 -29 -30 -31
leaf_value=-0.00036563712703323976 0.052767618214404621 -0.10202637779610269 -0.16067567940210697 -0.091485141047287777 0.0092148679230037844 0.013242515770340836 -0.037356990592772366 -0.099420967742544816 0.024969494490180329 0.0034332949718400979 0.058035623172072441 -0.12426592229598868 -0.015305606151303726 0.010251759884679336 -0.28145490213164032 -0.032837294782004263 -0.06387491297297658 0.048429246673607977 -0.24129660366594405 -0.013755452988041579 -0.073296180576603018 0.024205987099239126 0.00014373970688683955 -0.17797694635526046 0.054660461938701534 -0.056890731405003517 -0.08526555015548698 0.016199381635598777 -0.004351576883350675 0.048552649398955761
leaf_weight=9121.4275469305248 77.867141197901219 7.7755161632376248 3.5340104985516509 3.2159368935390438 15.076537821791137 48.002106055617332 0.9169435405055989 4.1915032172109923 24.6664349345956 98.706555314944126 33.463368291617371 5.1194365476258072 10.208945831720484 1.4462791811674831 1.3526147039374337 4.6451543839648357 5.6558441382803712 7.4933152489320483 1.7072005833615573 20.293552783550695 5.0589915569398745 179.48833816155093 2.6611466212198129 4.8395321448333561 3.6384601945756003 11.026419802161397 6.6664540839847204 18.963303143624216 221.22471544188738 35.280169106452377
leaf_count=590071 518 866 28 218 314 655 37 507 220 1598 370 185 468 37 75 49 1608 1496 108 325 1768 3173 30 105 155 612 183 404 7662 849
internal_value=0.00035172 0.00667074 0.0221475 -0.0183951 0.0361419 0.00240239 -0.00248208 -0.0144174 0.0115377 0.016188 0.0316421 -0.00545109 -0.0516966 -0.107682 -0.182835 0.0479484 -7.62133e-05 0.0113603 -0.0297876 -0.0451311 -0.0806916 0.0215153 -0.0637646 -0.114782 -0.0197673 -0.00309555 -0.0315679 -0.0101923 0.000459641 0.0234447
internal_weight=9985.61 633.35 136.913 35.1322 101.78 496.437 31.5982 19.268 27.8824 180.172 81.4655 316.265 15.3284 3.71584 2.26956 82.5123 9352.26 230.836 45.6922 38.1989 17.9053 185.144 16.1981 7.50068 8.69745 300.937 33.4053 25.6298 267.531 46.3066
internal_count=614694 15855 2003 615 1388 13852 587 821 438 2623 1025 11229 653 149 112 567 598839 8768 3987 2491 2166 4781 2058 135 1923 10576 1453 587 9123 1461
is_linear=0
shrinkage=0.1


Tree=111
num_leaves=31
num_cat=0
split_feature=0 6 4 0 13 1 1 20 12 20 1 1 7 1 1 18 20 1 1 1 17 1 1 16 1 10 1 1 1 20
split_gain=2.75286 3.21074 2.6356 5.96761 9.30706 5.6605 12.9686 14.6789 10.2678 10.5719 8.58733 14.5215 7.79557 5.9249 27.6055 44.6112 27.7605 12.9927 15.7424 11.3847 6.06417 21.6617 8.22205 5.76702 5.62178 5.36836 12.215 6.64962 5.32637 17.29
threshold=0.19676855565037307 1.0000000180025095e-35 0.1351718419397267 18.497384734981477 1.0000000180025095e-35 204.50000000000003 263.50000000000006 0.39174717951381111 1.0000000180025095e-35 0.44069283993303926 274.50000000000006 292.50000000000006 1.7500000000000002 456.50000000000006 448.50000000000006 1.0000000180025095e-35 0.051787724670641695 512.50000000000011 534.50000000000011 586.50000000000011 1.0000000180025095e-35 523.50000000000011 523.50000000000011 1.0000000180025095e-35 19.500000000000004 1.0000000180025095e-35 177.00000000000003 111.50000000000001 474.50000000000006 0.09983588911019764
decision_type=2 2 2 2 2 2 2 2 2 2 2 2 2 2 2 2 2 2 2 2 2 2 2 2 2 2 2 2 2 2
left_child=1 -1 3 4 -2 8 7 12 9 25 23 -12 -7 14 -13 16 -16 28 20 -20 22 -22 -19 -8 -10 -4 27 -27 29 -15
right_child=2 -3 5 -5 -6 6 10 -9 24 -11 11 13 -14 17 15 -17 -18 18 19 -21 21 -23 -24 -25 -26 26 -28 -29 -30 -31
leaf_value=-0.050296337042340891 -0.0086965008659536328 0.0094407896492876755 0.0023026636184589112 0.0058391790054442283 0.01147180447895093 -0.062577221938720146 0.020706174118211778 -0.0030824364760087628 0.057371238778258928 0.03958722427497452 -0.07426336398638482 0.00079467473896650256 0.041498835843559095 -0.08131501662561709 0.147446420171575 -0.13880002136715683 -0.03800012130180138 0.084508673843058518 -0.054286349570801744 -0.0024584995361121124 -0.08609152213074972 0.054126393763018081 -0.071878962914363922 0.098969685826125031 -0.05936199149060635 0.019963520029133597 0.088843242372142542 -0.10167884437670152 -0.057312276213821914 0.027441425146031175
leaf_weight=23.412768682988826 866.16863301506601 14.613154988430322 842.17018724770969 1750.545643053294 310.95072600658023 92.984002415454597 52.530116710397124 123.40009973195993 4.6975997001136411 92.671771145876846 27.750626970086159 595.65689931569614 7.800683205947279 23.981907656620024 39.33853217237629 8.483370195492169 10.156191534944808 34.226704199740198 42.765437946785823 4745.6760077297586 14.900042160654264 42.282519603497349 3.7280011045950223 11.471352409105746 33.880251900813164 15.18202777154511 22.887214998714626 6.3834693454264189 57.824869909265544 37.43773639902065
leaf_count=5483 71111 502 62204 57697 25173 14575 3521 4459 1122 1328 7224 42777 221 2119 346 878 553 1656 14150 268334 2797 1160 951 166 11959 590 310 1318 9380 1647
internal_value=-0.000484938 -0.0273397 -0.000381975 0.00213695 -0.00336879 -0.00143695 -0.00261172 -0.0262076 0.00545604 0.00744949 -0.00169147 -0.0021016 -0.0545218 -0.00174757 0.00720624 0.0730776 0.109393 -0.00291742 -0.00212109 -0.00292137 0.0381588 0.0175899 0.0691479 0.0347338 -0.0451475 0.00409039 0.0379594 -0.0160431 -0.0355305 -0.0150236
internal_weight=9955.96 38.0259 9917.93 2927.67 1177.12 6990.27 5972.4 224.185 1017.87 979.295 5748.21 5684.21 100.785 5656.46 653.635 57.9781 49.4947 5002.82 4883.58 4788.44 95.1373 57.1826 37.9547 64.0015 38.5779 886.623 44.4527 21.5655 119.245 61.4196
internal_count=615711 5985 609726 153981 96284 455745 376914 19255 78831 65750 357659 353972 14796 346748 44554 1777 899 302194 289048 282484 6564 3957 2607 3687 13081 64422 2218 1908 13146 3766
is_linear=0
shrinkage=0.1


Tree=112
num_leaves=31
num_cat=0
split_feature=3 0 0 1 4 17 0 20 6 1 4 4 1 1 4 20 0 4 1 1 0 1 1 16 19 20 1 1 1 8
split_gain=2.22531 5.03586 5.41381 12.3893 6.43444 11.2171 8.65322 7.3381 6.89107 5.46416 6.9902 4.80788 4.6569 6.56304 8.71865 4.88276 4.60622 4.48239 3.87985 12.2248 6.06855 4.74175 12.7976 8.77764 5.9672 6.13634 8.52403 5.48353 4.43248 6.68236
threshold=0.48320895522388069 49.513267308007926 2.8815361880604184 666.50000000000011 0.16417910447761203 1.0000000180025095e-35 14.156343067793001 0.75798462856626292 1.0000000180025095e-35 706.50000000000011 0.074999999999999997 0.10153256704980844 67494.500000000015 32675.000000000004 0.25447796934865907 0.94737100035896937 71.622793959741003 0.39412134728655579 1027.0000000000002 1047.5000000000002 93.267398501328245 1331.5000000000002 1422.5000000000002 1.0000000180025095e-35 1.0000000180025095e-35 0.80015549118554496 1243.5000000000002 1399.5000000000002 1723.5000000000002 1.0000000180025095e-35
decision_type=2 2 2 2 2 2 2 2 2 2 2 2 2 2 2 2 2 2 2 2 2 2 2 2 2 2 2 2 2 2
left_child=1 2 3 -1 5 -4 7 -7 17 10 -5 -3 13 -13 -15 -16 -2 -6 -18 20 -20 23 27 24 25 26 -21 -23 -24 -30
right_child=16 11 4 9 8 6 -8 -9 -10 -11 -12 12 -14 14 15 -17 18 -19 19 21 -22 22 28 -25 -26 -27 -28 -29 29 -31
leaf_value=-0.041694708655858566 0.00047234546055955392 0.030435089794806525 -0.012094016296651265 -0.078669745168415392 -0.064124976538819586 -0.013359994756207808 0.061169534963877836 0.069153819880810471 0.021331731608683319 0.030395535606024073 0.16103018817092019 0.00036824771898118837 -0.048017656775038539 -0.072767654724360628 0.096155629412160493 -0.00089247549359565718 -0.045227054619403927 -0.017263654649118509 -0.051326160958782535 0.069932583743249968 0.11849421217372494 0.0039633653330643026 -0.043330777097410816 0.090828967008047337 -0.11933202556894416 -0.065666073419047732 -0.14162181382654956 0.10009205597687623 -0.0084902936830475815 0.036510325594219822
leaf_weight=12.683284098827242 8333.9225812838449 123.6458144398639 187.67055881657143 1.3889275939436654 39.244774101036455 50.276416206292197 46.058974291692721 13.718699591467155 23.856503948423779 10.310346840680721 9.8066964593017456 141.01729327426438 15.195214200299231 4.901270193164236 20.771246659453031 6.9086486250162116 25.943012487929082 42.534611685508025 2.5839030384086064 9.194839260773735 11.336747671710325 9.4709759540855885 33.949916105193552 4.7021487708552732 10.298914167622568 19.593121887766756 2.4021617162507019 15.890111927874386 701.74458603176754 34.626649959478527
leaf_count=10966 470873 2464 14340 108 21645 4318 1836 168 11279 4397 1249 16443 701 305 588 130 3486 25293 83 325 158 467 2078 153 1107 1306 178 306 18222 832
internal_value=0.000171437 0.00540959 -0.00151475 0.0366919 -0.00475319 0.00277009 0.0281172 0.00432858 -0.0259568 0.082921 0.131293 0.0151067 0.00506767 0.00971427 0.0501656 0.0719333 -0.000254855 -0.0397517 -0.00712814 -0.00597319 0.0869727 -0.00751008 -0.00570184 -0.0386585 -0.0533339 -0.0315415 0.026112 0.0641933 -0.00800298 -0.00637421
internal_weight=9965.65 749.989 437.55 34.1893 403.361 297.725 110.054 63.9951 105.636 21.506 11.1956 312.439 188.794 173.598 32.5812 27.6799 9215.66 81.7794 881.737 855.794 13.9207 841.873 795.682 46.1912 41.489 31.1901 11.597 25.3611 770.321 736.371
internal_count=615804 116230 95599 16720 78879 20662 6322 4486 58217 5754 1357 20631 18167 17466 1023 718 499574 46938 28701 25215 241 24974 21905 3069 2916 1809 503 773 21132 19054
is_linear=0
shrinkage=0.1


Tree=113
num_leaves=31
num_cat=0
split_feature=3 0 5 3 17 13 1 1 4 0 4 1 3 20 20 0 7 0 4 1 1 13 1 20 0 10 4 0 4 0
split_gain=2.90769 6.32817 7.06065 5.87667 4.8155 5.16822 3.6672 2.99117 3.31887 3.37082 3.13343 2.97292 3.88907 3.11603 2.92487 4.59439 6.69936 5.67944 5.06463 4.18921 24.5616 17.3332 9.13873 8.41346 10.5738 8.67092 9.07326 6.75966 6.89896 6.48115
threshold=0.56156716417910457 13.778174610952751 2.5000000000000004 0.63992537313432851 1.0000000180025095e-35 1.0000000180025095e-35 10045.000000000002 4021.0000000000005 0.15866858237547896 52.824586311600378 0.14273460284782988 2664.0000000000005 0.74440298507462699 0.033098089618974848 0.98592335930637953 19.703638117624184 3.5000000000000004 24.53950841572669 0.32419082747183631 1760.5000000000002 1723.5000000000002 1.0000000180025095e-35 1701.5000000000002 0.8227345909907019 26.21940392294896 1.0000000180025095e-35 0.32876243781094538 51.660680889015815 0.43703358208955234 14.340531860547591
decision_type=2 2 2 2 2 2 2 2 2 2 2 2 2 2 2 2 2 2 2 2 2 2 2 2 2 2 2 2 2 2
left_child=14 2 3 -2 5 -4 7 8 -3 -10 -9 12 13 -5 19 16 -16 18 -17 20 22 23 -1 24 25 26 -22 28 -25 -27
right_child=1 6 4 11 -6 -7 -8 10 9 -11 -12 -13 -14 -15 15 17 -18 -19 -20 -21 21 -23 -24 27 -26 29 -28 -29 -30 -31
leaf_value=-4.5528272035930012e-05 -0.055768054830575065 0.042075130503115982 0.0085106013365361926 -0.036443011528726803 -0.04917501660643292 0.052180566299943401 0.072505786991056961 -0.030691446793872264 -0.035272463513225931 0.085841560219683699 0.036609064381931532 0.051874781575569996 -0.30516735479971291 0.0036099270749029924 0.034870275427733376 -0.0045455284163268064 -0.10266052569670872 0.0057164440755635634 -0.081828328228227346 -0.0037322408791770796 -0.11951864630823153 -0.10098794698624831 -0.052552906434373617 -0.048606717969964248 0.093750302310405639 -0.12737641676530584 0.032696013055437879 0.065831205877070934 0.10859721589660749 0.094793090892730705
leaf_weight=5245.4578920542408 30.767717840448313 58.607126859948039 131.62645915805479 28.825075173561345 11.588910139413199 34.126675240695477 15.676901828264816 18.930588384624574 11.637647231895242 2.8633944620378307 10.902160167053806 8.2324984538136032 0.4469853974878778 59.554178678125027 76.613820975238923 20.809152446687222 3.7135532665997735 449.50917597264925 14.311790128936989 3538.9395326371123 6.5959426946355988 7.8545279342215499 33.357855202106293 18.142000791616741 58.105186574470281 1.4437917769537296 9.6385732273847662 13.540815613640005 3.2993098162114611 14.500763958087189
leaf_count=438600 5683 2092 5323 2915 841 977 346 439 1094 55 438 145 9 3641 688 271 57 7308 196 138350 527 374 2069 364 1547 229 340 184 26 361
internal_value=-0.000255536 0.0078492 0.00023068 -0.0176856 0.0131446 0.0175017 0.0274494 0.0205878 0.0314768 -0.0113571 -0.00609697 -0.00561343 -0.0109415 -0.00945342 -0.00061648 0.0063619 0.0285122 0.0026905 -0.0360383 -0.00105694 0.000692479 0.0431151 -0.000377333 0.0521507 0.0682827 0.0222962 -0.0291475 0.0105163 -0.0244168 0.0746755
internal_weight=9939.62 423.786 305.169 127.826 177.342 165.753 118.618 102.941 73.1082 14.501 29.8327 97.0587 88.8262 88.3793 9515.83 564.957 80.3274 484.63 35.1209 8950.88 5411.94 133.121 5278.82 125.266 90.2843 32.1791 16.2345 34.9821 21.4413 15.9446
internal_count=615489 23998 19534 12393 7141 6300 4464 4118 3241 1149 877 6710 6565 6556 591491 8520 745 7775 467 582971 444621 3952 440669 3578 3004 1457 867 574 390 590
is_linear=0
shrinkage=0.1


Tree=114
num_leaves=31
num_cat=0
split_feature=3 1 5 0 17 0 4 12 18 1 1 0 1 1 18 1 1 1 13 1 1 4 17 1 4 1 16 0 4 1
split_gain=2.8877 2.86426 3.42497 3.6983 3.07227 2.88397 2.58619 3.08051 5.1729 3.57039 5.27474 3.31737 2.8484 27.1575 16.9576 13.8299 12.713 10.9673 26.5165 9.86669 10.8605 20.5595 16.7041 12.7303 9.39536 9.03092 8.99166 21.0997 9.08716 8.61002
threshold=0.69216417910447781 66.500000000000014 2.5000000000000004 25.5096740799769 1.0000000180025095e-35 4.4567328399135393 0.052238805970149259 1.0000000180025095e-35 1.0000000180025095e-35 987.50000000000011 949.50000000000011 4.8333203076786724 714.50000000000011 701.00000000000011 1.0000000180025095e-35 793.00000000000011 740.00000000000011 823.50000000000011 1.0000000180025095e-35 859.50000000000011 877.00000000000011 0.27447318007662841 1.0000000180025095e-35 987.50000000000011 0.15357587064676623 732.50000000000011 1.0000000180025095e-35 15.922980495134411 0.19657567049808433 673.50000000000011
decision_type=2 2 2 2 2 2 2 2 2 2 2 2 2 2 2 2 2 2 2 2 2 2 2 2 2 2 2 2 2 2
left_child=6 -2 3 5 -4 -3 7 11 -9 10 -10 -1 13 29 -15 16 24 18 26 -19 21 22 -21 -22 -14 -26 27 -17 -29 -8
right_child=1 2 4 -5 -6 -7 12 8 9 -11 -12 -13 15 14 -16 17 -18 19 -20 20 23 -23 -24 -25 25 -27 -28 28 -30 -31
leaf_value=-0.014259836695484689 -0.0063421576950928012 -0.0035961990819290512 0.057920971823386846 -0.058275658913164621 -0.017839181017131972 0.047848444308435545 0.0002395263493719933 0.038705281996931552 -0.0087860858009443186 -0.079590916291062103 0.28899562844556015 0.0046413015030686714 0.024781366195248518 -0.031342677448806228 0.081203501744862974 -0.026912628443574983 -0.062755966979856276 -0.038234490114533067 -0.081614162444450009 -0.057978914739480247 -0.032590197329703939 -0.086042099008870443 0.06998392409914525 -0.0016810198316165839 -0.0088514913119750026 -0.076435693358255008 0.092140351126393141 0.012525233211362636 0.094410345370576854 -0.044277710102146317
leaf_weight=104.22497129800104 47.010246804100461 26.048014186992077 33.814253990072757 7.4251277499715789 6.359442785877035 18.73471178743057 2991.7732973798156 52.950975776395353 4.8882429781951924 7.080326049530413 0.67726211412809778 851.41214232198399 49.198021788732149 16.866229319108243 64.911178374954034 41.446761822298868 69.476753740869754 75.806837248648662 20.146001089946367 12.00114844413474 136.93221058255585 12.726642124762291 68.021520849084482 4954.2528112025157 65.84320555949671 28.256573646562174 27.781121437903494 20.775643500266597 38.980275525485922 44.086023493768153
leaf_count=11730 2110 1639 876 318 210 524 261490 2948 1384 573 57 33269 1997 2742 1686 3092 14127 6694 2744 836 24421 907 538 222089 4820 1971 465 471 1138 6750
internal_value=-0.000538854 0.0137527 0.0239783 0.00708799 0.0459282 0.0179255 -0.000742954 0.00401882 0.0249819 -0.0324812 0.0274507 0.00257988 -0.00129939 0.00112488 0.0579913 -0.00264384 -0.0276514 -0.00166009 0.0250821 -0.00241831 -0.00189456 0.0320172 0.0507931 -0.00251235 -0.0106312 -0.0291459 0.041747 0.0279135 0.0659409 -0.000406942
internal_weight=9899.91 139.392 92.3816 52.2079 40.1737 44.7827 9760.52 1021.23 65.5968 12.6458 5.56551 955.637 8739.28 3117.64 81.7774 5621.65 212.775 5408.87 149.13 5259.74 5183.93 92.7493 80.0227 5091.19 143.298 94.0998 128.984 101.203 59.7559 3035.86
internal_count=614616 5677 3567 2481 1086 2163 608939 49961 4962 2014 1441 44999 558978 272668 4428 286310 22915 263395 7910 255485 248791 2281 1374 246510 8788 6791 5166 4701 1609 268240
is_linear=0
shrinkage=0.1


Tree=115
num_leaves=31
num_cat=0
split_feature=3 0 4 1 5 20 4 4 20 13 1 1 0 3 0 3 4 3 3 20 5 0 4 3 19 0 3 9 20 13
split_gain=2.8701 5.81816 5.18068 7.35972 6.4913 5.21261 5.34082 5.05784 4.92825 4.66183 5.37165 6.50846 4.48395 4.32497 6.22173 5.0708 6.14918 4.57162 4.22536 4.03484 3.88437 3.9631 3.5448 7.59585 5.18595 5.03074 4.72103 3.44324 3.44082 3.38215
threshold=0.48320895522388069 71.622793959741003 0.20149253731343292 1399.5000000000002 1.5000000000000002 0.93381963191493456 0.012954980842911886 0.43703358208955234 0.76274102862302162 1.0000000180025095e-35 666.50000000000011 673.50000000000011 55.187617783717165 0.22201492537313436 2.1776369112410761 0.0552860696517413 0.15866858237547896 0.082929104477611967 0.44402985074626872 0.55293307296245298 2.5000000000000004 7.7522343282943309 0.03731343283582092 0.040702736318407963 1.0000000180025095e-35 39.877151738390872 0.24813432835820901 1.0000000180025095e-35 0.049888253390746838 1.0000000180025095e-35
decision_type=2 2 2 2 2 2 2 2 2 2 2 2 2 2 2 2 2 2 2 2 2 2 2 2 2 2 2 2 2 2
left_child=1 2 3 8 7 22 -7 -4 13 10 12 -12 -6 14 17 16 -16 27 -9 20 21 -15 23 -5 -25 -26 -27 -1 -13 -17
right_child=-2 -3 4 5 9 6 -8 18 -10 -11 11 28 -14 19 15 29 -18 -19 -20 -21 -22 -23 -24 24 25 26 -28 -29 -30 -31
leaf_value=0.090298853033833809 -0.0008425891254186281 0.020455505120596889 -0.066336783811805175 -0.16668687748121835 -0.044594361591389686 -0.047241224224360188 0.027563818700524514 -0.018504071155382381 0.087000781395072224 -0.059744929148454175 0.13463762583188707 -0.06729575198795637 0.30992080703082553 -0.047594036796859855 -0.095288095350422278 0.0088532740124790451 0.32102726275960403 -0.049807386113206099 0.14341713908148088 0.075104179720610731 0.0724144491228568 0.027542467321452165 -0.025800888038251119 0.05541311410624794 -0.031202631903434742 0.036922614604628118 -0.055121960109238859 0.30254866360891436 0.02468022507759985 -0.10904062680108856
leaf_weight=5.9361546855870984 9146.4987112428535 194.94793440870853 34.220003707478099 2.6174270622432223 16.709893841434681 11.008994081057606 71.740313565824181 23.894842220790455 11.730367403593844 10.507965083030284 5.120922242262167 4.4925109525465805 0.36455581075278942 10.444173265448628 9.0702116073298349 40.945090765944769 0.36923403955006584 2.1438183673453732 1.7281530475011084 19.778608395368792 10.754794503252922 21.411289406183641 97.492484866161249 17.313076867721975 37.569269163243007 31.109637242858298 6.7882929053157559 0.87726949066563964 42.980264254110807 2.5871354945411431
leaf_count=493 499281 12215 18495 68 16907 137 1055 11782 245 3295 426 5839 97 4500 1404 3705 329 424 117 1092 2394 3253 10471 185 1825 600 173 59 14264 182
internal_value=-0.000355943 0.00560546 0.000358138 0.00600944 -0.016258 -0.00338394 0.0176117 -0.0411803 0.0250409 0.00234388 0.0117087 0.02753 -0.0370251 0.0191944 0.000473332 -0.0125606 -0.0790035 0.0775536 -0.00758323 0.0377775 0.0204515 0.00290812 -0.012391 0.0013133 0.00605276 -0.0052711 0.0204356 0.117627 0.0159762 0.0018468
internal_weight=9893.15 746.655 551.707 411.688 140.019 275.639 82.7493 59.843 136.048 80.1761 69.6681 52.5937 17.0744 124.318 61.9289 52.9717 9.43945 8.95724 25.623 62.3889 42.6103 31.8555 192.89 95.3977 92.7803 75.4672 37.8979 6.81342 47.4728 43.5322
internal_count=615312 116031 103816 32594 71222 14514 1192 30394 18080 40828 37533 20529 17004 17835 6596 5620 1733 976 11899 11239 10147 7753 13322 2851 2783 2598 773 552 20103 3887
is_linear=0
shrinkage=0.1


Tree=116
num_leaves=31
num_cat=0
split_feature=3 1 0 3 3 0 4 1 3 4 17 4 6 6 3 4 0 1 3 1 0 5 1 3 3 1 1 3 1 3
split_gain=3.75165 4.4207 4.61273 8.66108 6.66656 4.88587 5.05703 5.44603 6.47838 4.5885 7.51519 6.40659 6.22534 5.21312 4.91555 4.31795 4.30347 4.21677 4.09992 4.07079 6.13573 4.05845 3.76247 3.66658 3.79561 3.4308 5.12589 5.42097 3.30537 3.00661
threshold=0.48320895522388069 80.500000000000014 2.948889919569099 0.44402985074626872 0.082929104477611967 71.622793959741003 0.10833333333333332 6608.5000000000009 0.30037313432835827 0.16417910447761203 1.0000000180025095e-35 0.15357587064676623 1.0000000180025095e-35 1.0000000180025095e-35 0.37873134328358216 0.55715174129353251 14.340531860547591 5853.5000000000009 0.32649253731343292 1027.0000000000002 34.828079358464599 1.5000000000000002 32675.000000000004 0.44402985074626872 0.12363184079601992 2049.5000000000005 1399.5000000000002 0.12363184079601992 53973.000000000007 0.06834577114427863
decision_type=2 2 2 2 2 2 2 2 2 2 2 2 2 2 2 2 2 2 2 2 2 2 2 2 2 2 2 2 2 2
left_child=1 -1 3 4 -3 9 -7 8 -8 10 11 19 15 16 -14 -11 -12 -10 22 21 -21 -4 -9 24 -13 26 27 -17 -24 -22
right_child=-2 2 5 -5 -6 6 7 18 17 12 13 23 14 -15 -16 25 -18 -19 -20 20 29 -23 28 -25 -26 -27 -28 -29 -30 -31
leaf_value=-0.084923672566891803 -0.0007453914510253697 0.067062034079974436 -0.0141085232327589 0.11056291560505607 -0.044682364094935409 0.045468629025208984 -0.075759530592173038 0.014364510489148941 0.026045875823082772 -0.041079725910466283 0.013696768554624934 0.11690200122325048 -0.017905450402228303 -0.14552883226092361 0.054448380699989432 -0.057509867522947455 0.053999252148268964 -0.10382297866131336 -0.033677593269749471 -0.02936121139417075 -0.071648132808746837 0.076858667588477869 0.091018102072948193 0.24482341086342482 -0.052630858988623477 -0.030254991001305034 0.14010490599929312 0.10162139297781628 0.023961541866098258 0.0063983266679363583
leaf_weight=5.2364325450380411 9161.6887949920274 9.6542657678655797 8.6148021530825662 12.23791884582897 11.944017648173032 52.664716613799101 14.546378691717107 64.547799388412386 19.868351334473122 72.513373267560382 62.570320665126928 3.7486376871529496 18.28211976278908 1.7037359128007654 19.304222332881182 5.7078100708695265 45.952259454978048 2.8600749589968464 12.231818715576081 92.731817231215246 5.1179293527966356 11.387284360913325 14.715465218061583 1.2697783861076448 2.038883389832336 12.71660268751293 3.8216341929437467 3.4255064132412398 14.687915936810894 138.81163099445985
leaf_count=4613 499143 3231 1494 941 9392 1029 5148 2829 1754 36632 4313 232 10424 89 2718 6563 1774 207 451 7847 375 1754 397 40 606 2353 1645 2839 384 4147
internal_value=-0.000190493 0.00663421 0.00728238 0.0433502 0.00526652 0.00555338 0.0189662 0.00923685 -0.0236481 0.000392586 0.0061096 -0.00305547 -0.0153534 0.0280374 0.0192552 -0.0286021 0.0307623 0.00970358 0.0207809 -0.00563998 -0.00930125 0.0376795 0.027871 0.0909394 0.0571773 0.00664309 0.0428623 0.00217329 0.0575212 0.00362311
internal_weight=9906.6 744.914 739.677 33.8362 21.5983 705.841 196.123 143.458 37.2748 509.718 373.947 263.721 135.771 110.226 37.5863 98.1849 108.523 22.7284 106.183 256.663 236.661 20.0021 93.9512 7.0573 5.78752 25.6716 12.955 9.13332 29.4034 143.93
internal_count=615364 116221 111608 13564 12623 98044 12199 11170 7109 85845 22671 16495 63174 6176 13142 50032 6087 1961 4061 15617 12369 3248 3610 878 838 13400 11047 9402 781 4522
is_linear=0
shrinkage=0.1


Tree=117
num_leaves=31
num_cat=0
split_feature=3 4 1 1 20 1 1 3 0 20 0 12 1 4 1 0 3 20 20 20 7 1 3 1 4 7 4 0 20 11
split_gain=3.25771 3.4453 7.56052 6.74792 8.44431 6.138 4.97796 8.63764 4.73737 4.40312 4.63033 4.23982 4.32217 4.20753 5.88554 4.0737 5.18359 5.88718 4.77742 4.74678 3.86012 4.54391 3.58378 6.048 4.6832 3.65771 3.48377 3.91851 3.47875 3.43227
threshold=0.48320895522388069 0.19888059701492544 666.50000000000011 1791.5000000000002 0.97394144385072001 673.50000000000011 6608.5000000000009 0.44402985074626872 55.187617783717165 0.81404674505359609 86.46692445718601 1.0000000180025095e-35 10871.500000000002 0.12988184079601986 636.50000000000011 9.2574630221905441 0.0552860696517413 0.79101610049150872 0.63024275792341733 0.005256615060442873 10.500000000000002 4357.0000000000009 0.37873134328358216 2013.5000000000002 0.33829022988505753 2.5000000000000004 0.033582089552238813 5.7968099260894306 0.91565628707710289 1.0000000180025095e-35
decision_type=2 2 2 2 2 2 2 2 2 2 2 2 2 2 2 2 2 2 2 2 2 2 2 2 2 2 2 2 2 2
left_child=1 3 8 13 11 -4 20 9 -3 -8 -11 12 28 15 -15 18 17 -17 19 -1 21 22 23 25 -24 -7 -20 -28 -5 -2
right_child=29 2 5 4 -6 6 7 -9 -10 10 -12 -13 -14 14 -16 16 -18 -19 26 -21 -22 -23 24 -25 -26 -27 27 -29 -30 -31
leaf_value=0.070618389157210068 -0.00052488956740424952 -0.057922992598320212 0.091869280570281819 -0.0030560083518679005 0.038701330693047133 -0.0089139711715631783 0.036685143293010043 -0.11913680684218392 0.21877903563803042 -0.037250604839678639 0.017332401283718102 0.046201910121866155 -0.023032088440309524 -0.024909156683200508 0.11254648133572204 -0.092581366971581897 0.040849596167277062 0.14238904939566729 0.098417366014424856 -0.029761783295765745 0.11465777972464451 -0.093469926364017908 -0.028105966057140483 -0.072026094549178438 0.060417244515952179 0.17363322313235716 0.094521247355112678 -0.12195981443405156 0.040141044281068121 0.0092169644308360502
leaf_weight=5.4548281377574304 8788.1462028394017 27.268031098396026 7.5913744819445119 114.6275502398712 55.013903630664572 33.541107653885774 61.553327090878156 4.8270251577487207 0.63311189046362315 22.587121120333904 49.825031893677078 15.516929819248615 104.56427188395173 4.2177679438646036 11.914270038232642 5.6772632458159924 92.776131865233765 1.3128914609551428 7.2528370171785337 34.542112606999581 2.1390778128989032 7.9304038539557942 11.424462492846944 19.968820275662438 12.531703570057287 1.1347718747638271 1.5204563428414988 1.8578115749987771 22.263952474342659 377.1796717139041
leaf_count=870 488164 31113 1114 7491 633 26821 3941 748 124 2062 1702 245 5484 3565 3586 723 4878 15 77 5630 517 1583 2295 8480 1352 914 18 78 506 10740
internal_value=0.000391793 0.00676734 -0.00242811 0.0118205 0.00314464 0.0034139 0.000461774 0.0122861 -0.0516443 0.0170215 0.000306627 -0.0044675 -0.00772373 0.0280746 0.0766083 0.0228687 0.0345928 -0.0484492 -0.000234682 -0.0160718 -0.0180464 -0.0213269 -0.0140481 -0.0281862 0.0182014 -0.00294009 0.0593487 -0.0245282 0.00396953 -0.000123984
internal_weight=9906.79 741.468 262.955 478.513 311.987 235.054 227.463 138.793 27.9011 133.965 72.4122 256.973 241.456 166.526 16.132 150.394 99.7663 6.99015 50.628 39.9969 88.6703 86.5313 78.6009 54.6447 23.9562 34.6759 10.6311 3.37827 136.892 9165.33
internal_count=615469 116565 82766 33799 14359 51529 50415 8453 31237 7705 3764 13726 13481 19440 7151 12289 5616 738 6673 6500 41962 41445 39862 36215 3647 27735 173 96 7997 498904
is_linear=0
shrinkage=0.1


Tree=118
num_leaves=31
num_cat=0
split_feature=3 5 4 4 17 0 20 1 20 0 20 0 3 4 4 16 0 3 0 1 1 3 4 1 20 0 1 1 4 20
split_gain=2.95914 3.50856 5.57262 9.80256 10.0213 6.63601 5.61464 7.35869 4.90144 5.80035 4.59493 3.74215 3.26513 3.29823 3.1476 4.04129 3.87203 5.67262 3.60796 4.1259 3.32055 3.05935 3.51801 2.98358 3.49228 2.67009 6.66158 9.2974 13.1652 5.55696
threshold=0.48320895522388069 1.5000000000000002 0.16417910447761203 0.15357587064676623 1.0000000180025095e-35 9.2574630221905441 0.72518565854827288 3873.5000000000005 0.88421228964015974 1.2396465114826449 0.63024275792341733 39.877151738390872 0.040702736318407963 0.12988184079601986 0.052238805970149259 1.0000000180025095e-35 3.1604465174469323 0.44402985074626872 93.267398501328245 3685.0000000000005 116.50000000000001 0.040702736318407963 0.13805970149253743 521.00000000000011 0.47590895973206648 97.128639846686283 27142.500000000004 13603.000000000002 0.18308457711442794 0.60877280091551167
decision_type=2 2 2 2 2 2 2 2 2 2 2 2 2 2 2 2 2 2 2 2 2 2 2 2 2 2 2 2 2 2
left_child=1 2 3 4 8 10 -4 -8 9 -1 23 -11 13 -7 18 16 17 21 19 -3 -19 22 -16 24 -6 -2 27 29 -29 -27
right_child=25 14 6 -5 5 12 7 -9 -10 11 -12 -13 -14 -15 15 -17 -18 20 -20 -21 -22 -23 -24 -25 -26 26 -28 28 -30 -31
leaf_value=0.086447349579605856 -0.00027177103900606403 0.044716987225861149 -0.060224780561450086 0.11938129628681877 -0.033823355683522092 -0.16382982560505463 0.056445937272369198 -0.035646463722653794 0.0053741872256306269 -0.041361018698604993 0.028851743950060772 0.00066602029296954622 0.047220322952075268 0.12724920333206083 0.19930720920244094 -0.075081399089512002 0.0066090228971542406 -0.10683076784219302 0.07954330265034848 -0.0080960935990352107 0.10323460069532944 -0.05249320046496482 -0.087284302961610591 -0.091954817729998917 0.14624819466511937 0.047250065814029622 0.011621732074201502 -0.12328836503110395 -0.01947968266884462 -0.012523889139343637
leaf_weight=4.4852232698467551 8755.113057535913 33.510868047364056 28.749001233649324 7.3041673068582886 6.9993843724587403 1.4161783178569738 13.823423510002611 23.304243001693976 103.71864409348927 76.127654099553183 14.866063834400846 29.356903372623492 72.106461442570435 0.53684341872576613 1.1770307293627418 5.682987593656434 245.45432558496032 0.8004069247544966 12.984140816144643 26.481897052144632 12.569708242313936 5.854557940387167 0.67335570563955105 7.9315371960110488 1.2728652381920254 16.841375811840408 113.7202698594192 18.268120085820556 36.881176732829772 203.30230752026546
leaf_count=461 485945 1542 27777 1094 2007 108 2870 3881 1987 9345 228 1444 2902 49 23 4943 43715 616 213 489 629 7719 1319 881 35 620 2582 612 990 8009
internal_value=-0.000140618 0.00595416 -0.000519679 0.00483907 0.00221489 0.0274916 -0.0270481 -0.0013585 -0.0102206 -0.0249289 -0.0112978 -0.0296647 0.0437647 -0.0838185 0.0133059 0.00836163 0.0101408 0.0512745 0.0317485 0.0214043 0.090659 -0.0170679 0.0950165 -0.0481327 -0.00611544 -0.000631971 -0.00873861 -0.0171492 -0.0538661 -0.00795108
internal_weight=9881.31 737.188 391.999 326.122 318.818 105.129 65.8767 37.1277 213.688 109.97 31.0699 105.485 74.0595 1.95302 345.189 272.212 266.529 21.0751 72.9769 59.9928 13.3701 7.70494 1.85039 16.2038 8.27225 9144.13 389.013 275.293 55.1493 220.144
internal_count=615035 116277 55069 20541 19447 6210 34528 6751 13237 11250 3151 10789 3059 157 61208 58964 54021 10306 2244 2031 1245 9061 1342 2923 2042 498758 12813 10231 1602 8629
is_linear=0
shrinkage=0.1


Tree=119
num_leaves=31
num_cat=0
split_feature=3 4 1 1 1 20 3 1 3 20 1 20 4 1 1 3 3 4 20 1 3 1 1 20 20 4 4 1 1 20
split_gain=3.58171 3.21468 5.36483 5.28579 4.88595 5.61431 4.25564 4.16181 10.3722 3.99842 3.53168 3.44912 3.47879 4.2899 3.36366 3.24456 4.15392 3.73614 3.56762 5.236 3.08314 6.60451 4.22503 4.0325 5.495 4.27076 3.11232 2.645 3.18191 3.72091
threshold=0.48320895522388069 0.19888059701492544 666.50000000000011 673.50000000000011 1791.5000000000002 0.72044748797222335 0.44402985074626872 5853.5000000000009 0.44402985074626872 0.84576245483440038 10871.500000000002 0.70614097360683437 0.12988184079601986 636.50000000000011 1212.0000000000002 0.22201492537313436 0.32649253731343292 0.020833333333333325 0.48082338527562068 549.00000000000011 0.37873134328358216 2013.5000000000002 1399.5000000000002 0.10362319948678402 0.081131237388976471 0.59060945273631849 0.33829022988505753 32675.000000000004 8612.5000000000018 0.78620839146698007
decision_type=2 2 2 2 2 2 2 2 2 2 2 2 2 2 2 2 2 2 2 2 2 2 2 2 2 2 2 2 2 2
left_child=1 4 -3 -4 11 -6 -7 20 9 27 -11 12 15 -14 -13 17 18 -1 19 -17 21 22 -5 24 -24 -25 -22 28 29 -9
right_child=-2 2 3 7 5 6 -8 8 -10 10 -12 14 13 -15 -16 16 -18 -19 -20 -21 26 -23 23 25 -26 -27 -28 -29 -30 -31
leaf_value=0.028702600358041192 -0.00040047718701678796 -0.045860488025351975 0.078668119313733118 -0.026737390382583815 -0.030732511923809054 0.0054043841905592549 0.048577820193139387 0.089638542701124369 -0.11179350592845663 0.037605740716608188 -0.015478539977614524 0.11339040327730616 -0.027710341806022051 0.089958995786246207 0.037116527313862821 -0.080747322488200726 0.006798252838675899 -0.021909306214535653 0.10458946872674256 0.065219895347319631 -0.026649224775834451 -0.072667448898905182 0.068783537936807998 -0.021595527307237017 0.73582071960366457 0.11118309309975581 0.045678025114056282 0.06955271151516472 0.016753672714046954 0.4879745104667646
leaf_weight=23.115066007710993 9133.8060515176257 25.310850710537125 8.7952984825387812 23.316778478700144 39.913715815826436 242.22465088195167 25.2073436928913 2.4954067456710614 6.6688345855509388 16.893970865639858 48.548982435342623 7.5011512435739851 4.1056818415745537 12.627040374034548 25.224074794765329 3.3622306287361452 32.338249953798368 39.525858361652354 10.712732643965863 9.1323852604546101 11.247380444037846 22.909549494313978 0.32847460728953493 5.6314155941381596 0.19791081590665272 4.2510543232237978 12.630734335696614 15.191922597325172 51.546064843081695 0.25882684616954055
leaf_count=1011 498579 31043 1132 22091 4879 8921 530 537 1276 842 2350 304 3619 3298 955 615 3351 4077 331 1887 2352 9500 301 3490 77 1648 1359 811 3588 34
internal_value=0.000138652 0.00687307 -0.00215468 0.00263601 0.0117429 0.00425236 0.00947378 -0.000374673 0.0099469 0.0159636 -0.00177494 0.0254754 0.0184112 0.0610867 0.0545997 0.0123693 0.0299647 -0.00323306 0.0622458 0.0259409 -0.0185279 -0.0312342 -0.00308897 0.0498856 0.319577 0.0355207 0.0116095 0.0326686 0.0223493 0.127072
internal_weight=9865.02 731.214 256.223 230.913 474.99 307.346 267.432 222.117 141.604 134.935 65.443 167.644 134.919 16.7327 32.7252 118.187 55.5456 62.6409 23.2073 12.4946 80.5133 56.6352 33.7256 10.4089 0.526385 9.88247 23.8781 69.4922 54.3003 2.75423
internal_count=614788 116209 82431 51388 33778 14330 9451 50256 9438 8162 3192 19448 18189 6917 1259 11272 6184 5088 2833 2502 40818 37107 27607 5516 378 5138 3711 4970 4159 571
is_linear=0
shrinkage=0.1


Tree=120
num_leaves=31
num_cat=0
split_feature=7 3 0 0 1 4 4 4 3 19 0 20 0 3 4 0 20 1 4 0 8 0 4 20 10 0 1 1 1 1
split_gain=2.42723 1.73097 3.22063 5.07401 3.86277 2.82056 2.37983 3.90999 2.74482 2.88448 5.74967 6.94324 5.11055 3.67448 3.46426 2.3216 2.98427 2.62933 5.46615 3.32315 2.30285 2.23949 1.85049 3.18058 11.3573 9.83043 9.55402 16.6041 27.3069 15.0901
threshold=11.500000000000002 0.06834577114427863 6.8638254622722243 8.4201711490531821 908.00000000000011 0.13777985074626864 0.68100124378109472 0.60827114427860707 0.24813432835820901 1.0000000180025095e-35 10.896377728113045 0.44573796689519296 41.425433686275902 0.16977611940298512 0.63591417910447767 106.70516706979716 0.60877280091551167 2553.5000000000005 0.059701492537313453 19.959839353732317 1.0000000180025095e-35 26.21940392294896 0.092475124378109411 0.1794445347237473 1.0000000180025095e-35 6.3839766238424192 345.00000000000006 706.50000000000011 701.00000000000011 305.50000000000006
decision_type=2 2 2 2 2 2 2 2 2 2 2 2 2 2 2 2 2 2 2 2 2 2 2 2 2 2 2 2 2 2
left_child=1 2 -1 5 -5 -4 7 22 9 10 11 -9 -12 -11 -13 16 -6 18 19 -18 -14 -20 -3 24 26 -25 29 28 -28 -24
right_child=-2 6 3 4 15 -7 -8 8 -10 13 12 14 20 -15 -16 -17 17 -19 21 -21 -22 -23 23 25 -26 -27 27 -29 -30 -31
leaf_value=0.055375128831038872 -0.049724073550292326 0.0027922837983967008 -0.18372554398182517 -0.1081009670514968 -0.052594308296439823 0.08859530230303031 -0.055802776622221897 -0.027552993017714213 0.17522594003517492 -0.089915575714015553 0.0010698838611151301 1.5747621996542878 0.027088730415998491 0.04326409432354246 0.59459198567928462 0.061298114042390217 0.035452556296217547 0.0030414367486345764 0.16393063892751567 -0.11666150575471933 0.36072576005742207 0.053222689846447679 -0.004568787030606862 -0.042472629959756793 0.033651251180841349 -0.0016946623145085071 0.010325803340313036 -0.0067007995062549029 0.083569328708359925 -0.069830200962417432
leaf_weight=15.361785746710664 9.8280596583572315 1731.7943551756507 2.0727909302368057 2.674554751469258 7.3159866810274243 0.46581520565450762 7.6731267488939912 0.1121082857171144 1.5548794806818467 2.7776931057414904 2.5285485043532394 0.06339464498887537 0.28855495422612853 8.1505306445033057 0.083622403551999014 9.1771643124520761 4.5155947268940491 43.187194359634304 3.9231006852460268 2.1059991028159857 0.73089751903899014 3.4202359089467791 888.22500619476705 59.760001925780671 109.6429581399716 5505.0321024120003 750.81657215416999 598.34191689742329 54.603778019867605 36.902547865152883
leaf_count=4064 1403 88906 142 2140 4636 405 2628 323 250 1399 1603 32 65 1438 53 345 188 3200 837 161 72 991 91999 14494 2872 274656 55979 53134 982 5957
internal_value=-5.27946e-05 -3.25058e-06 0.0134859 0.00532585 0.00995211 -0.133757 -0.000133484 -8.96789e-05 0.0488613 0.0355273 0.110487 0.565224 0.077276 0.00941301 1.01725 0.0142394 0.00754052 0.0152383 0.0529577 -0.0129273 0.26629 0.112367 -0.000171591 -0.000812927 0.00219854 -0.00213257 0.000717764 0.0059174 0.0152914 -0.00717201
internal_weight=9863.13 9853.3 94.2202 78.8584 76.3198 2.53861 9759.08 9751.41 16.2902 14.7354 3.80713 0.259125 3.548 10.9282 0.147017 73.6453 64.4681 57.1521 13.9649 6.62159 1.01945 7.34334 9735.12 8003.32 2438.53 5564.79 2328.89 1403.76 805.42 925.128
internal_count=615354 613951 17109 13045 12498 547 596842 594214 5235 4985 2148 408 1740 2837 85 10358 10013 5377 2177 349 137 1828 588979 500073 210923 289150 208051 110095 56961 97956
is_linear=0
shrinkage=0.1


Tree=121
num_leaves=31
num_cat=0
split_feature=2 2 2 19 8 2 0 16 8 13 16 4 7 2 19 2 2 2 17 0 2 18 4 4 2 2 19 0 3 4
split_gain=2.51616 15.0439 11.3769 8.72104 8.59005 8.41182 7.4256 6.60685 6.38611 6.43827 5.94942 5.86976 6.05546 5.17022 22.7244 19.5625 19.1325 31.5736 9.83222 6.38861 7.23192 7.74488 6.3592 5.21836 5.1498 10.8705 9.66205 19.3794 6.89775 6.95052
threshold=5.9441099918666387 5.9648630413710704 5.8930235230453123 1.0000000180025095e-35 1.0000000180025095e-35 5.8464345984891102 11.377212369845063 1.0000000180025095e-35 1.0000000180025095e-35 1.0000000180025095e-35 1.0000000180025095e-35 0.25394900497512446 1.7500000000000002 6.1643663291330322 1.0000000180025095e-35 6.2275238364393255 6.1257715097874668 6.1081352352533109 1.0000000180025095e-35 4.0197801389944017 6.21360308905476 1.0000000180025095e-35 0.49023631840796028 0.13275862068965522 6.2832004539834054 6.3758758838633627 1.0000000180025095e-35 14.156343067793001 0.35261194029850756 0.37593283582089559
decision_type=2 2 2 2 2 2 2 2 2 2 2 2 2 2 2 2 2 2 2 2 2 2 2 2 2 2 2 2 2 2
left_child=2 4 5 6 -2 -1 7 -4 9 -7 -8 12 -5 14 18 19 17 23 -3 20 22 -22 -15 -16 26 28 27 -17 -26 -30
right_child=1 13 3 11 -6 8 10 -9 -10 -11 -12 -13 -14 15 16 24 -18 -19 -20 -21 21 -23 -24 -25 25 -27 -28 -29 29 -31
leaf_value=-0.0027066807221803441 -0.046155081309890933 0.0090667495582105809 -0.11128572514078601 -0.084084292776133829 0.081599441143333173 -0.087790445638733769 -0.034264405657841703 -0.023342582836351294 0.03490668210872435 0.0075215863633302411 0.076659183573926371 0.060578366947196843 0.048987198435635232 -0.065686567756910272 0.032874451901027925 -0.049344014465740542 -0.086870497879956862 0.13352518160406798 -0.032890352879827792 -0.073829236048641958 0.19888776455520873 -0.047120290108776386 0.38955678548732892 -0.058045605290732855 0.087491137108146377 0.00066905449361204662 0.070828177989787175 0.036825720496334417 -0.062909274162897502 0.062715050935548425
leaf_weight=2002.3716557434291 6.218335785677481 294.0360758206225 24.823502803570591 8.3739451334404311 34.262275843888347 8.3261327328364114 52.07468336068996 13.024931370746343 108.87217657276778 47.627973397320602 5.3302744161337605 14.634878358978311 5.7799271102994672 9.1843864487309439 13.962622333638139 40.394609328388469 7.7492369433020931 40.974485314800404 68.949111148092925 47.035978577536298 3.0513693540124214 2.2041146171977744 0.31744777070707719 11.521893966459173 3.8047670330488463 6855.4619249391872 29.160727415714064 73.750616515419097 49.682660977236083 4.83262568610371
leaf_count=176569 1232 10204 4135 1008 1355 1489 3790 267 3216 2128 42 613 84 2460 949 6238 1248 430 11289 7121 170 460 90 3473 3165 351372 1719 3275 13169 2157
internal_value=0.000299596 0.00117568 -0.00260504 -0.0320588 0.0619747 -0.00091922 -0.0466359 -0.0810215 0.0207955 -0.00666112 -0.0239647 0.0161724 -0.0297427 0.000849958 0.0114054 0.000201716 0.0618282 0.0791668 0.00109699 -0.0558189 0.00158529 0.0957136 -0.0504773 -0.00823173 0.000692244 0.000303327 0.0194555 0.0063313 -0.0426875 -0.051773
internal_weight=9887.8 7596.56 2291.24 124.042 40.4806 2167.2 95.2534 37.8484 164.826 55.9541 57.405 28.7888 14.1539 7556.07 437.193 7118.88 74.2082 66.459 362.985 61.7933 14.7573 5.25548 9.50183 25.4845 7057.09 6913.78 143.306 114.145 58.3201 54.5153
internal_count=614917 421576 193341 9939 2587 183402 8234 4402 6833 3617 3832 1705 1092 418989 27593 391396 6100 4852 21493 10301 3180 630 2550 4422 381095 369863 11232 9513 18491 15326
is_linear=0
shrinkage=0.1


Tree=122
num_leaves=31
num_cat=0
split_feature=3 1 9 1 13 1 20 0 1 6 5 1 1 1 1 1 1 8 20 1 1 20 1 8 0 16 19 13 1 1
split_gain=2.92084 2.86423 14.678 11.444 15.1896 10.7718 10.5929 9.10048 9.01804 7.95534 8.82377 8.39776 7.44103 15.4357 17.2851 22.0052 17.063 16.392 14.9833 15.5945 12.5139 10.3401 11.7239 43.8604 10.7318 10.28 9.40449 47.7366 45.6252 21.696
threshold=0.48320895522388069 823.50000000000011 1.0000000180025095e-35 812.50000000000011 1.0000000180025095e-35 859.50000000000011 0.68161890165561989 1.868789414427005 732.50000000000011 1.0000000180025095e-35 2.5000000000000004 173.50000000000003 725.50000000000011 701.00000000000011 643.50000000000011 626.50000000000011 534.50000000000011 1.0000000180025095e-35 0.30258554447136893 706.50000000000011 656.50000000000011 0.02504608084661292 636.50000000000011 1.0000000180025095e-35 7.8815565222890962 1.0000000180025095e-35 1.0000000180025095e-35 1.0000000180025095e-35 407.50000000000006 456.50000000000006
decision_type=2 2 2 2 2 2 2 2 2 2 2 2 2 2 2 2 2 2 2 2 2 2 2 2 2 2 2 2 2 2
left_child=-1 2 3 6 7 -3 9 -5 -8 12 11 -11 13 14 15 16 26 20 19 -15 -16 -17 -23 -24 -25 -22 -2 28 -28 -30
right_child=1 5 -4 4 -6 -7 8 -9 -10 10 -12 -13 -14 18 17 21 -18 -19 -20 -21 25 22 23 24 -26 -27 27 -29 29 -31
leaf_value=0.0055221452518556223 -0.0025586809739845833 -0.040161843188784928 -0.03442556493136132 -0.087583907096724603 -0.059163622605410575 -0.0019770862372662039 0.011697743626543751 0.10810737784824542 0.06899317020584031 -0.047747325949620487 0.062750520861822104 0.019777863582297519 -0.019125276983816979 0.085456135182735357 -0.070437249913860009 -0.057669294323860303 -0.043668024417544977 -0.10024916397288475 -0.034290528750295167 0.00077252611608456855 0.040468983447396627 0.10660735390596875 -0.094872641129602683 -0.078361516843170137 0.1151571048671059 -0.13318787438773391 -0.013144789851257874 0.079323252210689935 0.1121574383009695 -0.019447213137876437
leaf_weight=735.3331500226559 2112.6114011592254 74.924308508983813 112.77985956256452 2.6062771147117045 8.7481303943786752 5282.714049944836 85.485056623758283 26.944182016421109 40.478864393197 21.801450757295243 39.584878772759112 118.65904011740349 202.14703071444819 59.12289741798304 23.058120353671256 8.3373997237067652 90.470833389794279 32.618549674516544 23.981915665615816 34.396994504757458 33.985190498322481 32.125523603986949 18.315680800704286 3.1598546882159999 30.781689236173406 3.7889226581901303 404.27723799204978 88.681665067619178 47.470281213667477 17.017316658442724
leaf_count=116205 158590 5657 13705 47 1372 210875 3116 469 1566 2452 1417 8287 16425 688 2580 565 17814 3214 2972 1154 4193 402 908 162 448 278 32887 2769 996 2756
internal_value=-0.000539689 -0.00103054 0.00109981 0.00220945 0.0565824 -0.00251108 0.00162653 0.0908479 0.0301098 0.00058548 0.0210493 0.009297 -0.000542514 0.000683401 -0.00073389 0.000652194 -0.000957279 -0.043054 0.0362261 0.0543092 -0.0123856 0.0485705 0.0590675 0.029842 0.0971411 0.0230504 0.000489909 0.0120435 -0.000684637 0.0774289
internal_weight=9816.41 9081.07 3723.44 3610.66 38.2986 5357.64 3572.36 29.5505 125.964 3446.39 180.045 140.46 3266.35 3064.2 2946.7 2853.25 2760.53 93.4508 117.502 93.5199 60.8322 92.7201 84.3827 52.2572 33.9415 37.7741 2670.06 557.447 468.765 64.4876
internal_count=614969 498764 282232 268527 1888 216532 266639 516 4682 261957 12156 10739 249801 233376 228562 218297 215812 10265 4814 1842 7051 2485 1920 1518 610 4471 197998 39408 36639 3752
is_linear=0
shrinkage=0.1


Tree=123
num_leaves=31
num_cat=0
split_feature=3 0 5 17 13 3 20 7 0 2 2 13 18 2 19 2 0 20 18 2 2 2 10 20 2 20 2 2 20 4
split_gain=2.97375 4.30447 4.65869 5.79595 5.84179 4.43077 3.28522 2.64944 2.68466 4.20805 8.24581 8.25038 21.8377 7.85536 20.3415 8.4648 7.21569 8.11062 6.22247 5.9272 5.51986 11.2637 6.90753 5.87019 5.17547 14.7236 18.2987 5.5992 6.59519 4.84396
threshold=0.56156716417910457 15.310911954832546 2.5000000000000004 1.0000000180025095e-35 1.0000000180025095e-35 0.58768656716417922 0.59178459903652192 7.5000000000000009 0.45991844307822 4.2121001622835372 4.816232960488728 1.0000000180025095e-35 1.0000000180025095e-35 4.1026092131977068 1.0000000180025095e-35 4.0163424379838117 4.0197801389944017 0.21313734932922487 1.0000000180025095e-35 4.4005842009683471 4.7229433450037179 4.6200466650627661 1.0000000180025095e-35 0.029428922624601138 4.8481086751891054 0.25113437415743511 4.8322978221268906 4.8322978221268906 0.38257219252409552 0.20677860696517419
decision_type=2 2 2 2 2 2 2 2 2 2 2 2 2 2 2 2 2 2 2 2 2 2 2 2 2 2 2 2 2 2
left_child=7 2 5 4 -4 -2 -7 8 -1 13 11 18 19 15 -15 16 29 -18 -11 -13 21 22 -20 -22 25 26 -12 -27 -29 -10
right_child=1 -3 3 -5 -6 6 -8 -9 9 10 24 12 -14 14 -16 -17 17 -19 20 -21 23 -23 -24 -25 -26 27 -28 28 -30 -31
leaf_value=-0.019560221109197112 -0.080848255236174491 0.024914734043337137 0.0074548564023781076 -0.05608241237980769 0.054132481763132179 -0.0090856740063915732 0.18121551713813122 -0.018510208567786644 -0.030084798231033317 -0.056326132271946938 0.02982697085188012 0.20117414773813744 -0.062456473689269092 0.086374180060724837 -0.11045599424922228 -0.06417148497092777 0.042426815595531062 -0.11745920220266395 -0.10723417666946074 0.034044513530694175 -0.11447659718048067 0.059861448939313236 0.042472331172191201 0.03328310610291383 -0.0010032333786830724 0.012288478113027496 -0.10203146038060942 0.03510556904006349 0.10675161200225472 0.010204018012960028
leaf_weight=76.032003957639972 8.873079217541088 107.16289265899104 127.367048144195 11.53901037268224 33.961066967458464 121.20841104742067 0.91399407264543597 85.696983988309512 45.839766214778138 65.621004404114501 22.29358961086109 6.2266893844644073 11.144472195912385 31.75876073280233 6.2904565889984942 16.537959432076605 70.449916417011991 3.3223543743224573 9.2238047154387441 3.2189817670805496 8.2155751498066802 20.204539525206201 4.6287056198343626 3.9966590935364357 8682.3781084357888 49.356250732496846 19.936299051318201 40.398710890876828 18.839997064787894 85.510966510608341
leaf_count=14455 2040 4017 5344 862 994 10685 66 5203 7438 16949 2202 331 1484 1879 622 2401 3170 286 1355 865 649 929 65 76 519159 772 1505 954 122 8739
internal_value=-0.000643052 0.00768248 0.0016052 0.0123839 0.0172809 -0.0126188 -0.00766141 -0.00100759 -0.000846337 -0.000692105 -0.0010556 -0.0258189 0.032355 0.0118565 0.0538334 0.00465095 0.0101997 0.0352263 -0.0365241 0.144218 -0.00843998 0.0122429 -0.0572109 -0.0661197 -0.000684202 0.0176811 -0.032422 0.037165 0.0578915 -0.00385628
internal_weight=9798.15 411.026 303.863 172.867 161.328 130.995 122.122 9387.12 9301.43 9225.39 8965.68 132.48 20.5901 259.71 38.0492 221.661 205.123 73.7723 111.89 9.44567 46.2693 34.057 13.8525 12.2122 8833.2 150.825 42.2299 108.595 59.2387 131.351
internal_count=615618 24008 19991 7200 6338 12791 10751 591610 586407 571952 547417 22703 2680 24535 2501 22034 19633 3456 20023 1196 3074 2349 1420 725 524714 5555 3707 1848 1076 16177
is_linear=0
shrinkage=0.1


Tree=124
num_leaves=31
num_cat=0
split_feature=1 1 1 13 18 0 10 4 17 1 4 1 4 19 1 1 13 4 17 13 1 19 1 1 0 20 1 1 1 20
split_gain=2.28185 17.9122 13.8233 11.7952 9.67779 12.9075 10.5647 9.43025 8.73496 7.74474 19.0734 14.1681 20.2905 8.71314 8.12389 23.8314 12.0308 15.4352 8.186 7.98833 27.1248 36.2986 27.398 17.3519 16.4162 15.0804 18.0687 15.4545 17.5628 13.0292
threshold=1760.5000000000002 1723.5000000000002 1642.5000000000002 1.0000000180025095e-35 1.0000000180025095e-35 27.346718565991921 1.0000000180025095e-35 0.43703358208955234 1.0000000180025095e-35 1631.0000000000002 0.27447318007662841 1586.5000000000002 0.24626865671641801 1.0000000180025095e-35 1518.0000000000002 1462.5000000000002 1.0000000180025095e-35 0.36228448275862074 1.0000000180025095e-35 1.0000000180025095e-35 1160.0000000000002 1.0000000180025095e-35 1176.0000000000002 1229.0000000000002 13.963227995120759 0.02504608084661292 72.500000000000014 1102.0000000000002 1027.0000000000002 0.17271391033593617
decision_type=2 2 2 2 2 2 2 2 2 2 2 2 2 2 2 2 2 2 2 2 2 2 2 2 2 2 2 2 2 2
left_child=1 2 9 4 6 -6 7 8 -3 11 -11 14 13 -13 15 19 17 -16 -17 -1 21 25 -22 -24 -25 -21 -27 28 29 -28
right_child=-2 3 -4 -5 5 -7 -8 -9 -10 10 -12 12 -14 -15 16 18 -18 -19 -20 20 22 -23 23 24 -26 26 27 -29 -30 -31
leaf_value=-0.00030153882207496302 -0.001216270792309009 0.018167211995940676 -0.035758327161687413 -0.083634285874581049 -0.049809163014840313 0.097541561135531862 0.072580266164296928 0.096698287180993603 -0.074385118450587054 0.054370345688006833 -0.088492165227638503 -0.15402511421262652 0.0090007219571726551 0.081688461958027758 0.070611575384507477 -0.041109083502537488 -0.023250931772546612 -0.084898155015480967 -0.12828588918716635 -0.036476459053918601 0.14748561327036513 0.050484897296017808 -0.025855987983590813 -0.03140535108416697 0.061564929615439537 0.18486575091036439 0.011786361575099928 -0.055643922456526287 0.044184967460365411 -0.018827806632165656
leaf_weight=3960.737578436554 4203.7232542425645 22.070969997228531 100.5511214681319 7.5462484371382734 6.8439870702568433 45.247513975016773 26.772313254827168 7.5969179158782927 18.954978533554822 64.142705218997435 10.939019953642854 17.352265282883312 21.473914959777176 1.7240239578168246 59.506152814661618 42.019206472861697 28.974344186950475 7.1494179701694511 14.48430242622271 133.54315966739523 22.020437764702365 133.49901143488387 43.346750212949701 22.654011141217779 117.51209768932313 5.2585698995972043 274.775450435518 48.494660568598192 88.817534381174482 281.37620563748351
leaf_count=332873 149853 1365 8670 379 278 380 777 470 393 1128 1140 793 1277 442 1520 3800 2974 323 677 16932 424 5901 2556 3112 4194 445 22803 5650 2340 41747
internal_value=0.000546966 0.00186226 0.000978897 0.0378444 0.0450351 0.078182 0.0221334 -0.00564326 -0.0245942 0.00166299 0.033556 0.00121328 -0.057671 -0.132722 0.00166515 0.00113284 0.0305466 0.0539317 -0.0634563 0.00184396 0.00909896 0.00207867 0.0420861 0.0294388 0.0465388 -0.0056859 0.000198938 -0.0012014 0.00289209 -0.0037024
internal_weight=9839.11 5635.38 5500.35 135.033 127.487 52.0915 75.3952 48.6229 41.0259 5399.8 75.0817 5324.72 40.5502 19.0763 5284.17 5188.54 95.6299 66.6556 56.5035 5132.04 1171.3 965.765 205.533 183.513 140.166 832.266 698.722 693.464 644.969 556.152
internal_count=615616 465763 461721 4042 3663 658 3005 2228 1758 453051 2268 450783 2512 1235 448271 443454 4817 1843 4477 438977 106104 95818 10286 9862 7306 89917 72985 72540 66890 64550
is_linear=0
shrinkage=0.1


Tree=125
num_leaves=31
num_cat=0
split_feature=3 12 4 5 8 4 4 20 1 1 1 4 20 18 13 13 1 1 20 1 8 18 1 20 1 3 1 8 1 1
split_gain=3.3449 2.99762 9.82562 4.56612 3.27998 2.62492 2.56107 2.55604 7.45676 18.542 6.77725 8.60368 10.4474 12.0035 16.9266 10.5904 10.3069 9.80761 8.19851 7.15071 6.39682 6.71891 6.00468 10.5408 5.77409 5.13262 5.71558 6.73926 6.30259 6.20411
threshold=0.48320895522388069 1.0000000180025095e-35 0.23025497512437809 2.5000000000000004 1.0000000180025095e-35 0.13275862068965522 0.07885536398467434 0.0087427913135088957 180.50000000000003 177.00000000000003 139.50000000000003 0.22235696517412934 0.30258554447136893 1.0000000180025095e-35 1.0000000180025095e-35 1.0000000180025095e-35 47.500000000000007 36.500000000000007 0.45582702430331995 80.500000000000014 1.0000000180025095e-35 1.0000000180025095e-35 263.50000000000006 0.41576978188243507 54.500000000000007 0.53544776119402993 223.00000000000003 1.0000000180025095e-35 187.50000000000003 252.50000000000003
decision_type=2 2 2 2 2 2 2 2 2 2 2 2 2 2 2 2 2 2 2 2 2 2 2 2 2 2 2 2 2 2
left_child=1 3 5 -1 6 -3 -5 -2 9 10 11 -9 13 15 16 17 -15 -13 20 -17 21 -12 23 -10 -18 26 27 -25 -29 -28
right_child=7 2 -4 4 -6 -7 -8 8 22 -11 18 12 -14 14 -16 19 24 -19 -20 -21 -22 -23 -24 25 -26 -27 29 28 -30 -31
leaf_value=0.00063546604916380096 -0.0061519426620596524 0.034796570618252746 -0.075163680105542419 0.047189780958349123 0.055566414987642011 0.096289590717122397 0.0081481218363999384 -0.00073322401335309704 -0.024105786946345097 0.066683002539216704 0.0092115930676645221 0.029719210067241677 0.055170494832408705 -0.073785190931560843 -0.093049439379771504 0.16770742641882722 0.12401911268338506 -0.039051218640150077 0.046727631834245491 -0.014131540637070472 -0.041667569015166023 -0.091280629061658514 9.4345626952901465e-05 -0.063183338965517519 0.052745848901877813 -0.074654621586350042 -0.035214649309061624 -0.13050486330156807 0.02802364933857332 0.026112971755023293
leaf_weight=536.80405496129424 661.70807815385706 41.520375400286866 7.8686113421244945 19.857943621347658 22.455605083403498 8.335225478767823 109.18727816423416 303.97709997400307 280.92673136074882 52.999915560736554 70.305840241002443 29.170092784348526 76.217658366658725 5.4223867806140325 8.2842655546264705 5.3471407983452064 14.994160545757039 71.73717780316656 20.844834184390493 3.6311912598903291 72.063479799573543 7.3486765370471394 7108.2632061053955 9.2568514641025086 46.982497999328189 7.8300063941860563 49.532674974092515 2.5563009495381257 132.35864128312096 24.731888303533196
leaf_count=75911 65856 2026 9475 702 4352 1695 22107 23698 26844 1313 4421 2062 877 180 676 435 74 9483 650 804 6591 957 345999 827 763 324 2716 78 2049 741
internal_value=0.000361709 0.00679811 0.0286869 0.00496243 0.0202939 0.0450774 0.014156 -0.000167906 0.000303217 0.00955513 0.00544313 0.0107108 0.0239991 0.0111963 0.0418422 -0.00991095 0.0584222 -0.0191712 -0.0120298 0.0941646 -0.0202105 -0.000298283 -0.000655725 -0.0111679 0.0699892 0.00489549 0.00774702 0.0193567 0.0250199 -0.0147911
internal_weight=9812.52 746.029 57.7242 688.305 151.501 49.8556 129.045 9066.49 8404.78 789.326 736.327 565.764 261.787 185.569 75.6833 109.886 67.399 100.907 170.563 8.97833 149.718 77.6545 7615.46 507.193 61.9767 226.266 218.436 144.172 134.915 74.2646
internal_count=614686 116268 13196 103072 27161 3721 22809 498418 432562 52984 51671 39052 15354 14477 1693 12784 1017 11545 12619 1239 11969 5378 379578 33579 837 6735 6411 2954 2127 3457
is_linear=0
shrinkage=0.1


Tree=126
num_leaves=31
num_cat=0
split_feature=1 1 20 1 20 1 1 16 4 4 1 8 10 1 7 1 8 4 1 18 13 8 7 3 1 1 16 8 19 8
split_gain=2.67467 14.947 9.43102 8.89719 13.0154 11.0419 8.89567 8.7589 9.02781 7.57757 7.03807 8.28896 6.81131 6.40331 6.28804 6.1484 7.73614 6.41603 5.39336 7.0032 13.7607 10.6999 5.48963 5.13445 4.93894 10.6153 7.8187 7.39696 5.97946 19.2236
threshold=180.50000000000003 177.00000000000003 0.25883876944650791 263.50000000000006 0.30898398004262401 187.50000000000003 80.500000000000014 1.0000000180025095e-35 0.22630597014925377 0.2953047263681593 137.50000000000003 1.0000000180025095e-35 1.0000000180025095e-35 173.50000000000003 1.7500000000000002 187.50000000000003 1.0000000180025095e-35 0.23025497512437809 47.500000000000007 1.0000000180025095e-35 1.0000000180025095e-35 1.0000000180025095e-35 1.7500000000000002 0.56156716417910457 274.50000000000006 289.50000000000006 1.0000000180025095e-35 1.0000000180025095e-35 1.0000000180025095e-35 1.0000000180025095e-35
decision_type=2 2 2 2 2 2 2 2 2 2 2 2 2 2 2 2 2 2 2 2 2 2 2 2 2 2 2 2 2 2
left_child=1 2 6 4 14 -6 9 23 -9 -1 -4 12 -12 -13 15 -2 17 -17 22 20 -20 -21 -11 -8 26 27 28 -26 29 -5
right_child=3 -3 10 24 5 -7 7 8 -10 18 11 13 -14 -15 -16 16 -18 -19 19 21 -22 -23 -24 -25 25 -27 -28 -29 -30 -31
leaf_value=8.3646871278305896e-05 -0.00079263980490453878 0.052965362697551338 0.030518085628361714 -0.10144870807028744 -0.087958625050168146 0.0019418664512395496 -0.026751571090924083 0.048838618193120048 -0.025926660981799295 -0.0060055366986130039 0.11653053871058297 -0.059940031962977008 -0.058723305732058008 0.0051067739230889614 0.044862690427065886 -0.0076753196305388797 -0.073102191271081834 -0.070564514098187689 -0.054522624316311566 -0.10576565327801893 0.13827936447962419 0.11430256346529116 0.092160153343457563 0.006014056257875996 -0.0058172869806661313 0.00044230097958140028 0.097569797371836034 -0.097616519048488337 0.055767481440015781 0.037622860806063502
leaf_weight=324.44727013914235 34.951999314034765 60.962812186637166 169.33969063887707 14.969366423320023 14.224247186226419 345.71153189140023 265.18545025806998 40.236635009292513 26.979544335976243 37.14977763989009 8.6174012928677239 24.958997050329344 2.9861370374856042 38.445544556961977 9.5632907431572658 54.702565519844939 64.833220167340187 23.061351349064353 11.204073667471677 2.4491559751331833 5.528456890868255 22.565465508960187 6.7284749585669479 58.348029041349946 16.531709663027868 7992.7848168305227 12.613513224758206 18.713731040221319 20.859023958117177 29.579669289145386
leaf_count=34898 2841 2606 3702 1291 1241 15063 38202 1030 743 3595 928 4051 546 1628 277 7522 10791 4455 3078 270 223 203 63 4512 4265 459727 200 3146 1683 1638
internal_value=0.00020306 0.00483336 0.00202591 -0.000388836 -0.0127322 -0.0016109 -0.00322122 -0.0140182 0.018829 0.007067 0.0192228 -0.00627767 0.0714295 -0.0204987 -0.0341254 -0.03838 -0.047593 -0.0263255 0.0335279 0.0592579 0.00917948 0.0927559 0.0090476 -0.0208424 0.000444172 0.000200831 0.0254827 -0.0545585 0.0115812 -0.00910797
internal_weight=9759.23 1106.13 1045.17 8653.1 547.048 359.936 800.822 390.75 67.2162 410.073 244.348 75.0081 11.6035 63.4045 187.112 177.549 142.597 77.7639 85.6254 41.7472 16.7325 25.0146 43.8783 323.533 8106.05 8028.03 78.0216 35.2454 65.4081 44.549
internal_count=614418 100278 97672 514140 42190 16304 86817 44487 1773 42330 10855 7153 1474 5679 25886 25609 22768 11977 7432 3774 3301 473 3658 42714 471950 467138 4812 7411 4612 2929
is_linear=0
shrinkage=0.1


Tree=127
num_leaves=31
num_cat=0
split_feature=15 4 1 0 0 0 6 10 19 18 1 4 7 1 1 1 4 1 0 1 1 1 1 0 4 19 0 0 1 1
split_gain=2.59203 14.1725 9.87025 4.31371 2.99185 2.55861 2.25138 11.7974 7.00958 5.92006 7.35913 5.25108 6.07476 9.1685 5.68731 5.39256 10.9821 10.7998 8.9852 5.12726 7.39744 5.94411 6.25215 5.83608 7.39293 4.88697 6.29547 4.54377 4.92433 4.52333
threshold=1.0000000180025095e-35 0.40939054726368168 940.50000000000011 0.68944780498555891 11.212210140899963 4.5500001807651058 1.0000000180025095e-35 1.0000000180025095e-35 1.0000000180025095e-35 1.0000000180025095e-35 174508.00000000003 0.39412134728655579 1.7500000000000002 17959.000000000004 177.00000000000003 5853.5000000000009 0.42815377137302008 33892.500000000007 13.963227995120759 196.50000000000003 388.50000000000006 636.50000000000011 1160.0000000000002 1.9899391896937053 0.21072761194029857 1.0000000180025095e-35 80.751941821112823 21.253261803700934 608.00000000000011 448.50000000000006
decision_type=2 2 2 2 2 2 2 2 2 2 2 2 2 2 2 2 2 2 2 2 2 2 2 2 2 2 2 2 2 2
left_child=6 2 3 -2 5 -3 7 -1 11 10 25 12 13 14 -8 -13 17 -17 -18 23 -21 27 -23 24 -16 -9 -27 28 29 -22
right_child=1 4 -4 -5 -6 -7 8 9 -10 -11 -12 15 -14 -15 19 16 18 -19 -20 20 21 22 -24 -25 -26 26 -28 -29 -30 -31
leaf_value=4.8634838958326566e-05 -0.11458247805287199 0.18881194905696125 -0.064202164986014706 0.043159925921773881 0.19869047428411571 -0.046232055319799722 -0.035464165555329462 -0.051908290772698797 -0.0022885101366420541 2.8931955366482751e-05 0.032390267913093997 0.0050082552316543256 0.033564512968426385 -0.12268718345232901 0.064064591082070424 -0.2437229334704526 -0.12506976464116226 0.092335764223227312 0.043687466485360385 -0.042431452525465499 0.074870631220612313 -0.025833965947098664 0.014007048900753636 0.10143931535535229 -0.075801206299978552 0.040773655009645339 -0.050993221428892836 0.099558872370403131 0.12065221349197826 -0.004015953101416312
leaf_weight=7917.895203481361 1.9454992292448903 0.74061119533143838 37.851206645893399 15.918278583791105 3.159217941109091 1.2361437089275567 25.558988247430534 106.07116725431842 872.99991496053917 73.711283713812009 14.809957948746158 37.260577560271486 126.95312636171002 5.2338704181602216 10.279495189199229 4.6486096079461303 4.7063139583915463 1.2039427729323504 9.5717696417123062 25.121525024580478 9.835502335597992 45.624385768729553 288.17896412033588 13.590072073537156 5.9762476950418195 14.621259779552931 15.297122161369769 11.649137001164489 5.1693220044253385 27.851187773878337
leaf_count=517267 381 26 3137 259 146 110 2917 6753 55802 1958 308 3014 1748 50 167 238 248 22 156 3409 484 3547 8602 200 91 1051 679 308 107 1936
internal_value=-6.01425e-05 -0.0206344 -0.0352871 0.0259806 0.138317 0.0418296 6.92754e-05 -0.000592324 0.00358695 -0.0231972 -0.0345503 0.0113773 0.014137 0.00893435 0.0104037 -0.0175227 -0.059226 -0.174591 -0.011938 0.0130484 0.0101588 0.0135611 0.00856156 0.0530765 0.0126444 -0.0418404 -0.0061463 0.0441794 0.0291262 0.0165719
internal_weight=9734.67 60.851 55.715 17.8638 5.13597 1.97675 9673.82 8142.41 1531.41 224.511 150.8 658.413 601.022 474.069 468.835 57.3912 20.1306 5.85255 14.2781 443.276 413.43 388.308 333.803 29.8458 16.2557 135.99 29.9184 54.5051 42.856 37.6867
internal_count=615121 4059 3777 640 282 136 611062 528016 83046 10749 8791 27244 23566 21818 21768 3678 664 260 404 18851 18393 14984 12149 458 258 8483 1730 2835 2527 2420
is_linear=0
shrinkage=0.1


Tree=128
num_leaves=31
num_cat=0
split_feature=1 1 1 20 1 1 16 12 1 3 4 1 1 20 1 1 4 1 16 4 1 1 4 1 13 3 17 19 19 1
split_gain=2.96932 12.6577 5.52159 9.37018 8.45837 10.6593 6.09082 5.48062 5.26586 7.98415 5.42192 5.24484 11.9175 5.12565 5.35222 5.87151 7.43418 5.0778 5.71123 7.91055 5.01739 4.99939 6.66625 4.86521 6.59345 9.27011 10.2432 10.0706 7.02418 10.3227
threshold=180.50000000000003 177.00000000000003 263.50000000000006 0.42092244653067268 274.50000000000006 292.50000000000006 1.0000000180025095e-35 1.0000000180025095e-35 223.00000000000003 0.53544776119402993 0.37334877337450689 252.50000000000003 237.50000000000003 0.30898398004262401 51.500000000000007 137.50000000000003 0.24253731343283591 80.500000000000014 1.0000000180025095e-35 0.22630597014925377 158.50000000000003 235.50000000000003 0.089552238805970186 59.500000000000007 1.0000000180025095e-35 0.69216417910447781 1.0000000180025095e-35 1.0000000180025095e-35 1.0000000180025095e-35 66.500000000000014
decision_type=2 2 2 2 2 2 2 2 2 2 2 2 2 2 2 2 2 2 2 2 2 2 2 2 2 2 2 2 2 2
left_child=1 13 3 -2 6 -6 -4 8 9 -5 11 12 21 17 -15 16 -16 23 -19 -20 -21 22 -10 -1 28 26 27 -26 29 -25
right_child=2 -3 4 7 5 -7 -8 -9 10 -11 -12 -13 -14 14 15 -17 -18 18 19 20 -22 -23 -24 24 25 -27 -28 -29 -30 -31
leaf_value=0.00065798267752815239 -0.021054331409520583 0.048761959566169077 0.020809372624104441 0.025371792453945909 -0.052999148529759121 -0.00012167290014204323 0.098249018838582697 -0.10171411227699992 0.085525822881109423 -0.090160214009684519 -0.16798044758327704 0.028687711184646421 -0.11426227555753361 -0.22335857495071687 0.0089779522656748233 -0.006939040174765875 0.057450172189898466 -0.013463039103255102 0.046406937658526576 -0.062143810396628363 0.027306066579266649 0.028439656722203274 -0.10149082920472832 0.064894003074437309 -0.053990436409899714 0.0049753130548587212 0.21594428620907796 0.13977482898625271 -0.045156994179805746 -0.027620694295661993
leaf_weight=309.92265604960085 328.85097293309082 61.830558541689243 65.481920684396755 128.54658143396955 38.306126362931536 7979.7553948226032 12.021171076688914 4.624605060380417 2.525530747487208 6.2736209216527632 2.2041262988350345 24.370493631518912 11.995845453027867 0.92249196948250656 71.732031109568197 62.887425824861566 56.612264904077165 371.32573851759116 39.917787094600499 14.969769869465383 10.791022448334841 22.632409595593344 7.7697141430689953 30.024377747853578 4.7613716524792853 14.51718995528063 6.2245575602864838 6.14265719614923 17.951103849671199 20.158185675436471
leaf_count=32155 36146 2612 4542 2179 9787 457480 213 545 104 280 160 710 1104 61 1363 5078 733 46269 1013 462 260 761 472 1600 510 607 617 86 1913 5004
internal_value=-8.59636e-05 0.00480557 -0.000709454 -0.0105021 -5.65008e-05 -0.000374294 0.0328207 0.0059483 0.00836154 0.0199957 -0.0135764 -0.00866507 -0.0289285 0.00218939 0.0169341 0.0180933 0.0303589 -0.00115683 -0.00865513 0.0185273 -0.0246739 0.00215932 -0.0556137 0.00684114 0.0260465 0.0637654 0.113592 0.055165 0.00852737 0.0277311
internal_weight=9736.05 1100.69 8635.36 539.794 8095.56 8018.06 77.5031 210.943 206.318 134.82 71.4981 69.294 44.9235 1038.86 192.154 191.232 128.344 846.706 437.004 65.6786 25.7608 32.9277 10.2952 409.702 99.7794 31.6458 17.1286 10.904 68.1337 50.1826
internal_count=614826 100343 514483 42461 472022 467267 4755 6315 5770 2459 3311 3151 2441 97731 7235 7174 2096 90496 48004 1735 722 1337 576 42492 10337 1820 1213 596 8517 6604
is_linear=0
shrinkage=0.1


Tree=129
num_leaves=31
num_cat=0
split_feature=14 1 15 4 20 4 4 4 0 0 4 3 4 1 4 0 1 1 4 12 8 3 1 1 4 20 1 19 8 8
split_gain=3.49837 5.70378 2.93486 9.96765 8.41959 4.96612 2.69642 2.3434 3.44622 2.34132 2.06275 3.04194 5.51925 3.91844 3.27457 3.22023 5.23251 15.8656 7.49916 4.36088 3.62228 4.01141 3.32213 4.50621 5.2765 2.58625 7.26265 6.75248 12.6926 6.32197
threshold=1.0000000180025095e-35 1436.5000000000002 1.0000000180025095e-35 0.42815377137302008 0.30258554447136893 0.26560444901927155 0.20857279693486594 0.30715174129353245 13.05104893508603 18.497384734981477 0.074999999999999997 0.06834577114427863 0.39619252873563227 1436.5000000000002 0.14925373134328368 89.763589470278021 1027.0000000000002 1102.0000000000002 0.30320273631840805 1.0000000180025095e-35 1.0000000180025095e-35 0.16977611940298512 1331.5000000000002 1422.5000000000002 0.14273460284782988 0.90454357557504406 2013.5000000000002 1.0000000180025095e-35 1.0000000180025095e-35 1.0000000180025095e-35
decision_type=2 2 2 2 2 2 2 2 2 2 2 2 2 2 2 2 2 2 2 2 2 2 2 2 2 2 2 2 2 2
left_child=2 7 10 4 5 6 -4 -2 -9 -5 -1 12 14 -14 -12 25 -17 -18 22 20 21 -20 -19 24 -24 -13 -27 29 -29 -28
right_child=1 -3 3 9 -6 -7 -8 8 -10 -11 11 15 13 -15 -16 16 17 18 19 -21 -22 -23 23 -25 -26 26 27 28 -30 -31
leaf_value=0.0042340489861263982 0.005446768159174227 -0.079287200991379037 0.0082497923226507244 0.075009105873987403 -0.067331114067758366 0.059266027808898773 -0.094389665821576541 -0.11902021534192431 0.26646656239960836 0.23525035599944644 0.018577873559909634 -0.00025679650913252157 -0.08152149469234346 0.013152155694498244 0.099292340645393717 -0.074812703235677222 0.096827874996064461 -0.076648549542976716 -0.050021573347946748 -0.17296188226562906 -0.073888533333110878 0.01545622130757756 0.10956227817350246 -0.018636059159900933 -0.049077400783962999 0.035051935445484898 -0.00098005160129962967 0.0077439463579992221 0.074314441317235622 -0.040605711254006374
leaf_weight=1505.8849272347834 2.4873422011005455 12.209369605348909 5.8919078284816369 3.7560083675198248 31.522866650135256 11.356394642032681 4.5254186648526229 0.30634787376038708 0.95446070574689656 1.204153236467391 8.7949613264354429 6335.8317404367808 5.0997250799482563 30.625252251800703 11.730143634224076 11.330678001570048 14.544217594549989 9.4705292547296249 9.9517307721980597 1.3274208139628161 5.1161075867130412 156.40421513986075 5.8522603351157141 297.5083635696501 3.2671054087113589 74.238563378574327 663.68502832294325 441.87676627092878 30.626042648102157 42.862619022140279
leaf_count=74581 498 1513 563 175 2655 393 209 78 87 41 1419 475706 8408 3186 2496 2232 256 929 1781 64 587 5726 114 9422 172 1758 10319 7894 420 853
internal_value=0.000621836 -0.0461618 0.000698608 -0.0216791 -0.034298 0.0135256 -0.0363381 0.061742 0.172802 0.11391 0.000833477 0.000205931 0.0233805 -0.000362467 0.0647064 4.50733e-05 -0.00760886 -0.00609634 -0.00915823 0.00759263 0.00899036 0.0115392 -0.0183153 -0.0165136 0.052728 0.000564242 0.00471489 0.00280473 0.0120588 -0.00338394
internal_weight=9740.24 15.9575 9724.29 58.2567 53.2966 21.7737 10.4173 3.74815 1.26081 4.96016 9666.03 8160.14 56.2501 35.725 20.5251 8103.89 514.773 503.442 488.898 172.799 171.472 166.356 316.098 306.628 9.11937 7589.12 1253.29 1179.05 472.503 706.548
internal_count=614535 2176 612359 4036 3820 1165 772 663 165 216 608323 533742 15509 11594 3915 518233 21283 19051 18795 8158 8094 7507 10637 9708 286 496950 21244 19486 8314 11172
is_linear=0
shrinkage=0.1


Tree=130
num_leaves=31
num_cat=0
split_feature=1 1 1 4 17 1 0 1 20 9 0 7 7 7 1 1 20 4 19 0 4 16 0 7 20 10 20 3 4 17
split_gain=1.95401 11.9184 9.2792 11.0259 10.6644 8.16771 11.1106 8.4494 6.54313 7.04925 8.47414 7.32454 11.0304 6.71565 6.42188 7.35751 9.91557 9.88785 7.56207 11.1549 9.15467 7.80964 6.16616 6.10805 13.2926 8.82353 6.02996 5.91336 5.9076 5.51274
threshold=14340.000000000002 17959.000000000004 10610.000000000002 0.15466954022988508 1.0000000180025095e-35 12333.500000000002 27.346718565991921 10871.500000000002 0.51068369173353345 1.0000000180025095e-35 86.46692445718601 2.5000000000000004 3.5000000000000004 4.5000000000000009 4575.5000000000009 4203.5000000000009 0.69642300303643756 0.39962686567164191 1.0000000180025095e-35 27.716260291526716 0.42518656716417919 1.0000000180025095e-35 6.8638254622722243 5.5000000000000009 0.038477381673827658 1.0000000180025095e-35 0.69642300303643756 0.49813432835820898 0.40019157088122614 1.0000000180025095e-35
decision_type=2 2 2 2 2 2 2 2 2 2 2 2 2 2 2 2 2 2 2 2 2 2 2 2 2 2 2 2 2 2
left_child=2 27 14 8 5 6 -5 26 13 10 29 -11 -13 -4 15 -1 17 -17 19 28 -20 -21 -7 24 25 -16 -8 -2 -18 -10
right_child=1 -3 3 4 -6 22 7 -9 9 11 -12 12 -14 -15 23 16 18 -19 20 21 -22 -23 -24 -25 -26 -27 -28 -29 -30 -31
leaf_value=0.0002377006021328106 0.01489618701510574 -6.235493619752931e-05 -0.094745661387897209 -0.1024451930180776 -0.073369455836012856 -0.18885873121481875 -0.033316118043115343 -0.030802712785156366 0.005597730622490772 0.083764975795437333 0.089868513599828281 -0.06581752658294153 0.056149285173674457 0.032345298213893987 -0.12159706124849737 -0.093967801496324999 0.012273746959048967 0.0963505583899531 -0.031182547402114343 0.082635752758362477 0.075099438180714115 -0.027395786898577908 0.028120770745239883 0.023193714473774402 -0.0084982957499575226 -0.013836254598747431 0.077396246341747854 -0.035307605569676694 -0.12315399131831065 -0.15468234953496474
leaf_weight=6993.0300134302906 27.737511154467938 1264.6488743038244 7.6132186359609486 12.954408663048524 18.191217302111909 1.3269144390360441 6.9003572963411015 36.34807321196422 53.248071949463338 50.818616786040366 12.639223490608854 9.7665717257186753 30.795213844045065 9.1605142299085855 17.735644637607038 12.366364372748647 22.219176898244772 3.5031863204203537 30.997060509456787 57.254093628609553 10.973581855214432 7.2695820080116382 101.05946144761401 54.908586942692637 678.44973090387066 13.293736733496191 17.137389610055834 152.2016606804973 3.7671480621211222 2.2360066587571046
leaf_count=530114 975 34721 527 1306 782 227 390 1698 1148 481 230 352 631 188 911 1271 566 280 1674 697 556 214 2844 3159 21806 199 435 6115 156 120
internal_value=-9.5012e-05 -0.00348857 0.000497342 0.0159713 -0.000483033 0.00706217 -0.0184109 -0.000383248 0.0340723 0.0403201 0.015972 0.0584714 0.0267818 -0.0253384 -0.000227243 0.000705205 0.0227427 -0.0519552 0.0316906 0.0479599 -0.00339422 0.070239 0.0253087 -0.00893875 -0.0114256 -0.0754297 0.0456148 -0.0275687 -0.00735875 -0.000861552
internal_weight=9720.55 1444.59 8275.96 370.195 193.918 175.727 73.3402 60.3858 176.277 159.504 68.1233 91.3804 40.5618 16.7737 7905.77 7141.38 148.35 15.8696 132.481 90.51 41.9706 64.5237 102.386 764.388 709.479 31.0294 24.0377 179.939 25.9863 55.4841
internal_count=614773 41811 572962 11359 7682 6900 3829 2523 3677 2962 1498 1464 983 715 561603 535528 5414 1551 3863 1633 2230 911 3071 26075 22916 1110 825 7090 722 1268
is_linear=0
shrinkage=0.1


Tree=131
num_leaves=31
num_cat=0
split_feature=16 20 1 1 20 1 1 1 20 0 1 5 17 1 5 0 7 0 1 4 3 1 4 7 4 4 1 1 5 0
split_gain=2.37341 6.63822 13.8097 15.9754 11.2144 6.17476 16.5324 9.58212 14.3427 8.61345 9.43312 8.43607 7.50367 5.81118 6.3235 5.51259 13.5227 7.40478 5.79702 5.39569 5.91055 5.64392 4.64244 4.34503 13.2894 12.8717 7.87881 6.09436 4.60649 4.24127
threshold=1.0000000180025095e-35 0.89441734684883911 1140.5000000000002 1080.5000000000002 0.23629354976228015 826.50000000000011 812.50000000000011 313.50000000000006 0.11152477303333795 8.4201711490531821 10.500000000000002 1.5000000000000002 1.0000000180025095e-35 3575.0000000000005 2.5000000000000004 35.381685933110013 2.5000000000000004 93.267398501328245 4357.0000000000009 0.27161069651741304 0.58768656716417922 124.50000000000001 0.13777985074626864 3.5000000000000004 0.23025497512437809 0.18703358208955229 3685.0000000000005 3685.0000000000005 1.5000000000000002 20.721643089376453
decision_type=2 2 2 2 2 2 2 2 2 2 2 2 2 2 2 2 2 2 2 2 2 2 2 2 2 2 2 2 2 2
left_child=-1 2 3 5 22 6 7 9 -9 10 -2 -8 19 14 -3 16 18 -17 -4 20 -12 -21 -5 24 26 -25 -15 -26 -28 -20
right_child=1 13 15 4 -6 -7 11 8 -10 -11 12 -13 -14 23 -16 17 -18 -19 29 21 -22 -23 -24 25 27 -27 28 -29 -30 -31
leaf_value=0.00088279758582675272 -0.062189641558219801 0.057291738082577995 -0.06902759167510418 0.01928131269838523 0.084597258194516189 -0.046288578182792139 -0.07093237258300826 -0.052110333234813011 0.03723744159008293 -0.07368735860419541 0.042790702593971858 0.088522192083857601 -0.12247969945517459 0.029359842008646955 -0.084269523070649596 -0.0047631909609976092 0.016046441117944898 -0.098320408067955167 0.11059094638371261 0.036300552600123777 -0.0067383468070280478 -0.048905193480632526 -0.17374339130175392 0.066311347009638394 -0.18707871413862998 -0.14171277555491921 -0.16270680407340787 0.023409640370043488 -0.059514698566868279 -0.061806658737366287
leaf_weight=8960.6847661776756 16.041936835856177 38.748208814184181 85.5348395214005 2.5164262309554024 33.102352848218288 32.280000825470779 3.7788784310105283 80.679353495150281 23.113774840436236 12.853054263512602 97.177880263421685 27.200136014376767 3.7103455508622565 5.602181347319859 3.4352557263337067 100.64924791329395 28.865176774794236 9.2360578650695953 3.2288269214332095 12.890432193875311 32.03711370145902 19.585805997718126 2.4680715302529279 21.523333766963336 1.4144263678172126 3.4514555346686384 8.01013853820041 50.02651723055169 9.405245242174713 2.5572512170765549
leaf_count=570156 509 573 12718 112 700 3496 149 6054 766 546 2715 915 782 111 202 6552 1037 1498 263 239 1150 766 388 237 188 238 285 1021 366 209
internal_value=0.000424676 -0.00489883 -0.00929953 0.00194135 0.063541 -0.00455137 -0.000457158 -0.00768295 -0.0322134 0.00542121 0.0110251 0.0690716 0.018126 0.0146629 0.0457635 -0.0288152 -0.0436162 -0.0126268 -0.0624746 0.0213525 0.0305106 -0.0150854 -0.0762948 0.00146877 -0.0106379 0.0375629 -0.0737947 0.017622 -0.106978 0.034397
internal_weight=9731.81 771.124 629.507 399.436 38.0869 361.349 329.069 298.09 103.793 194.297 181.444 30.979 165.402 141.617 42.1835 230.071 120.186 109.885 91.3209 161.691 129.215 32.4762 4.9845 99.4333 74.4585 24.9748 23.0176 51.4409 17.4154 5.78608
internal_count=614941 44785 41564 19287 1200 18087 14591 13527 6820 6707 6161 1064 5652 3221 775 22277 14227 8050 13190 4870 3865 1005 500 2446 1971 475 762 1209 651 472
is_linear=0
shrinkage=0.1


Tree=132
num_leaves=31
num_cat=0
split_feature=1 1 20 1 16 4 4 1 0 0 18 1 1 4 20 1 1 3 1 0 18 1 20 1 0 20 1 20 1 4
split_gain=2.39435 12.1928 4.59498 6.67461 7.1802 6.1031 6.05411 6.0103 6.52167 6.52256 6.18881 5.98935 6.22784 7.74077 6.17507 5.5189 5.46517 5.07557 4.77714 6.72084 4.92409 5.87417 4.46495 4.30502 4.27503 4.78202 4.09026 10.644 9.36148 6.34729
threshold=180.50000000000003 177.00000000000003 0.25883876944650791 80.500000000000014 1.0000000180025095e-35 0.2953047263681593 0.22630597014925377 47.500000000000007 2.2990148251201892 7.1121041452228431 1.0000000180025095e-35 72.500000000000014 137.50000000000003 0.21072761194029857 0.490380395617937 173.50000000000003 59.500000000000007 0.66604477611940316 51.500000000000007 5.6840281132715713 1.0000000180025095e-35 54.500000000000007 0.36725848996166938 158.50000000000003 9.1113486011167151 0.31535310990944715 263.50000000000006 0.32802769741684773 187.50000000000003 0.26560444901927155
decision_type=2 2 2 2 2 2 2 2 2 2 2 2 2 2 2 2 2 2 2 2 2 2 2 2 2 2 2 2 2 2
left_child=1 2 3 5 -5 16 15 10 -9 -10 -7 -4 13 -13 17 -6 18 22 19 -1 -20 -22 -14 -8 25 -15 27 -2 -29 -30
right_child=26 -3 11 4 6 7 23 8 9 -11 -12 12 14 24 -16 -17 -18 -19 20 -21 21 -23 -24 -25 -26 -27 -28 28 29 -31
leaf_value=-0.0083882982149092612 -0.028001947823329949 0.04701668804170852 -0.10255873143042614 -0.017340575278509195 0.053985211671556621 0.022047750355342288 -0.056231718444138594 -0.014483262657819226 0.089644288381266757 -0.095238821390794273 -0.077124458824670908 0.0030568424698509647 -0.069326201816193117 -0.13068613792454872 0.052721909186115537 -0.079073943139343267 0.023316176543980383 0.085247320890695297 -0.054477988569995611 0.040005360157563424 0.091411671487899054 -0.12748543001138002 -0.0093316448277727202 0.028338639797140609 0.052570613664428334 0.050391988829498469 0.00020855109542354902 -0.088446696836643676 -0.004598224627650806 0.025353284487326724
leaf_weight=174.45129046788497 187.64413839667031 63.840340364462463 4.3192736346099982 318.72767109213419 37.162882798817009 35.351602815746446 14.072846404742451 9.7939838956372096 31.245523764424433 2.0323143687855909 7.6551664988510302 73.63949182088254 19.054037967449403 2.7852297852805341 13.529317160660865 3.4025962983723721 82.051380438908382 4.0885456977412096 32.641153422380739 34.348005144725903 5.1495661337394258 1.6089730850653721 35.547857953200946 10.517880847677587 83.862532521307003 3.0614636531681754 8074.6720168233132 11.160876555484718 228.68383444916981 102.45244188838114
leaf_count=19967 27440 2580 312 42839 854 3208 467 2219 1324 242 482 1934 4372 301 425 154 8219 61 5192 1283 213 114 2240 252 1047 81 471795 974 10098 4059
internal_value=0.000212503 0.00459689 0.0019932 -0.00164599 -0.011157 0.00712385 0.0190912 0.0308393 0.0572434 0.0783533 0.00439519 0.0141328 0.0162724 0.0270837 -0.00818107 0.0428243 0.000942512 -0.0222204 -0.00645393 -0.000427421 -0.0383915 0.0392999 -0.0302675 -0.0200595 0.0468066 -0.0358695 -0.000349998 -0.00886056 0.00163257 0.00466867
internal_weight=9708.55 1103.94 1040.1 800.213 383.884 416.329 65.1562 86.0786 43.0718 33.2778 43.0068 239.888 235.568 163.349 72.2198 40.5655 330.25 58.6904 248.199 208.799 39.3997 6.75854 54.6019 24.5907 89.7092 5.84669 8604.61 529.941 342.297 331.136
internal_count=614748 100382 97802 87029 44566 42463 1727 7475 3785 1566 3690 10773 10461 3363 7098 1008 34988 6673 26769 21250 5519 327 6612 719 1429 382 514366 42571 15131 14157
is_linear=0
shrinkage=0.1


Tree=133
num_leaves=31
num_cat=0
split_feature=3 4 5 3 1 20 4 3 12 17 4 3 4 4 3 3 4 17 4 20 3 4 20 1 1 4 1 4 20 20
split_gain=2.60237 3.20238 6.99568 4.65415 4.16187 4.98059 4.19184 3.72658 3.98814 3.54583 3.14567 3.10232 3.1465 2.91559 2.88985 3.91748 3.31991 2.87868 2.57972 2.92579 2.43197 3.04046 3.07573 2.36534 4.96939 6.80869 4.44841 3.86216 3.82998 6.8303
threshold=0.48320895522388069 0.19657567049808433 1.5000000000000002 0.22201492537313436 2049.5000000000005 0.8227345909907019 0.092475124378109411 0.040702736318407963 1.0000000180025095e-35 1.0000000180025095e-35 0.59060945273631849 0.44402985074626872 0.16266762452107283 0.55715174129353251 0.22201492537313436 0.35261194029850756 0.032950191570881263 1.0000000180025095e-35 0.39412134728655579 0.022150443092980039 0.30037313432835827 0.029508706467661686 0.94737100035896937 37272.500000000007 43138.000000000007 0.38227969348659008 20959.500000000004 0.040637330588437111 0.95533903296776679 0.940221888383869
decision_type=2 2 2 2 2 2 2 2 2 2 2 2 2 2 2 2 2 2 2 2 2 2 2 2 2 2 2 2 2 2
left_child=1 4 13 10 6 17 14 -8 -9 18 -4 20 -13 -3 16 -16 -1 -6 19 -5 -7 22 -22 26 25 -25 -2 -28 29 -27
right_child=23 2 3 9 5 11 7 8 -10 -11 -12 12 -14 -15 15 -17 -18 -19 -20 -21 21 -23 -24 24 -26 28 27 -29 -30 -31
leaf_value=0.02255731989571573 -0.00038442166378142389 -0.049012253679475266 -0.039450824694020642 0.058468452674876936 -0.024788228454962417 0.011411420160127203 0.11990858739740418 0.049218311556764781 -0.091638798102168226 -0.041351086300416298 0.0032028179818887922 0.030342676461670381 0.1351104463825096 0.0017115252291421631 0.053355892572187751 0.0014761626221355673 -0.013402987679371087 0.034862202395171758 0.03682867434522602 -0.0012020605012799035 -0.015846114623264389 -0.00068147884123231927 -0.14649621994749842 0.037051371472312647 0.00055120175883841026 -0.030959258380232085 0.026658184195250192 -0.014002105600479559 0.012490339702014581 -0.25061894694401116
leaf_weight=52.655059497454204 8069.5099561073257 40.025318939766294 30.690175226645806 9.6407250215379445 72.302831627443084 155.40797122503864 6.891712476804968 23.100838871147065 2.2016488122426372 9.8161240851750318 39.60013874481956 20.945142626296732 3.3211866323836139 15.807234166601118 36.306346272198425 24.294410219306883 50.101073472338612 9.1096482180873846 56.241895268485678 55.649691444254131 3.8775460096076158 19.489672631723806 3.366136278025806 93.269259835244156 392.75577330092347 11.429742649721449 24.976553363027051 361.13142841990339 18.626136630307883 1.6157024018466462
leaf_count=1786 477840 24877 10647 3933 7170 3973 1026 8575 1523 5533 11674 404 46 6721 2500 2046 3198 192 10166 9518 69 733 40 862 10980 397 374 8540 132 32
internal_value=-1.41168e-05 0.00568221 -0.00332622 0.00534754 0.0104806 0.00283217 0.0217379 0.054718 0.0369619 0.0164615 -0.0154206 0.0110937 0.0446816 -0.0346514 0.0152382 0.0325577 0.00502406 -0.0181136 0.021131 0.00760883 0.00661889 -0.0212413 -0.0765592 -0.00048441 0.00607712 0.023448 -0.00088614 -0.0113719 -0.0166122 -0.0581645
internal_weight=9714.16 740.843 257.471 201.639 483.371 287.82 195.551 32.1942 25.3025 131.348 70.2903 206.408 24.2663 55.8326 163.357 60.6008 102.756 81.4125 121.532 65.2904 182.141 26.7334 7.24368 8973.31 517.697 124.941 8455.62 386.108 31.6716 13.0454
internal_count=615507 116350 83069 51471 33281 12627 20654 11124 10098 29150 22321 5265 450 31598 9530 4546 4984 7362 23617 13451 4815 842 109 499157 12403 1423 486754 8914 561 429
is_linear=0
shrinkage=0.1


Tree=134
num_leaves=31
num_cat=0
split_feature=2 2 13 0 8 20 2 2 2 20 19 4 4 20 4 5 10 3 2 18 8 0 0 16 8 18 7 4 20 7
split_gain=3.10805 13.5637 12.0728 7.79083 9.01884 7.18743 6.4487 6.27077 19.9931 12.3963 10.9947 10.5956 10.1894 14.3182 10.8886 9.19796 9.12436 8.71013 7.12585 7.57283 6.76207 6.3651 6.36293 6.18195 6.03367 13.7083 5.87266 5.18205 7.27204 7.92274
threshold=7.4739064546395868 7.4526923903445494 1.0000000180025095e-35 46.516252163017782 1.0000000180025095e-35 0.8227345909907019 7.439850924861779 7.8456113098779339 7.9247956523551721 0.91001430758476776 1.0000000180025095e-35 0.3680348258706469 0.40818965517241385 0.74416403913925067 0.10153256704980844 1.0000000180025095e-35 1.0000000180025095e-35 0.19589552238805971 7.9597955261291142 1.0000000180025095e-35 1.0000000180025095e-35 0.96051794107304345 128.52565582794094 1.0000000180025095e-35 1.0000000180025095e-35 1.0000000180025095e-35 4.5000000000000009 0.33271144278606973 0.83662031597016284 2.5000000000000004
decision_type=2 2 2 2 2 2 2 2 2 2 2 2 2 2 2 2 2 2 2 2 2 2 2 2 2 2 2 2 2 2
left_child=1 6 3 5 -5 -3 -1 9 11 10 12 22 14 -14 16 -13 -2 -16 19 -10 -19 -20 23 -9 -15 -26 27 28 29 -12
right_child=7 2 -4 4 -6 -7 -8 8 18 -11 26 15 13 24 17 -17 -18 20 21 -21 -22 -23 -24 -25 25 -27 -28 -29 -30 -31
leaf_value=0.0010927455380969583 0.002620466324827324 0.038407857593751996 -0.09909838302856612 -0.11278689856397038 0.088550170895411395 -0.033153987537044564 -0.04457053146810673 0.061562160222693854 -0.0041406670215668661 0.016768031919828258 -0.023701739837756627 -0.16110557828076832 -0.12677368892592272 0.080981296768895039 0.17847082654149576 0.014816404917485268 -0.1841286958435612 -0.04587331004786676 -0.092914743226286359 -0.082341413142347358 -0.10681212522030847 -0.00097593450559285743 -0.13604975464418262 -0.04979240030110809 0.061436924428944099 -0.17405190449689553 -0.089723716278786086 -0.028294684739148881 0.047530202922155811 0.026456260149552869
leaf_weight=5381.8351401571781 68.195685854021576 65.538488696545755 6.5213878557551643 2.36404485447565 37.789974700659513 17.859522043494508 31.105753262410872 92.859319654176943 27.62954355328111 127.41486920189345 71.557734209785849 4.3842084336502003 5.6902360956519251 18.850553302763728 1.6444741470913857 9.2267559648935258 2.7206614436581722 162.43032141305594 7.5472446920903158 22.441252717515454 20.508299389388412 3336.7253778527811 1.7638098746538151 5.2683638383750795 8.0838822051300685 3.5608482044190159 7.2437181176355798 44.965659606794361 39.361394671577727 56.243799486197531
leaf_count=459039 2251 2221 391 631 389 390 2075 2580 1237 2815 8469 413 1155 676 88 907 128 8957 538 901 747 107471 66 424 294 180 1314 6056 1020 1345
internal_value=4.81446e-05 0.00159716 0.033508 0.0405073 0.0766966 0.023083 0.000830339 -0.00202266 -0.00036353 -0.0111381 -0.0180956 0.0409217 -0.0308157 0.0188486 -0.0378494 -0.0418496 -0.00454405 -0.0506453 -0.00174406 -0.0391895 -0.0527048 -0.00118342 0.0521999 0.0555837 0.0460208 -0.0105733 -0.00118251 0.00184098 0.00994726 -0.00162785
internal_weight=9689.33 5543.01 130.073 123.552 40.154 83.398 5412.94 4146.32 3507.85 638.472 511.057 113.502 291.685 36.1855 255.499 13.611 70.9163 184.583 3394.34 50.0708 182.939 3344.27 99.8915 98.1277 30.4953 11.6447 219.372 212.129 167.163 127.802
internal_count=615168 465136 4022 3631 1020 2611 461114 150032 114537 35495 32680 4390 14476 2305 12171 1320 2379 9792 110147 2138 9704 108009 3070 3004 1150 474 18204 16890 10834 9814
is_linear=0
shrinkage=0.1


Tree=135
num_leaves=31
num_cat=0
split_feature=1 1 3 20 7 1 0 0 20 20 1 20 1 7 1 3 0 0 3 1 1 7 0 20 1 1 1 7 7 0
split_gain=2.99661 4.67249 7.28779 5.85747 4.22924 5.52694 4.8818 4.11306 4.5363 4.09454 5.86467 3.96918 3.74729 10.8637 7.66808 3.47554 4.88129 4.72285 3.85433 4.10445 3.51436 6.01674 6.82359 3.4368 6.35739 6.01364 5.95097 3.50661 6.85531 3.3662
threshold=67494.500000000015 37272.500000000007 0.49813432835820898 0.61962107968522817 2.5000000000000004 62575.000000000007 29.789300053129214 119.80018395417834 0.8318254483245543 0.98592335930637953 47190.500000000007 0.88421228964015974 53973.000000000007 4.5000000000000009 47190.500000000007 0.49813432835820898 97.128639846686283 50.549127207752143 0.48320895522388069 32675.000000000004 32675.000000000004 5.5000000000000009 15.50862240028964 0.86888973156516258 1554.5000000000002 2664.0000000000005 1027.0000000000002 4.5000000000000009 3.5000000000000004 11.534016257491627
decision_type=2 2 2 2 2 2 2 2 2 2 2 2 2 2 2 2 2 2 2 2 2 2 2 2 2 2 2 2 2 2
left_child=1 15 -3 -4 6 11 9 8 -2 10 -5 -6 14 -14 -13 17 20 -1 19 -19 -17 22 29 24 26 -26 -18 28 -27 -22
right_child=7 2 3 4 5 -7 -8 -9 -10 -11 -12 12 13 -15 -16 16 23 18 -20 -21 21 -23 -24 -25 25 27 -28 -29 -30 -31
leaf_value=-6.2063778563496718e-05 -0.1301374534055981 -0.029421292743931016 -0.047899746341590409 0.00034650239673691686 -0.077506857701872323 0.05052515507676484 0.040808571225048794 0.030181803125656149 -0.013268322167489339 0.040317100649989134 -0.11782347665111255 -0.0085903412717333889 0.032074329285693044 -0.090027765269189042 0.059551732510664916 -0.00044040949228112207 -0.048311863883016559 0.011143220883102347 0.084379669007085337 0.059174157738872496 -0.041807155245589582 -0.12912307238967105 -0.0039835310863059461 -0.022948214198830693 -0.071563625694282526 0.0013964306494235171 0.059919667890503986 0.031267006970052934 -0.0804496727497062 -0.19024505137536052
leaf_weight=420.3849239215433 3.3696875819950938 39.126765642111422 13.556327891310501 21.813784439000305 6.7280258036917067 23.278484231443144 117.93907647824381 22.098159214714542 231.08215462241787 16.930975172435865 5.2011859545018515 50.913100107165519 14.636846461798996 14.510656937141903 24.442172162467614 8031.8158574441295 6.3789945942116928 220.5017529711331 8.2884386591904313 19.35302411543671 3.0870369850890702 4.9853909792145705 55.967681672977051 170.49268974794541 15.243469555163754 50.200646787066944 24.951172735251021 21.762944781687111 12.854031700175254 3.0245795246446505
leaf_count=99371 584 1820 788 365 1134 209 1509 597 6382 135 343 1033 329 271 265 468233 937 18060 342 632 120 342 1550 5703 1024 1700 859 500 390 116
internal_value=-0.000397394 -0.000106932 0.0112461 0.0163798 0.0193198 0.00621517 0.0302083 -0.0110607 -0.014948 0.00175999 -0.0224047 -0.00305806 0.00173505 -0.0287124 0.0135122 -0.000543911 -0.00109615 0.00639552 0.0173355 0.0150187 -0.000630758 -0.0234274 -0.0149393 -0.0135815 -0.00142728 -0.0137358 0.0378831 -0.00334292 -0.0152883 -0.115268
internal_weight=9674.92 9418.37 349.077 309.951 296.394 134.509 161.885 256.55 234.452 43.9459 27.015 111.231 104.503 29.1475 75.3553 9069.29 8400.76 668.528 248.143 239.855 8098.88 67.0647 62.0793 301.884 131.391 100.061 31.3302 84.8176 63.0547 6.11162
internal_count=615643 608080 8201 6381 5593 3241 2352 7563 6966 843 708 3032 1898 600 1298 599879 481474 118405 19034 18692 470361 2128 1786 11113 5410 3614 1796 2590 2090 236
is_linear=0
shrinkage=0.1


Tree=136
num_leaves=31
num_cat=0
split_feature=20 1 1 17 17 12 8 1 0 1 6 1 0 20 20 1 20 0 7 1 7 20 1 1 11 5 1 0 0 0
split_gain=2.11172 3.50476 6.20689 5.19097 3.98265 6.48062 5.40864 4.79416 3.86675 5.55504 3.74437 7.45037 3.61541 3.5307 4.5248 3.52337 3.44167 3.40175 5.06466 3.40888 3.31845 3.95287 3.1139 3.53913 3.04713 3.0354 2.96557 2.90952 5.09369 3.66295
threshold=0.93381963191493456 1554.5000000000002 1586.5000000000002 1.0000000180025095e-35 1.0000000180025095e-35 1.0000000180025095e-35 1.0000000180025095e-35 3149.5000000000005 60.848635024704144 8612.5000000000018 1.0000000180025095e-35 10045.000000000002 12.703102151341179 0.98592335930637953 0.97394144385072001 134377.00000000003 0.98592335930637953 13.05104893508603 1.7500000000000002 3873.5000000000005 1.7500000000000002 0.97394144385072001 94197.000000000015 134377.00000000003 1.0000000180025095e-35 2.5000000000000004 94197.000000000015 14.728311919785602 15.717609934412502 20.207739069736764
decision_type=2 2 2 2 2 2 2 2 2 2 2 2 2 2 2 2 2 2 2 2 2 2 2 2 2 2 2 2 2 2
left_child=22 3 -3 -2 8 6 7 -6 9 20 13 16 -8 14 26 -16 -12 18 -9 -19 21 -4 -1 -24 -13 -14 -11 -21 -29 -30
right_child=1 2 4 -5 5 -7 12 17 -10 10 11 24 25 -15 15 -17 -18 19 -20 27 -22 -23 23 -25 -26 -27 -28 28 29 -31
leaf_value=-0.00014518293468839978 -0.084153496180985998 0.071092020278369153 0.014696445439221382 0.04803375222386335 0.056987851670997215 -0.068169937582017753 0.13721247149538793 -0.026341522186317714 -1.1875370891101916e-05 0.0045433939943054355 -0.23792831518826502 0.025267724050186621 -0.10658441086895848 0.012799654948589922 -0.050784610055750849 0.050800354155998595 -0.027113827708293538 -0.053664363641453577 -0.20109312395310208 0.050688996624547934 0.12774607526321585 0.049965632667196933 -0.065182735127557914 0.0075668308456976266 0.10586810562647075 0.021286888362086615 -0.043063532255937183 -0.08075908667681074 0.034662586718633849 -0.0035573586136694365
leaf_weight=8307.1284440135896 10.087381934514267 13.871934818569569 92.94071779504884 4.2108931612456209 14.022186910733579 16.380280062847305 0.80947262048721214 10.305998039315453 483.46025493605703 133.81914925345336 1.4824914825148874 82.483174873050302 9.3922245783032832 152.26586019794922 31.701634500874206 3.8263808197807512 1.6213394200894979 11.285733853466807 1.9765443957876403 11.941066141240297 3.330389359034597 48.287846181279747 15.588179216458229 11.710831796459388 4.9732764719519755 2.3136952649801961 14.502903984102884 7.5356559173669657 30.504462085169507 140.89856072317343
leaf_count=589882 957 110 1262 142 158 360 2 158 10005 1982 45 870 336 1554 507 53 20 211 110 118 23 489 1101 706 37 76 416 95 369 2462
internal_value=0.000336462 0.0040207 0.00455173 -0.0452239 0.00384823 -0.00730491 -0.00316779 0.000338566 0.00656981 0.0121402 0.00640019 0.0244476 -0.0671768 0.00153764 -0.00778965 -0.0398439 -0.127806 -0.00336558 -0.0544631 -0.000261157 0.0290821 0.0267554 -0.000255989 -0.0339744 0.0298511 -0.0813104 -0.000111603 0.0028963 -0.000293038 0.00324462
internal_weight=9674.66 1340.23 1325.93 14.2983 1312.06 257.366 240.986 228.47 1054.7 571.235 426.676 90.5603 12.5154 336.116 183.85 35.528 3.10383 214.448 12.2825 202.165 144.559 141.229 8334.43 27.299 87.4565 11.7059 148.322 190.88 178.939 171.403
internal_count=614616 22927 21828 1099 21718 4455 4095 3681 17263 7258 5484 972 414 4512 2958 560 65 3523 268 3255 1774 1751 591689 1807 907 412 2398 3044 2926 2831
is_linear=0
shrinkage=0.1


Tree=137
num_leaves=31
num_cat=0
split_feature=7 0 20 1 19 13 1 5 4 20 1 12 1 1 8 17 13 1 1 13 1 1 20 4 4 4 1 0 1 1
split_gain=2.58466 2.15252 10.701 6.8853 5.22325 16.9643 11.6427 6.51416 9.56225 6.42425 7.47121 6.22593 5.41341 8.55378 13.3426 7.9812 13.1609 14.9805 5.89377 6.01286 4.74905 6.19177 4.66032 4.65821 4.64228 4.60815 4.41522 4.33951 4.26713 22.0582
threshold=11.500000000000002 6.1488476732804109 0.13375554626913663 137.50000000000003 1.0000000180025095e-35 1.0000000180025095e-35 626.50000000000011 1.0000000180025095e-35 0.44098258706467669 0.023097797286593749 701.00000000000011 1.0000000180025095e-35 72.500000000000014 47.500000000000007 1.0000000180025095e-35 1.0000000180025095e-35 1.0000000180025095e-35 59.500000000000007 66.500000000000014 1.0000000180025095e-35 66.500000000000014 305.50000000000006 0.72044748797222335 0.055762852404643411 0.30838122605363993 0.47600574712643684 2200.5000000000005 0.34396341625312071 345.00000000000006 456.50000000000006
decision_type=2 2 2 2 2 2 2 2 2 2 2 2 2 2 2 2 2 2 2 2 2 2 2 2 2 2 2 2 2 2
left_child=1 2 4 -3 12 7 20 8 9 -6 24 28 13 14 -1 18 -17 -18 19 -15 -7 -22 -4 -13 -11 -10 -8 -14 -9 -30
right_child=-2 3 22 -5 5 6 26 11 25 10 -12 23 27 15 -16 16 17 -19 -20 -21 21 -23 -24 -25 -26 -27 -28 -29 29 -31
leaf_value=0.026972222501896344 -0.051840360216032569 0.016868331908061394 -0.053860916120641977 0.00030803755073392872 -0.041964858045344021 -0.039255448812767324 0.002549386711001135 -0.0090897909869337781 0.37042876365694449 0.1081281891498263 0.019246360386150144 0.024931743746775408 -0.086667369463437588 0.071368774090723147 -0.055597353052847437 -0.032308926598013883 -0.12849280308871655 0.16817727109802799 -0.1025686443692857 -0.030914995930275125 0.10205516645015825 0.043566225627835652 0.013290622707614198 -0.051275359866467224 0.35006810791482279 -0.048721578590745905 -0.11219790232936211 -0.009339383324510649 0.053992263202192393 -0.0054758576573912645
leaf_weight=37.871065696546793 9.5801706528582127 259.73304599681614 56.378440333437538 7523.3769137796498 6.2336740659047818 4.4794832899933672 26.398361982690407 293.25264937008978 1.3373404417179688 1.8616802520045879 5.4104478683220805 9.9774651659245119 7.3256054075500279 48.833348646061495 40.498556003796693 34.745632029758781 2.2107025539444276 7.3979159799055196 2.3437735812040037 6.514004163327626 29.953121507191099 45.736137164931279 12.654578407935331 40.904802588014718 1.3816756003652697 0.32628806401771715 3.8411937536438918 776.88785239080426 78.935973294443102 297.27533154998309
leaf_count=5902 1435 9042 17942 403981 1719 291 2420 21928 176 187 1438 1160 2091 929 7993 11370 401 611 300 529 886 1339 423 18717 181 111 601 69354 4022 27364
internal_value=7.55313e-05 0.000126996 -0.00290885 0.000860677 -0.00143661 0.00429213 0.0408475 -0.00118491 0.0608424 0.0354336 0.0911867 -0.00261008 -0.00646859 0.0091498 -0.0156967 0.0282316 -0.00366351 0.0999209 0.0527533 0.0593307 0.0607915 0.0667125 -0.0415512 -0.036332 0.211195 0.288221 -0.0120264 -0.0100617 -4.70688e-05 0.00700164
internal_weight=9673.66 9664.08 1880.97 7783.11 1811.93 847.306 110.408 736.897 16.5511 14.8875 8.6538 720.346 964.628 180.415 78.3696 102.045 44.3543 9.60862 57.6911 55.3474 80.1687 75.6893 69.033 50.8823 3.24336 1.66363 30.2396 784.213 669.464 376.211
internal_count=614843 613408 200385 413023 182020 82540 5537 77003 3812 3525 1806 73191 99480 28035 13895 14140 12382 1012 1758 1458 2516 2225 18365 19877 368 287 3021 71445 53314 31386
is_linear=0
shrinkage=0.1


Tree=138
num_leaves=31
num_cat=0
split_feature=0 4 7 19 4 9 1 10 20 7 1 0 1 0 1 1 4 1 1 1 1 1 20 1 4 1 1 5 0 20
split_gain=2.36588 3.0031 2.01959 3.61979 11.7964 7.64877 8.32985 7.615 5.9244 5.32022 10.0802 18.1101 9.48771 21.0283 14.7626 11.6341 12.2786 7.15884 9.11085 7.13348 13.7553 5.25735 5.1194 4.35027 6.74119 4.17595 4.04576 4.47288 4.0081 3.99323
threshold=1.0000000180025095e-35 0.29135572139303489 2.5000000000000004 1.0000000180025095e-35 0.21455223880597024 1.0000000180025095e-35 23098.500000000004 1.0000000180025095e-35 0.4607205690159672 4.5000000000000009 16489.000000000004 64.033483955566041 3230.0000000000005 6.6257613015646504 1190.5000000000002 14674.500000000002 0.20677860696517419 7835.5000000000009 8612.5000000000018 1331.5000000000002 2229.0000000000005 13382.000000000002 0.99999855885341915 27142.500000000004 0.27847222222222229 33892.500000000007 53973.000000000007 1.0000000180025095e-35 28.504126943894985 0.940221888383869
decision_type=2 2 2 2 2 2 2 2 2 2 2 2 2 2 2 2 2 2 2 2 2 2 2 2 2 2 2 2 2 2
left_child=1 -1 -2 4 5 26 8 22 -7 12 11 17 14 -14 -5 16 -15 -11 -19 -16 -21 -13 25 24 -12 29 27 -4 -27 -6
right_child=2 -3 3 9 7 6 -8 -9 -10 10 23 21 13 15 19 -17 -18 18 -20 20 -22 -23 -24 -25 -26 28 -28 -29 -30 -31
leaf_value=-0.044714325279000176 0.00047738442825169086 0.060599025116768061 -0.16779726161051622 -0.09280105323737467 -0.073896240191304197 -0.088248712805460483 -0.12733824418585135 0.022859209856380024 0.058721899621003076 -0.012293372559758769 -0.068637215507083418 -0.012025309859827561 -0.12019015873536527 -0.068571519891893071 0.096088646254808119 0.003649841219312925 -0.0095928101738788629 0.090638321621087869 0.0076376510118249313 -0.025453042049304087 0.05870245000378374 0.13053380738084297 0.0044825242029711398 -0.0044533946152343525 -0.00032714161870561211 -0.19837091933182507 0.02419381750213977 -0.021079138692579838 -0.041255585492789085 -0.0084861543597734169
leaf_weight=21.226068509968176 8475.9370212119284 3.1036315110104615 2.352086803060959 12.084556316374799 20.598360252508428 2.8505103439092627 2.6463753292337051 29.837184215371963 72.538274907623418 76.835411717212992 28.710896349308314 3.0425738416961421 21.236904868885176 66.165096253607771 12.174810151103882 138.36568795031053 75.665668449888472 19.189919825643301 42.546478985885187 41.65213864704856 36.392522347159684 17.272285587154329 19.39358078641817 319.97385278751608 29.078034869831754 3.753536235599312 21.455245083430782 17.823479784128722 2.8614963429281488 17.06609395344276
leaf_count=3374 564914 311 101 829 1378 46 31 583 888 4848 1922 224 1611 3208 182 5159 4525 327 1812 2402 783 206 220 11595 1697 382 461 666 189 205
internal_value=-0.00013557 -0.03128 -5.68808e-05 -0.00398246 0.0077829 0.0285775 0.0470435 -0.0188282 0.0531648 -0.00664954 -0.000125516 0.0210072 -0.0153213 -0.0242519 0.0109923 -0.0169805 -0.0371068 0.00808051 0.0334373 0.024895 0.013789 0.109183 -0.0383628 -0.00901391 -0.0342652 -0.0571283 -0.00603623 -0.0381837 -0.130407 -0.0442584
internal_weight=9653.83 24.3297 9629.5 1153.56 213.176 119.666 78.0352 93.5103 75.3888 940.387 536.649 158.887 403.737 301.433 102.304 280.196 141.831 138.572 61.7364 90.2195 78.0447 20.3149 63.6731 377.763 57.7889 44.2795 41.6308 20.1756 6.61503 37.6645
internal_count=615079 3685 611394 46480 5150 2193 965 2957 934 41330 22631 7417 18699 14503 4196 12892 7733 6987 2139 3367 3185 430 2374 15214 3619 2154 1228 767 571 1583
is_linear=0
shrinkage=0.1


Tree=139
num_leaves=31
num_cat=0
split_feature=4 15 20 4 2 12 4 4 0 0 20 2 2 18 4 17 13 2 2 2 19 8 2 2 20 14 2 20 13 2
split_gain=3.0101 7.55278 3.91256 4.75484 4.58589 4.2128 6.65645 5.40804 4.21307 7.71256 6.91125 8.52196 6.90877 12.3112 6.50372 5.56824 12.145 7.41717 6.18147 5.41087 5.27553 6.0636 11.5604 4.92656 4.90958 5.27271 4.78897 8.69701 6.01412 4.56328
threshold=0.42815377137302008 1.0000000180025095e-35 0.99999855885341915 0.4641019042717448 10.099403353930017 1.0000000180025095e-35 0.48000478927203072 0.4641019042717448 28.504126943894985 25.5096740799769 0.75798462856626292 7.8300273710961923 7.0057873753372677 1.0000000180025095e-35 0.46032052381769323 1.0000000180025095e-35 1.0000000180025095e-35 7.8083229678354042 6.8961885146852913 6.8870421070975647 1.0000000180025095e-35 1.0000000180025095e-35 7.4301125554993037 6.3630147264292969 0.071032131288146436 1.0000000180025095e-35 9.7958469679709452 0.93381963191493456 1.0000000180025095e-35 6.1257715097874668
decision_type=2 2 2 2 2 2 2 2 2 2 2 2 2 2 2 2 2 2 2 2 2 2 2 2 2 2 2 2 2 2
left_child=-1 2 5 4 -4 8 7 -7 9 10 12 15 13 -2 26 16 17 18 -12 23 24 -22 -23 29 -14 -26 -13 -28 -29 -15
right_child=1 -3 3 -5 -6 6 -8 -9 -10 -11 11 14 20 19 -16 -17 -18 -19 -20 -21 21 22 -24 -25 25 -27 27 28 -30 -31
leaf_value=-0.00075141540987643928 -0.028108335752754933 0.11111285978467951 0.085537058010594705 -0.0079060347579093092 0.012053350737096256 0.028872115462235372 -0.050958092374387878 0.1399040615102479 0.014197748239307398 -0.084281634988958895 0.12200409635794403 0.038308303889456496 0.094374120365764133 0.0078477266285945594 -0.034802178471686741 0.080848717031001938 0.087068751642791348 0.087394055539334936 -0.13347833828362218 0.15319995076194418 -0.047316574611710328 -0.14229868210688318 0.20287162566080583 -0.017706351418217543 -0.082817200085856163 0.16972052046357713 -0.12958165262802251 0.044450605140113175 -0.094508703953249007 0.22992866318593674
leaf_weight=9147.0840241596761 41.597076231189931 6.9026527556125066 19.471754214260727 19.876044629010721 15.061833824962376 11.144691925335797 5.7190850589668107 7.2343383197803623 141.80579183791815 12.351432870920688 1.07525209803134 37.027479298994876 1.7579213083954517 1.7516192037728635 43.535950430610683 23.207041856359865 10.878962962189689 2.6460737395100304 7.9425974577607121 5.6809969532769165 7.735989870674528 1.3947375264251602 3.1885042714420706 6.8996938542695716 34.790208763814007 0.84688998083583911 5.4903179915563696 14.216667665401475 3.9883118816651395 1.9611674838233737
leaf_count=549351 20386 210 114 499 123 1467 5714 509 16499 2169 16 1031 155 160 2224 298 232 35 624 235 4109 257 150 1269 5798 86 800 188 32 439
internal_value=-0.000339534 0.00723822 0.00577576 0.03106 0.0534871 0.00261952 0.0432586 0.0725764 0.000241198 -0.00708983 -0.00338882 0.0104836 -0.0227279 0.000753323 -0.00530527 0.0464645 0.0110673 -0.0598194 -0.103016 0.0744368 -0.050071 0.00668444 0.097832 0.0322739 -0.0687683 -0.0768158 0.0158429 -0.0192627 0.0140077 0.125155
internal_weight=9644.27 497.181 490.278 54.4096 34.5336 435.869 24.0981 18.379 411.771 269.965 257.613 150.009 107.605 57.8906 104.259 45.7499 22.5429 11.6639 9.01785 16.2935 49.7143 12.3192 4.58324 10.6125 37.395 35.6371 60.7228 23.6953 18.205 3.71279
internal_count=615179 65828 65618 736 237 64882 7690 1976 57192 40693 38524 5480 33044 22489 4275 1205 907 675 640 2103 10555 4516 407 1868 6039 5884 2051 1020 220 599
is_linear=0
shrinkage=0.1


Tree=140
num_leaves=31
num_cat=0
split_feature=4 1 1 20 1 1 20 1 1 18 4 1 8 6 1 1 20 17 13 1 1 18 20 13 1 0 0 4 1 4
split_gain=2.2724 3.48963 7.38897 6.04382 15.0179 8.42453 5.29037 5.80493 6.65799 5.39202 6.52364 5.11136 4.63477 4.42032 7.28046 4.16157 4.13162 3.75953 3.69929 3.50839 5.0061 7.29368 6.96639 5.88803 6.92704 6.21787 5.54157 5.10844 4.5345 4.22502
threshold=0.059701492537313453 196.50000000000003 252.50000000000003 0.34002687304659512 237.50000000000003 235.50000000000003 0.035652490117793111 187.50000000000003 177.00000000000003 1.0000000180025095e-35 0.19657567049808433 30.500000000000004 1.0000000180025095e-35 1.0000000180025095e-35 177.00000000000003 86.500000000000014 0.0073322586728712018 1.0000000180025095e-35 1.0000000180025095e-35 192.50000000000003 137.50000000000003 1.0000000180025095e-35 0.38735015236272391 1.0000000180025095e-35 122.50000000000001 20.998452064621485 8.9741728451484679 0.20857279693486594 149.50000000000003 0.26766169154228864
decision_type=2 2 2 2 2 2 2 2 2 2 2 2 2 2 2 2 2 2 2 2 2 2 2 2 2 2 2 2 2 2
left_child=-1 6 3 5 -5 -3 7 8 -2 10 16 17 -9 19 15 -15 -10 -8 -6 20 23 22 -22 24 25 -13 -26 -28 -24 -21
right_child=1 2 -4 4 18 -7 11 12 9 -11 -12 13 -14 14 -16 -17 -18 -19 -20 29 21 -23 28 -25 26 -27 27 -29 -30 -31
leaf_value=0.0040876160698800059 -0.0033593522924141987 -0.073765835059042481 -0.00075823439037421645 -0.00049623429787559736 -0.11613418808903322 -0.0022764226325981502 0.037162381934763976 -0.0019336712455186433 -0.030278097810227195 0.073974825742198866 -0.047998150534805217 -0.010078144425647851 -0.099021921275669889 0.062358880785651022 0.095456292527653738 -0.082558802175390605 0.08344614673387446 0.15932240435071418 0.22463242232871483 0.012710730477602409 -0.038385324880416738 0.03332469957527983 -0.12420359773451127 0.074140576091149046 -0.025022251890979775 -0.16792734908556217 0.0058428446449223645 0.044017732908641076 0.0092894880221199468 0.067470384975519396
leaf_weight=1203.6353509146647 522.41069913488354 39.285417030472672 7055.514422760707 168.33957899278903 13.696473088959461 28.400885345301504 7.4548380025662464 8.9808093924657442 4.5321405077702392 20.731479493202642 12.233447962964417 67.631346937883791 10.86599382966233 3.3898538465145975 14.686704385792837 4.7699444511235924 10.824450227024498 3.805192578722199 0.32615565694868642 44.403137744826381 75.306628807293237 35.825838966760784 2.6368060334971224 15.467246008120126 22.211669138872821 2.5911055295146062 58.798493411217351 86.801666950108483 72.731448944614385 20.639023392646777
leaf_count=59622 55014 9598 431219 7580 1763 6127 147 1012 351 366 641 12340 1114 161 169 1051 267 464 25 1766 14188 643 217 1172 2333 150 1316 1146 2461 696
internal_value=2.28918e-05 -0.000557105 -0.00135694 -0.0182504 -0.00877868 -0.0437692 0.00461514 -0.00192327 -7.44707e-05 0.0354388 0.00648246 0.0117772 -0.0550888 0.0103552 0.0533791 -0.0223551 0.0498831 0.0784449 -0.108208 0.00840893 0.00520444 -0.00723132 -0.0168743 0.0143534 0.0104685 -0.0159025 0.0215037 0.0286014 0.00461915 0.0300869
internal_weight=9638.93 8435.29 7305.56 250.049 182.362 67.6863 1129.73 590.579 570.732 48.3215 27.59 539.151 19.8468 527.891 22.8465 8.1598 15.3566 11.26 14.0226 505.044 440.002 186.501 150.675 253.502 238.034 70.2225 167.812 145.6 75.3683 65.0422
internal_count=615119 555497 456312 25093 9368 15725 99185 58765 56639 1625 1259 40420 2126 39809 1381 1212 618 611 1788 38428 35966 17509 16866 18457 17285 12490 4795 2462 2678 2462
is_linear=0
shrinkage=0.1


Tree=141
num_leaves=31
num_cat=0
split_feature=3 3 0 17 4 0 3 4 20 4 5 4 15 12 5 4 20 1 0 19 1 17 1 1 20 8 1 20 5 1
split_gain=2.07701 3.152 6.57015 4.41632 3.1854 3.03179 3.46305 4.71393 4.30981 3.47852 2.98736 2.08722 6.41808 3.09887 4.99604 3.68908 3.3933 6.11345 5.16232 5.11966 9.62532 8.80559 5.43299 4.72143 8.3736 4.47401 6.66858 5.70798 4.35809 4.33663
threshold=0.74440298507462699 0.56156716417910457 30.668783987924492 1.0000000180025095e-35 0.32629310344827595 1.9295787295654112 0.66604477611940316 0.074999999999999997 0.57524180914986833 0.14273460284782988 2.5000000000000004 0.41218869731800772 1.0000000180025095e-35 1.0000000180025095e-35 1.5000000000000002 0.42123756218905478 0.75798462856626292 13603.000000000002 8.6941201527862315 1.0000000180025095e-35 1066.5000000000002 1.0000000180025095e-35 978.50000000000011 305.50000000000006 0.50565674270424765 1.0000000180025095e-35 1503.0000000000002 0.17271391033593617 1.0000000180025095e-35 2514.0000000000005
decision_type=2 2 2 2 2 2 2 2 2 2 2 2 2 2 2 2 2 2 2 2 2 2 2 2 2 2 2 2 2 2
left_child=1 11 3 4 -3 -5 8 -8 -7 -10 -9 -1 13 16 15 -15 19 18 29 20 21 22 -13 24 -23 -21 27 -27 -28 -18
right_child=-2 2 -4 5 -6 6 7 10 9 -11 -12 12 -14 14 -16 -17 17 -19 -20 25 -22 23 -24 -25 -26 26 28 -29 -30 -31
leaf_value=-0.00090870025742722431 -0.033307891139880523 0.014664644052356178 0.049121261288848875 -0.042600962162516937 -0.13058283992409966 -0.034592051835924578 -0.0060103740068793753 0.066000012844993794 0.059158963395355479 -0.084654692057231487 -0.070236811134985741 0.02538971572343944 0.095718506585288562 0.11630571777587893 -0.082133162001072235 0.028707843361351543 0.10291959191099237 -0.0064430903188770457 0.0130135526968798 -0.00073610572023427774 -0.056041217006758327 -0.019268243607361776 0.13948024721068256 -0.048436522050066454 0.12723516757040443 0.082210456311932106 0.18941378809316867 -0.057831364300809984 -0.076493501239562778 0.020184803767110827
leaf_weight=8574.4330490640259 18.897325985133648 209.39138405899575 36.474342567147687 22.923078246429213 1.5208634636946943 44.707237369584618 38.960167206823826 18.076027360773882 9.5504988901666348 2.0413727789418763 1.7668533086980449 16.619459219888089 7.6971263305749735 5.8588829484797307 3.4486231768969438 26.793977370969515 12.467485417379068 176.78035785534303 202.9149541674924 68.93918970136292 48.327532313785923 18.035378704447798 5.5736726712784721 28.574828274016909 4.9782513870159155 6.0746278488877596 4.3932749847881487 5.5876858733099652 0.71694772681803431 12.880950969527474
leaf_count=514491 699 7779 999 4324 345 7055 1259 880 329 250 102 2515 259 398 5383 2657 179 6372 10687 19523 8081 6459 204 10275 378 1227 200 1201 249 337
internal_value=-0.000187726 -0.000122642 0.00873766 0.00451637 0.0136173 -0.00939045 -0.00277644 0.0141958 -0.0205035 0.0338328 0.0538692 -0.000492573 0.00494105 0.00386437 0.0323359 0.0444255 0.00218723 0.00751716 0.0183288 -0.00820085 -0.0213507 0.0013718 0.0540429 -0.0212871 0.012423 0.0105331 0.0568524 0.0151132 0.152108 0.0608774
internal_weight=9635.41 9616.51 385.412 348.937 210.912 138.025 115.102 58.803 56.2991 11.5919 19.8429 9231.1 656.663 648.966 36.1015 32.6529 612.865 405.044 228.263 207.821 122.109 73.7816 22.1931 51.5885 23.0136 85.7117 16.7725 11.6623 5.11022 25.3484
internal_count=615096 614397 23322 22323 8124 14199 9875 2241 7634 579 982 591075 76584 76325 8438 3055 67887 17575 11203 50312 27912 19831 2719 17112 6837 22400 2877 2428 449 516
is_linear=0
shrinkage=0.1


Tree=142
num_leaves=31
num_cat=0
split_feature=3 1 1 20 0 7 1 8 4 20 20 4 5 18 0 4 20 4 1 1 8 18 13 17 4 4 1 20 20 3
split_gain=2.69578 2.83878 12.642 4.08148 6.63419 4.49487 4.10592 5.6564 5.58381 5.83683 9.92234 5.41369 6.43127 5.13708 4.64891 4.04928 3.94638 3.80144 3.61638 4.58509 3.46272 3.43922 4.18981 3.42693 3.08961 4.80795 3.38634 3.29142 3.04809 2.9237
threshold=0.48320895522388069 180.50000000000003 177.00000000000003 0.0097741969836408291 2.3601013847401293 1.7500000000000002 139.50000000000003 1.0000000180025095e-35 0.23025497512437809 0.30258554447136893 0.15536325079745697 0.30715174129353245 2.5000000000000004 1.0000000180025095e-35 1.295162500656341 0.14667145593869738 0.36199550496186472 0.2963840996168583 126.50000000000001 124.50000000000001 1.0000000180025095e-35 1.0000000180025095e-35 1.0000000180025095e-35 1.0000000180025095e-35 0.040637330588437111 0.22235696517412934 153.00000000000003 0.50565674270424765 0.0011554746511978527 0.56156716417910457
decision_type=2 2 2 2 2 2 2 2 2 2 2 2 2 2 2 2 2 2 2 2 2 2 2 2 2 2 2 2 2 2
left_child=-1 2 3 4 5 23 8 13 -5 10 14 12 -12 24 -10 -7 -9 18 19 -16 -20 22 -6 28 -8 27 -27 -26 -2 -3
right_child=1 29 -4 6 21 15 7 16 9 -11 11 -13 -14 -15 17 -17 -18 -19 20 -21 -22 -23 -24 -25 25 26 -28 -29 -30 -31
leaf_value=0.0060953616514844849 -0.018258001269191144 -0.0011953929393073133 0.049287390168081854 0.0015253837548668029 -0.029799885625043068 -0.02071726406624616 -0.026519506116876219 -0.050799482408823426 -0.050396233550495752 0.047745107697718642 0.015956601281689273 -0.12280519159021215 -0.13423992242623656 -0.076807039508945463 0.0035377477899328361 0.071690763159054968 -0.0055901884612912936 0.042472483179051723 -0.068513396727679352 -0.1582071178991048 0.083861397671030583 -0.06726182078218236 0.06892773360872316 -0.034314668846650714 0.040545180685084725 -0.087569657890873884 0.01045384334926657 0.20607129338371166 0.0090646541524929142 0.009844890500850783
leaf_weight=739.89707176715456 58.147816011100076 7584.4735696161661 59.8881768784413 301.67629778464106 40.547294042888097 6.8666938143724137 12.850691919971721 36.926111221204337 8.3256074781456828 64.409712146152742 12.939194120495818 6.849405553250107 3.6564963827840975 6.1859230581903821 51.238107521072379 15.325043313088825 40.469115231724572 71.418999048073601 1.765895080563493 1.8146891798824061 9.5941225924616447 22.349526081932709 4.808225965127348 32.13295163881412 42.320241200271994 4.8735616454359869 12.729521693574496 1.2363917818875041 137.09660229232395 247.70179077935973
leaf_count=116257 7139 397184 1569 23533 2714 214 551 5004 2310 844 713 982 162 916 4527 292 1706 4170 206 94 252 1853 118 11538 2548 948 530 91 12043 14139
internal_value=0.000295517 -0.000186616 0.00464866 0.00199801 -0.00739206 0.000139616 0.00630773 -0.00787486 0.0104957 0.0221594 0.0123268 -0.0480068 -0.0171359 0.0107367 0.0221392 0.0430973 -0.02716 0.0265851 0.00896964 -0.00199479 0.060175 -0.0351548 -0.0193336 -0.004053 0.0180538 0.0274194 -0.0166848 0.0452438 0.000927404 -0.000846231
internal_weight=9640.51 8900.62 1068.44 1008.55 317.274 249.569 691.28 157.592 533.689 232.012 167.603 23.4451 16.5957 80.1963 144.157 22.1917 77.3952 135.832 64.4128 53.0528 11.36 67.705 45.3555 227.377 74.0104 61.1597 17.6031 43.5566 195.244 7832.18
internal_count=615147 498890 87567 85998 35911 31226 50087 12294 37793 14260 13416 1857 875 5584 11559 506 6710 9249 5079 4621 458 4685 2832 30720 4668 4117 1478 2639 19182 411323
is_linear=0
shrinkage=0.1


Tree=143
num_leaves=31
num_cat=0
split_feature=20 1 9 1 1 4 1 20 1 16 0 20 1 10 1 1 20 0 0 19 13 1 1 1 1 3 1 1 0 5
split_gain=2.46847 3.90612 10.0068 8.07594 6.83649 15.6404 11.6845 11.5133 8.46458 13.6628 7.35123 9.78294 6.95422 6.76433 6.72532 20.2547 13.8743 9.15894 7.29914 7.24391 22.3305 17.6424 38.036 13.4923 26.3166 13.2112 11.1813 17.1541 11.7253 8.61463
threshold=0.95533903296776679 877.00000000000011 1.0000000180025095e-35 931.00000000000011 859.50000000000011 0.27847222222222229 823.50000000000011 0.68161890165561989 812.50000000000011 1.0000000180025095e-35 35.381685933110013 0.58102809574536685 732.50000000000011 1.0000000180025095e-35 714.50000000000011 701.00000000000011 0.35681467881536183 8.0174438635109553 6.9875804242108961 1.0000000180025095e-35 1.0000000180025095e-35 448.50000000000006 456.50000000000006 643.50000000000011 626.50000000000011 0.49813432835820898 448.50000000000006 456.50000000000006 14.340531860547591 1.0000000180025095e-35
decision_type=2 2 2 2 2 2 2 2 2 2 2 2 2 2 2 2 2 2 2 2 2 2 2 2 2 2 2 2 2 2
left_child=1 2 4 -3 6 10 7 8 14 -10 11 -6 -9 -8 15 19 18 -16 -17 23 21 -21 -23 24 26 -24 -1 -28 -29 -27
right_child=-2 3 -4 -5 5 -7 13 12 9 -11 -12 -13 -14 -15 17 16 -18 -19 -20 20 -22 22 25 -25 -26 29 27 28 -30 -31
leaf_value=0.00093492844142239778 0.0047196735233433545 -0.043090333914576569 -0.025312602806721429 -0.0021267749015909105 -0.026935736969243607 -0.083990690050888467 -0.026290807097413701 0.015556646729505078 -0.059135779201550769 0.086680562134120273 -0.032531993394967297 0.071314772821867031 0.064099491982128554 -0.11951188204720323 -0.042594691071317685 0.047823518074351055 -0.022968058592109708 -0.0020752800917761089 0.11996121747134779 -0.0083862019007693005 0.048858924618507417 0.11999190992914857 0.057584479077234629 -0.041900570082789662 0.050043938141432646 0.14592478949111809 -0.10912675144473315 -0.032123587734867023 0.0051545343549903311 -0.046076630560486817
leaf_weight=1918.5603042508483 959.49751466863381 48.62373326172019 132.2298912208953 4720.2612805017725 12.142633440205826 10.834148809837641 64.294547813917234 89.036488583238679 8.5193264008084935 26.148699153913185 11.017839713371357 61.278248187154531 44.143803316808771 8.8560616663889942 79.06951823475174 34.390958283271175 18.127332417789148 189.43709985982423 23.687355349422432 391.64067476270611 123.85002288414398 36.653496355284005 22.203589228956844 78.919426519023546 101.12719582939462 2.466167458536801 19.663352759758709 164.85411590251169 172.83563413695083 44.559094128992001
leaf_count=165155 15613 10644 28302 243953 765 896 5160 3504 1688 502 313 536 1801 824 10197 545 2235 14401 303 38522 3694 444 4073 9286 3160 506 1873 24296 13501 8410
internal_value=-9.28577e-05 -0.000626104 0.00172532 -0.00254444 0.0026766 0.0291224 0.00198877 0.00279499 0.00168339 0.0508476 0.0436357 0.0550657 0.0316466 -0.0375767 0.00118532 0.0024789 0.0534069 -0.0140074 0.077245 0.00121774 0.0108634 0.0014051 0.0376214 -0.00122268 0.00012785 -0.00598993 -0.00209011 -0.0183309 -0.013044 -0.0360074
internal_weight=9618.93 8659.43 3890.55 4768.89 3758.32 95.2729 3663.04 3589.89 3456.71 34.668 84.4387 73.4209 133.18 73.1506 3422.05 3153.54 76.2056 268.507 58.0783 3077.33 621.373 497.523 105.882 2455.96 2377.04 69.2289 2275.91 357.353 337.69 47.0253
internal_count=615102 599489 344892 254597 316590 2510 314080 308096 302791 2190 1614 1301 5305 5984 300601 276003 3083 24598 848 272920 55649 51955 13433 217271 207985 12989 204825 39670 37797 8916
is_linear=0
shrinkage=0.1


Tree=144
num_leaves=31
num_cat=0
split_feature=3 0 1 1 1 1 1 1 4 1 6 10 4 4 19 1 3 7 1 4 4 11 10 4 10 1 20 0 4 1
split_gain=2.37937 4.41747 4.17981 6.37576 8.33707 6.23388 6.87565 13.9869 5.17269 4.11882 4.10222 8.55218 6.28679 5.63112 5.21308 8.89108 5.06701 4.99148 8.01348 12.4854 6.342 5.62622 5.04255 8.25712 4.65038 5.0599 4.48919 6.92025 4.15758 7.1468
threshold=0.48320895522388069 69.580935400151077 1027.0000000000002 1102.0000000000002 1176.0000000000002 1190.5000000000002 1384.0000000000002 1422.5000000000002 0.22235696517412934 1518.0000000000002 1.0000000180025095e-35 1.0000000180025095e-35 0.27694859038142633 0.34850746268656724 1.0000000180025095e-35 37272.500000000007 0.56156716417910457 1.7500000000000002 14674.500000000002 0.15466954022988508 0.2992537313432837 1.0000000180025095e-35 1.0000000180025095e-35 0.21840796019900496 1.0000000180025095e-35 28587.500000000004 0.65626515006646624 37.18684609972977 0.07885536398467434 8612.5000000000018
decision_type=2 2 2 2 2 2 2 2 2 2 2 2 2 2 2 2 2 2 2 2 2 2 2 2 2 2 2 2 2 2
left_child=-1 10 -3 8 -5 -6 -7 -8 -4 -9 11 -2 26 14 17 16 -16 18 21 -20 22 28 -19 -24 25 -22 -13 -28 29 -12
right_child=1 2 3 4 5 6 7 9 -10 -11 13 12 -14 -15 15 -17 -18 20 19 -21 24 -23 23 -25 -26 -27 27 -29 -30 -31
leaf_value=0.0058399846546155695 0.00040123885863917251 -0.046767867126493917 0.062327611515387682 -0.090635553266015786 0.089718215985294836 -0.058654001268745537 0.073389438418512989 -0.10941725458893231 -0.065446970717518427 -0.0067422162292546427 0.04332656451939329 -0.012790215540649373 0.00011393045776746261 -0.008899766845617359 -0.013240079261889769 0.035636825497876994 0.015019168018573914 0.044267920408575474 0.01138637749760423 -0.23677306772811804 -0.11412989350450962 0.076382676638003036 -0.0524578996326747 0.042543002737577273 0.10021932218730732 0.078804743693464976 -0.07506022459087433 -0.0044770607604509146 0.0065455994486482054 -0.12202962769514836
leaf_weight=743.4511023430332 6652.9173638123666 25.31180471603875 21.775686237844642 11.761655349167993 6.7698663672199464 24.649801569816191 22.114551458274946 3.9267889950424424 3.7077822324354193 775.08711300208233 55.792468914441997 47.284944104554597 82.476599039335269 196.42201182943245 235.54933655544301 62.306482066516764 86.842674390529282 44.977167119272053 5.25123227649601 3.3024236472556368 2.3541703550145057 13.694605468481312 18.596085298806429 18.009299732744694 20.66549128992483 3.2166319289244711 45.004628925351426 20.091843288158998 313.27386896765529 2.7422621464356771
leaf_count=116474 406256 3759 480 1107 178 2061 474 329 172 21938 2663 3063 3480 11699 16323 1038 2680 517 41 59 82 133 499 252 148 15 2481 701 15542 88
internal_value=0.000406948 -5.07062e-05 -0.00671 -0.00554428 -0.00703171 -0.00585061 -0.0066341 -0.00503351 0.0437367 -0.00725977 0.000700894 -0.000203568 -0.0208531 0.0064198 0.00981388 0.00105542 -0.00562789 0.0165274 0.0113109 -0.0844238 0.0355929 0.013435 0.0218393 -0.00571888 0.0783604 -0.00272768 -0.0362408 -0.0532749 0.0111165 0.0355799
internal_weight=9569.33 8825.88 895.105 869.793 844.31 832.548 825.778 801.128 25.4835 779.014 7930.77 6847.78 194.858 1083 886.574 384.698 322.392 501.876 394.057 8.55366 107.819 385.503 81.5826 36.6054 26.2363 5.5708 112.381 65.0965 371.809 58.5347
internal_count=614732 498258 30498 26739 26087 24980 24802 22741 652 22267 467760 415981 9725 51779 40080 20041 19003 20039 18526 100 1513 18426 1268 751 245 97 6245 3182 18293 2751
is_linear=0
shrinkage=0.1


Tree=145
num_leaves=31
num_cat=0
split_feature=4 0 1 1 1 13 18 18 4 1 9 20 4 0 1 18 18 20 12 1 0 4 20 1 13 5 0 1 1 16
split_gain=1.72451 1.64898 1.96163 8.79045 4.69639 4.9052 8.66046 7.0269 11.4549 6.19924 5.42388 5.69293 3.76781 3.13091 4.20737 10.8874 10.0614 4.5231 4.42591 4.14566 3.58979 3.41374 3.12099 3.052 6.33349 3.89762 4.57101 4.2115 7.2038 4.87492
threshold=0.0039490049751244047 1.0000000180025095e-35 80.500000000000014 122.50000000000001 59.500000000000007 1.0000000180025095e-35 1.0000000180025095e-35 1.0000000180025095e-35 0.10074626865671636 66.500000000000014 1.0000000180025095e-35 0.083925236174568998 0.25447796934865907 2.2990148251201892 47.500000000000007 1.0000000180025095e-35 1.0000000180025095e-35 0.23629354976228015 1.0000000180025095e-35 51.500000000000007 5.6840281132715713 0.27694859038142633 0.0077752499279550155 139.50000000000003 1.0000000180025095e-35 2.5000000000000004 21.522794736655303 124.50000000000001 137.50000000000003 1.0000000180025095e-35
decision_type=2 2 2 2 2 2 2 2 2 2 2 2 2 2 2 2 2 2 2 2 2 2 2 2 2 2 2 2 2 2
left_child=-1 -2 4 -4 13 6 10 8 22 -8 11 -6 -13 19 16 -16 17 20 -18 -3 -15 -17 -7 24 25 -5 27 29 -29 -27
right_child=1 2 3 23 5 7 9 -9 -10 -11 -12 12 -14 14 15 21 18 -19 -20 -21 -22 -23 -24 -25 -26 26 -28 28 -30 -31
leaf_value=0.014969465250194944 -0.026696715063101884 -0.0038992569669686877 -0.028505657162952665 0.021787749980849438 -0.070538572491964074 0.084756712589766026 0.061015724464837162 -0.061451713597166724 0.11874788742639977 -0.086929800808890623 0.070169806872857551 0.04154005601153004 -0.12136609972692321 -0.001526560151305104 -0.0084714922279857212 0.010113904210899163 -0.08828633154933152 -0.17615627632717132 0.17647755382321853 -0.054111769247037325 0.040978582541981751 0.11223730674866794 -0.037644963627555671 -0.00053984058966859356 -0.054623545755134888 -0.049593473835536722 0.048286631034842556 -0.056244551330875837 0.032594327328548084 0.062061188472958266
leaf_weight=74.250787607263192 23.660207392716984 112.72184573613231 111.17719408615267 181.42259856783494 20.561621497121454 2.7541191628843107 29.65253020520322 4.5081539226230225 19.456126840697834 3.1313657458522348 5.2905178039800367 9.6922886586853547 1.6634211269847572 51.626682888618234 24.863722342146502 4.1375567519571659 14.393596333451566 1.2585955204704067 0.66033685463480729 19.250659110904962 32.301123707409715 15.669551130151374 8.5504717209842038 8692.7737806401128 14.282333263217877 5.8303605919645642 13.296382807195185 33.566205630326294 12.536634288655476 11.874122810084373
leaf_count=3362 3687 16854 20159 8130 5702 158 514 496 757 664 193 825 518 3659 2772 123 724 113 104 4194 1250 115 362 533571 2422 568 161 1956 623 186
internal_value=-0.000211131 -0.000329999 -0.000264046 -0.000559532 0.00675438 0.0247342 0.00941031 0.0551446 0.0722324 0.0468847 -0.0236084 -0.0391528 0.017677 -8.08501e-05 0.0100671 0.035592 -0.00130775 0.0120105 -0.0766725 -0.0112237 0.0148323 0.0909045 -0.00782444 -0.000212987 0.0102019 0.0137832 -0.00505139 -0.0161661 -0.0320868 0.0252916
internal_weight=9556.81 9482.56 9458.9 9076.76 382.144 105.261 69.9917 35.2689 30.7607 32.7839 37.2078 31.9173 11.3557 276.884 144.911 44.6708 100.24 85.1864 15.0539 131.973 83.9278 19.8071 11.3046 8965.58 272.809 258.526 77.1037 63.8073 46.1028 17.7045
internal_count=614922 611560 607873 567776 40097 10189 8416 1773 1277 1178 7238 7045 1343 29908 8860 3010 5850 5022 828 21048 4909 238 520 547617 14046 11624 3494 3333 2579 754
is_linear=0
shrinkage=0.1


Tree=146
num_leaves=31
num_cat=0
split_feature=1 20 1 1 0 7 7 0 0 4 20 0 20 20 4 12 7 4 1 1 20 4 19 4 0 16 0 0 1 20
split_gain=2.63099 3.80292 3.63299 6.2254 11.7815 8.01677 9.14868 10.84 8.96834 8.67051 8.56243 7.57131 6.91495 5.64578 5.2904 5.37476 5.27264 9.3719 4.93588 6.32186 8.17034 8.81803 6.15561 11.6793 8.24382 6.59926 5.75072 7.35301 4.90844 13.3874
threshold=32675.000000000004 0.52115977695809612 14340.000000000002 10610.000000000002 8.4201711490531821 4.5000000000000009 2.5000000000000004 43.901065614140514 62.368971137533727 0.40818965517241385 0.8644051347692755 46.516252163017782 0.73006254226115963 0.98592335930637953 0.20857279693486594 1.0000000180025095e-35 1.7500000000000002 0.26560444901927155 4575.5000000000009 4203.5000000000009 0.70614097360683437 0.39962686567164191 1.0000000180025095e-35 0.40419061302681997 10.28910483923246 1.0000000180025095e-35 35.987009606802765 12.350451396992581 13603.000000000002 0.53151523167933257
decision_type=2 2 2 2 2 2 2 2 2 2 2 2 2 2 2 2 2 2 2 2 2 2 2 2 2 2 2 2 2 2
left_child=2 -2 3 18 -5 6 7 16 28 11 12 -8 -9 14 -12 -16 -6 -18 19 -1 21 -21 23 25 -25 -22 27 -24 29 -7
right_child=1 -3 -4 4 5 8 9 10 -10 -11 13 -13 -14 -15 15 -17 17 -19 -20 20 22 -23 26 24 -26 -27 -28 -29 -30 -31
leaf_value=1.3195334519903455e-05 -0.17326534101919211 0.0062196527424121552 -0.0071489013040461589 -0.13771838378150586 -0.018345352540565383 -0.21515563063971463 -0.0019885126215323412 0.02804122432473919 0.12369345993713009 0.063410952012948274 0.024552191110854736 -0.065658081080904859 0.11008553145359189 0.057894953970979136 -0.017901243753527748 -0.16756989029361694 0.059300868099256679 -0.14523135744911367 -0.0080521069980200363 -0.08453544684729733 0.061672508597731025 0.078422700468945158 -0.13549844228670838 0.052113003856926944 -0.2392637225184073 -0.039956364048976165 -0.034270836883761258 0.062219772700459766 0.056014510574501103 0.052952631151657464
leaf_weight=6868.5458796376515 1.1824504589421838 710.55998146071215 731.32450534647796 5.0897793817857737 69.765899178455584 2.8593140180455521 43.639151551789837 17.270286260172725 13.721146233379839 11.642389436950905 36.454497866914608 32.651355367270298 25.354478511027992 28.240959362010472 14.89010293944739 2.860272543388418 20.450823073275391 2.5158942942507556 756.11533129977033 13.058207663794748 75.635450295871124 4.4529914512531823 2.1207717703655389 1.6318683922290791 2.3976655602455139 6.9789741567801675 23.679198087687837 16.631623522844166 14.720451331697404 5.3417966762790456
leaf_count=529658 338 19300 22438 658 2712 154 2140 413 199 639 750 1504 282 347 467 271 163 213 26124 1424 1131 306 61 28 128 235 1580 482 276 179
internal_value=7.22029e-05 0.00592147 -0.000398209 0.000209885 0.0133056 0.0155507 0.0102532 0.0212445 0.059751 -0.0169714 0.0404543 -0.0292383 0.0768436 0.0216409 0.00275235 -0.0420187 -0.00466411 0.0368953 -0.000375649 0.000451746 0.0210007 -0.0430962 0.0296965 0.0449788 -0.121263 0.0530873 -0.00150952 0.0398592 0.0214743 -0.0405232
internal_weight=9561.78 711.742 8850.04 8118.72 347.469 342.379 305.736 217.803 36.6427 87.9329 125.071 76.2905 42.6248 82.4458 54.2049 17.7504 92.7326 22.9667 7771.25 7015.13 146.587 17.5112 129.076 86.644 4.02953 82.6144 42.4316 18.7524 22.9216 8.20111
internal_count=614600 19638 594962 572524 11367 10709 9901 5618 808 4283 2530 3644 695 1835 1488 738 3088 376 561157 535033 5375 1730 3645 1522 156 1366 2123 543 609 333
is_linear=0
shrinkage=0.1


Tree=147
num_leaves=31
num_cat=0
split_feature=4 12 18 1 3 3 20 1 5 1 1 17 1 1 1 1 1 1 10 1 1 1 1 20 1 1 3 4 1 1
split_gain=1.83585 3.06597 5.03548 3.65929 3.50872 3.53955 3.42859 5.54109 7.12284 6.55287 8.68541 6.33577 8.75076 9.32832 7.19804 7.00622 6.92322 4.41776 4.41123 4.05414 8.21105 3.98685 4.69268 8.02254 3.73879 5.3214 4.14547 3.68712 3.40375 3.75396
threshold=0.052238805970149259 1.0000000180025095e-35 1.0000000180025095e-35 15533.500000000002 0.082929104477611967 0.30037313432835827 0.79101610049150872 1399.5000000000002 1.0000000180025095e-35 2229.0000000000005 2460.0000000000005 1.0000000180025095e-35 28587.500000000004 2514.0000000000005 23098.500000000004 3575.0000000000005 17959.000000000004 974.50000000000011 1.0000000180025095e-35 2200.5000000000005 2088.5000000000005 18911.000000000004 6608.5000000000009 0.86888973156516258 2313.0000000000005 2013.5000000000002 0.56156716417910457 0.0039490049751244047 987.50000000000011 931.00000000000011
decision_type=2 2 2 2 2 2 2 2 2 2 2 2 2 2 2 2 2 2 2 2 2 2 2 2 2 2 2 2 2 2
left_child=1 4 3 -3 -1 -6 24 8 -8 19 -11 12 13 -12 15 18 -13 -10 -15 20 -9 22 -17 -24 25 -7 27 -26 29 -4
right_child=-2 2 28 -5 5 6 7 9 17 10 11 16 -14 14 -16 21 -18 -19 -20 -21 -22 -23 23 -25 26 -27 -28 -29 -30 -31
leaf_value=-0.032189017373615535 -0.00012202613277747996 0.038685706256944341 -0.015633391722181696 -0.21048248294659078 0.016612403283450372 -0.0010060958928976925 0.072401241700910543 0.042114800156153598 0.012247594484950776 -0.14296671644195028 0.10878879935497643 0.056792330102000445 0.024504180515405424 -0.13475469246455532 -0.16966255925099635 0.0057140505847968464 -0.079301055075810659 -0.10206126236729283 0.054847761454704595 0.099815166054689528 -0.16384263913201624 0.048504458644107816 0.016594474582652684 -0.10351939795811516 -0.13442225494111965 0.078707867863155784 0.010760953394189723 -0.027516829879230927 -0.083651267805556359 0.19505214271994478
leaf_weight=27.780635215516668 8517.3234657348657 59.187846224936948 4.7776797001424693 0.59533078875392575 177.23684920102824 389.53526658465125 4.5109089221805361 37.443539709318429 4.7363075080793378 3.8337216153740874 4.9113587383180848 37.798312343598809 70.743521716329269 8.0412429706193471 3.6924581290222696 25.04460864700377 4.1481742596952236 11.815133592579512 1.4480463829822845 11.123514311853794 2.0412521138787261 8.8890789803117496 9.1256017962005007 14.234202171210198 3.3666555907111606 8.5584540058625844 31.577552728820592 77.313705782289617 6.5113845174200833 1.0276074474677441
leaf_count=1096 563200 3250 1383 23 5618 30978 93 645 129 147 62 681 1023 294 91 545 129 534 36 113 68 112 221 389 140 214 930 2618 557 82
internal_value=0.00036456 0.00430767 0.0242092 0.0362044 0.00284192 0.00386507 0.000945823 0.0102074 -0.038992 0.0144803 0.00603906 0.00907637 -0.000757185 -0.0244627 -0.0337489 -0.0262341 0.0433338 -0.069351 -0.105822 0.04649 0.0314674 -0.0130524 -0.0243568 -0.0565964 -0.00383749 0.000707642 -0.0199556 -0.0319778 -0.034014 0.0216605
internal_weight=9568.37 1051.05 72.0998 59.7832 978.95 951.169 773.933 263.581 21.0624 242.519 191.91 188.077 146.13 75.3866 70.4752 66.7828 41.9465 16.5514 9.48929 50.6083 39.4848 57.2935 48.4044 23.3598 510.352 398.094 112.258 80.6804 12.3167 5.80529
internal_count=615401 52201 5295 3273 46906 45810 40192 5312 756 4556 3730 3583 2773 1750 1688 1597 810 663 330 826 713 1267 1155 610 34880 31192 3688 2758 2022 1465
is_linear=0
shrinkage=0.1


Tree=148
num_leaves=31
num_cat=0
split_feature=1 4 0 0 1 7 4 4 7 1 7 4 3 0 4 4 9 1 1 0 7 20 20 20 0 1 20 1 0 4
split_gain=1.72229 3.91201 3.58547 4.01713 2.78605 3.62949 5.8465 5.08758 7.031 5.91415 9.42564 5.62836 12.1795 4.42316 4.05366 4.7489 3.50668 3.29322 9.58387 12.0158 9.11822 12.9467 7.13855 6.929 5.54079 5.31969 9.10074 4.99901 6.52694 7.07352
threshold=75903.000000000015 0.13777985074626864 13.234738271939881 10.594818653918306 37272.500000000007 2.5000000000000004 0.1751865671641791 0.20057471264367818 8.5000000000000018 67494.500000000015 6.5000000000000009 0.3680348258706469 0.49813432835820898 43.004465018024895 0.029508706467661686 0.1506704980842912 1.0000000180025095e-35 14340.000000000002 10610.000000000002 16.541631156087053 4.5000000000000009 0.68161890165561989 0.83662031597016284 0.41576978188243507 60.848635024704144 13603.000000000002 0.58102809574536685 17959.000000000004 8.5574981122609888 0.15466954022988508
decision_type=2 2 2 2 2 2 2 2 2 2 2 2 2 2 2 2 2 2 2 2 2 2 2 2 2 2 2 2 2 2
left_child=4 -2 3 -3 17 6 13 8 -7 10 -9 -12 -13 14 -6 -16 -15 18 -1 -20 21 -21 -23 -19 25 26 -22 28 -25 -30
right_child=1 2 -4 -5 5 7 -8 9 -10 -11 11 12 -14 16 15 -17 -18 23 19 20 24 22 -24 27 -26 -27 -28 -29 29 -31
leaf_value=1.0645983480529004e-05 -0.02977876526153065 -0.010763774927204211 0.0035621548470046167 -0.19928640346193413 -0.25530754864581723 0.0067020200560829763 0.027633405940409712 -0.032877892284663666 0.098862587907168953 -0.089272154744651444 0.061681103400366324 0.055487688769138802 -0.22966296580644899 -0.02066970663431034 -0.013941394066611105 -0.24889226211366922 0.063900250799065583 0.025023877416883628 -0.041914265396034801 -0.027045318514799063 -0.13631328762034026 0.056042496282595104 0.016632940954452745 0.075259108031103472 0.11974937527034379 0.08410966901120287 0.081794182102940344 -0.0045479142909617019 -0.0038544100271179767 -0.048349588758827992
leaf_weight=7793.9834983714172 61.910199652134907 2.8703506549354634 132.42396659012593 1.8644815365842076 1.2051925922278304 107.66297509131255 148.01776995472392 55.348843528336147 8.967521009501068 10.220294390979687 22.2519254705112 4.3195320629747584 2.2930697635747483 19.628816757351164 4.9930269801407121 1.0393553890753535 6.535517760552465 66.644881813554093 31.523142457939684 53.782350621753721 3.8080113630276218 63.306025357509498 167.77336355304578 6.2468135903473003 14.301404213532804 9.9695960371755064 3.8445295708370395 607.24926522826718 62.900423463550396 82.705916826147586
leaf_count=561492 1453 228 4067 190 42 2167 2811 2887 105 635 317 80 81 504 171 60 55 3428 2054 2737 205 1441 4427 143 213 227 91 17609 1382 3482
internal_value=0.000290834 -0.00891327 0.000504911 -0.0850002 0.000486576 0.00873331 0.0191057 -0.000182211 0.0137881 -0.0174363 -0.00871812 0.0376092 -0.0433948 -0.0186843 -0.0878736 -0.0544225 0.000454792 0.00012566 0.000735915 0.016965 0.0228241 0.0171446 0.0274295 -0.00589177 0.0735038 0.0359728 -0.0267391 -0.00860599 -0.0248339 -0.0291281
internal_weight=9559.59 199.069 137.159 4.73483 9360.52 392.484 181.42 211.064 116.63 94.4337 84.2134 28.8645 6.6126 33.4019 7.23757 6.03238 26.1643 8968.04 8142.29 348.308 316.785 284.862 231.079 825.747 31.9235 17.6221 7.65254 759.102 151.853 145.606
internal_count=614784 5938 4485 418 608846 9915 3643 6272 2272 4000 3365 478 161 832 273 231 559 598931 572887 11395 9341 8605 5868 26044 736 523 296 22616 5007 4864
is_linear=0
shrinkage=0.1


Tree=149
num_leaves=31
num_cat=0
split_feature=2 2 20 2 2 13 18 3 18 3 2 16 0 20 5 7 0 2 2 2 2 0 2 2 0 0 5 20 0 11
split_gain=2.41985 4.84687 4.20217 4.74856 5.32079 4.67775 9.34712 7.79841 10.9823 5.94876 5.48844 4.61787 3.61221 4.20185 3.74442 3.82411 3.5258 5.91952 3.37732 6.67234 4.53574 4.08438 3.33057 4.21267 3.32186 3.31331 2.72099 3.19681 2.63424 2.603
threshold=5.2012518591713119 5.1817677692072932 0.30898398004262401 4.4005842009683471 4.1026092131977068 1.0000000180025095e-35 1.0000000180025095e-35 0.69216417910447781 1.0000000180025095e-35 0.63992537313432851 4.2121001622835372 1.0000000180025095e-35 2.1776369112410761 0.0087427913135088957 2.5000000000000004 1.7500000000000002 1.2396465114826449 4.7664292796317111 5.07203900872703 4.8322978221268906 5.1209788959100075 4.2726958094591696 4.6491756246494491 4.8940944640863338 12.703102151341179 1.0169974151622001 1.0000000180025095e-35 0.005256615060442873 4.0197801389944017 1.0000000180025095e-35
decision_type=2 2 2 2 2 2 2 2 2 2 2 2 2 2 2 2 2 2 2 2 2 2 2 2 2 2 2 2 2 2
left_child=1 2 3 4 12 6 9 8 -7 -6 -8 25 14 -14 -1 -16 17 -13 19 -18 28 -21 -4 -24 26 -5 27 -3 -20 -2
right_child=29 24 22 11 5 7 10 -9 -10 -11 -12 16 13 -15 15 -17 18 -19 20 21 -22 -23 23 -25 -26 -27 -28 -29 -30 -31
leaf_value=-0.033982175417777642 -0.00057332555566299811 -0.21813195330205135 -0.079089194309543656 -0.044163776988434947 -0.06006092594775303 0.12251116804592783 0.061098713790021957 -0.00061831503645520846 -0.05431951031797333 0.02283636312137997 -0.079968595300974221 -0.14896005242572868 -0.022816532124478525 0.019667974675951119 -0.00703078113320475 0.051217870636052799 0.032260146364026278 0.080855976832625132 0.023632352340382558 -0.021575664111311874 -0.020366608365544357 -0.13007193643809861 0.037853537716660175 0.0062610336277706211 -0.081149491364238061 -0.0089211792588754623 0.041559151519160363 0.0060128855255440726 0.11174939226388594 0.0079501232955062583
leaf_weight=45.855862216660171 8103.3489568120185 0.85442447944660616 3.5316106672544256 29.063361249727677 20.341797612603841 19.403759516251743 31.064623047364876 15.560404316522179 4.2884037967305622 15.069445686232937 3.0267370374058364 1.2261644792743016 28.663973489485215 123.93647344145029 86.522559977354831 12.959019139409063 13.320500284666197 13.042342723347245 6.4430064698681253 8.4695262778550369 9.3736016338225436 5.8776512644253662 70.709255920024589 104.71141110605458 2.5022467703383873 324.79828323106267 57.163129056585603 2.4924337481807015 7.1659036632627249 374.87319844167359
leaf_count=13790 501258 47 257 10104 6616 710 528 622 494 829 692 84 1541 7850 8799 254 288 331 130 270 358 194 984 5906 475 36228 1386 686 86 13060
internal_value=0.000368498 0.00485567 0.0031679 0.000156318 0.00785275 0.0267846 0.0111988 0.0543815 0.0905039 -0.0247835 0.0485743 -0.00731797 0.000942133 0.0116878 -0.0103406 0.000557009 0.0171986 0.0611067 0.00482937 -0.0187053 0.0331617 -0.0660237 0.0170598 0.0189955 0.031759 -0.0118157 0.036428 -0.0512094 0.0700312 -0.000196453
internal_weight=9545.66 1067.44 1004.43 825.473 406.693 108.755 69.5026 39.2526 23.6922 35.4112 34.0914 418.78 297.938 152.6 145.337 99.4816 64.9187 14.2685 50.6502 27.6677 22.9825 14.3472 178.952 175.421 63.0122 353.862 60.51 3.34686 13.6089 8478.22
internal_count=614857 100539 97945 90798 42725 10491 8665 1826 1204 7445 1220 48073 32234 9391 22843 9053 1741 415 1326 752 574 464 7147 6890 2594 46332 2119 733 216 514318
is_linear=0
shrinkage=0.1


Tree=150
num_leaves=31
num_cat=0
split_feature=1 1 0 20 1 1 16 13 1 1 4 20 1 1 1 19 1 0 1 20 1 1 10 1 20 1 1 0 0 16
split_gain=2.70083 6.37096 4.68521 3.54118 4.0865 12.9322 10.3149 10.1351 23.7223 26.8829 13.0839 12.9444 15.0043 26.6194 19.2188 11.4137 11.1277 12.5608 9.81216 11.8552 11.5476 20.9781 10.8745 9.61388 8.75327 8.0932 13.1428 7.97087 7.75618 10.8171
threshold=180.50000000000003 177.00000000000003 9.8405408509311965 0.84576245483440038 1436.5000000000002 1518.0000000000002 1.0000000180025095e-35 1.0000000180025095e-35 1160.0000000000002 1176.0000000000002 0.23420398009950255 0.12910733939439209 399.00000000000006 436.50000000000006 512.50000000000011 1.0000000180025095e-35 1229.0000000000002 14.156343067793001 877.00000000000011 0.77219929139569443 793.00000000000011 740.00000000000011 1.0000000180025095e-35 429.50000000000006 0.71094166581115481 636.50000000000011 666.50000000000011 97.128639846686283 9.1113486011167151 1.0000000180025095e-35
decision_type=2 2 2 2 2 2 2 2 2 2 2 2 2 2 2 2 2 2 2 2 2 2 2 2 2 2 2 2 2 2
left_child=1 -1 -3 4 7 -6 -7 18 10 -10 11 12 15 23 -15 -9 24 -18 20 27 21 -2 -22 -14 -11 -16 -27 28 -20 -30
right_child=3 2 -4 -5 5 6 -8 8 9 16 -12 -13 13 14 25 -17 17 -19 19 -21 22 -23 -24 -25 -26 26 -28 -29 29 -31
leaf_value=0.0029762167825946916 -0.00095425010248621409 0.043753329709056848 -0.06623527337044903 0.0026655214452292863 -0.04908025179619304 -0.0021666443805771606 -0.032325068287719513 -0.034988601919356307 0.13505650859610965 0.0054945765039588739 -0.015614004490221937 -0.0049638077959535771 0.049947815595430822 -0.070724247354707309 0.065991828592953411 0.041649735512683757 -0.030128764493341783 0.051117988651015092 0.0010137205040160432 0.010947799991691728 0.02240617117349393 -0.071484242275120513 -0.098898378884628643 0.1696183822371975 -0.10329840026275833 -0.077363590870112547 0.037839353147268058 0.056323982436159485 -0.041130974419885315 -0.0033232289475690377
leaf_weight=996.69922170699283 1812.7978188909474 56.865492306347733 4.155923022713977 2536.5904376308172 65.355552730459749 1966.4754332005723 120.35013111781518 54.372192381648347 25.458843711996451 29.759148053301033 300.16266281284697 261.13953190840402 10.121684077545071 18.05133897599444 59.889249114174163 30.240883760969155 22.581240245024674 120.94652106141439 100.62477044162733 146.94020885930513 274.0662650940576 43.175812774989026 7.5949928549525785 19.934449256397784 9.8411735149566066 12.463627380318938 48.199555045168381 12.81650840124348 264.07764339854293 106.06982741843785
leaf_count=98097 151596 1918 698 62747 6149 101406 13499 6446 421 1777 38867 26881 673 2586 2898 749 3181 3978 16279 6434 12914 9695 771 229 617 985 3083 879 31160 7466
internal_value=0.000131806 0.00489655 0.0362624 -0.000462499 -0.00179749 -0.00527774 -0.00390592 0.00017811 0.00868249 0.0387729 0.000977292 0.0106584 0.0267658 0.0440054 0.0255054 -0.00759791 0.0253873 0.0383354 -0.00296526 -0.0139275 0.000268236 -0.002595 0.0191352 0.129318 -0.0215418 0.0399147 0.0141702 -0.021486 -0.0236043 -0.0302967
internal_weight=9537.82 1057.72 61.0214 8480.1 5943.51 2152.18 2086.83 3791.33 1023.16 208.587 814.575 514.413 253.273 168.66 138.604 84.6131 183.128 143.528 2768.16 630.529 2137.63 1855.97 281.661 30.0561 39.6003 120.552 60.6632 483.589 470.772 370.147
internal_count=615079 100713 2616 514366 451619 121054 114905 330565 93371 9974 83397 44530 17649 10454 9552 7195 9553 7159 237194 62218 174976 161291 13685 902 2394 6966 4068 55784 54905 38626
is_linear=0
shrinkage=0.1


Tree=151
num_leaves=31
num_cat=0
split_feature=20 1 1 0 1 16 1 4 4 20 19 1 1 0 4 1 4 1 20 4 1 3 1 0 4 1 0 20 4 4
split_gain=1.61232 11.1017 7.83465 6.83846 5.51836 11.2906 10.7902 11.5283 8.28848 7.11593 11.2894 5.67741 5.63919 6.78133 5.98598 5.53062 9.12949 8.54038 7.26184 5.49808 7.61975 5.36428 5.22136 5.1697 5.14848 5.13051 4.9984 4.96571 4.94383 4.7442
threshold=0.71094166581115481 812.50000000000011 732.50000000000011 23.590134092139383 3469.5000000000005 1.0000000180025095e-35 2764.0000000000005 0.28247126436781617 0.45009578544061307 0.89965401021936353 1.0000000180025095e-35 3230.0000000000005 17959.000000000004 10.28910483923246 0.40357587064676625 1685.0000000000002 0.39962686567164191 1307.0000000000002 0.8318254483245543 0.14667145593869738 32675.000000000004 0.49813432835820898 2229.0000000000005 8.8342876250336833 0.18308457711442794 2553.5000000000005 10.594818653918306 0.83662031597016284 0.14273460284782988 0.4641019042717448
decision_type=2 2 2 2 2 2 2 2 2 2 2 2 2 2 2 2 2 2 2 2 2 2 2 2 2 2 2 2 2 2
left_child=-1 2 24 4 5 6 9 11 -9 10 15 -8 29 14 19 17 22 18 -3 -14 -21 -13 -17 -22 -2 -18 -23 -19 -12 -6
right_child=1 3 -4 -5 12 -7 7 8 -10 -11 28 21 13 -15 -16 16 25 27 -20 20 23 26 -24 -25 -26 -27 -28 -29 -30 -31
leaf_value=-0.0010015874870370972 -0.020020800296867439 -0.018208752178907696 0.07317017948537459 -0.0015395841378842308 -0.0038403000235219635 -0.11556772710202677 0.039405543309155494 0.098180592992285043 -0.018121908027570407 0.058525103786292582 -0.0083951262003501854 0.055628943108228107 0.021172147275660622 0.017684483434297859 0.00017909037903838824 -0.06615329758527895 0.039338266016004014 0.050302194605756391 0.074171577097125047 -0.28881498065186179 -0.29670954087721663 0.13659524458315264 -0.0027710832639946739 0.0095635375305066998 0.037482760695694096 -0.12371302194825876 -0.1237248584132708 -0.031935249765533469 -0.12142049766347927 -0.052581131375949386
leaf_weight=5516.6688180426518 26.210655168048106 56.990787878748961 34.494292157061864 2981.1470860508489 278.22442512767157 6.2485272840713142 15.683308183914052 42.975316586671397 7.146716930292313 28.531831460772082 6.5303506899508674 3.2124072550213887 2.3231139492127131 237.1574573967082 13.325685769494156 26.918992790699122 33.800997734026168 80.989151780595421 10.002650735899804 2.581523411849048 0.70705825171899084 0.8212921889498811 25.131082550738938 2.4989459334465209 38.353089635711513 2.0466492514533448 7.2374520216835663 8.0745003023184818 9.4997295347129675 21.514164032661938
leaf_count=483581 968 3278 1149 96474 9130 554 453 808 351 308 434 109 114 6049 713 1313 1224 2126 186 162 114 17 789 85 1407 166 294 173 1235 1112
internal_value=0.00010759 0.00163337 0.0346946 0.000796066 0.00828167 0.0177199 0.019998 0.0532364 0.0815974 0.0111184 0.00591581 0.000498766 0.00199594 0.0128159 -0.0410473 0.0112574 -0.00880506 0.0225575 -0.00441564 -0.108782 -0.160945 -0.0536383 -0.0355508 -0.0579825 0.0141383 0.0300292 -0.0971948 0.0428466 -0.0753761 -0.00733874
internal_weight=9527.05 4010.38 99.058 3911.32 930.174 371.842 365.593 77.0765 50.122 288.517 259.985 26.9545 558.332 258.594 21.4363 243.955 87.8977 156.057 66.9934 8.11064 5.78753 11.2712 52.0501 3.206 64.5637 35.8476 8.05874 89.0637 16.0301 299.739
internal_count=614876 131295 3524 127771 31297 13818 13264 2032 1159 11232 10924 873 17479 7237 1188 9255 3492 5763 3464 475 361 420 2102 199 2375 1390 311 2299 1669 10242
is_linear=0
shrinkage=0.1


Tree=152
num_leaves=31
num_cat=0
split_feature=1 0 0 0 1 1 20 19 1 1 5 13 20 4 4 20 4 5 0 1 7 7 1 4 1 1 4 20 1 4
split_gain=3.86833 4.27245 2.64289 3.91545 2.2658 11.5645 8.31476 6.78249 6.3301 10.3679 6.2035 6.03237 6.08968 5.94659 5.89633 7.26759 7.22783 10.5015 6.11634 8.09411 6.97749 7.84498 6.57661 5.65326 5.59064 5.68108 5.47891 5.27085 5.21739 8.78536
threshold=105495.50000000001 14.529459746242582 15.310911954832546 18.279564469395996 4575.5000000000009 4203.5000000000009 0.71094166581115481 1.0000000180025095e-35 7835.5000000000009 8612.5000000000018 1.0000000180025095e-35 1.0000000180025095e-35 0.89965401021936353 0.37593283582089559 0.40818965517241385 0.8318254483245543 0.2731672099273747 1.5000000000000002 25.863789658458412 6608.5000000000009 2.5000000000000004 1.7500000000000002 5438.5000000000009 0.26182306856521992 6608.5000000000009 6201.5000000000009 0.42518656716417919 0.16668612546032643 10610.000000000002 0.31691542288557223
decision_type=2 2 2 2 2 2 2 2 2 2 2 2 2 2 2 2 2 2 2 2 2 2 2 2 2 2 2 2 2 2
left_child=4 -2 -3 -4 5 -1 -7 10 14 13 11 12 -8 -10 16 27 18 24 22 20 21 -20 -6 -13 25 -18 -9 -16 29 -11
right_child=1 2 3 -5 8 6 7 26 9 28 -12 23 -14 -15 15 -17 17 -19 19 -21 -22 -23 -24 -25 -26 -27 -28 -29 -30 -31
leaf_value=0.00010916626645739039 -0.10391763229666695 0.08460295018725722 -0.11901979157474928 -0.013258419322454047 -0.090691654940929456 -0.037212832749344317 -0.0037567458085169983 -0.018122887219093824 0.051102708409241596 -0.026962183774380945 0.069186564193322073 -0.097918490537177411 -0.20587425387568234 -0.022901813142267177 0.07240111273589446 0.055395068212186926 -0.07182872280531194 -0.0064918996440128012 0.006233496325546789 -0.031014149364711637 0.056027367177768767 -0.15945993407069337 -0.01878058238541358 0.059965478432313306 -0.033201021926185702 -0.16689509543992817 0.064101360915523903 -0.060269446265769848 0.00022029541329441566 0.013202225947534686
leaf_weight=6838.3145202227824 5.6270857612544196 2.6250203149393192 3.6295276512391856 98.4541498394683 15.439244534674797 17.178678194410168 4.5699148955754962 30.867724391951924 57.402410446899012 183.07335397900169 63.519223205046728 2.6071101692505207 2.2123435088433325 13.39104909962043 3.9006161063152858 25.313789045845624 22.548277368201525 47.68399343197234 101.0093324353802 57.335060488258023 30.377013747536694 2.9406569864368057 72.148920536448713 17.430327623616904 22.783817087649368 8.7158544806297886 10.988902091979979 12.89153525426809 1636.5839883470981 77.52026242663851
leaf_count=530204 433 38 186 2339 874 1789 214 1602 1424 5497 912 63 124 454 308 775 1571 1865 2724 1793 573 248 2431 189 983 494 516 1437 50393 2776
internal_value=-0.000417788 -0.0190328 -0.0144711 -0.0170187 -0.000198792 0.000710423 0.0282358 0.0367408 -0.0028559 -0.000470203 0.0521589 0.0118309 -0.0696866 0.0371043 -0.0139529 0.0215576 -0.0178775 -0.0406977 -0.00956396 0.000440725 0.0138667 0.00154617 -0.0314564 0.0394229 -0.0708758 -0.0983314 0.003464 -0.0294517 -0.0018723 -0.0150142
internal_weight=9489.08 110.336 104.709 102.084 9378.75 6987.69 149.374 132.196 2391.06 1967.97 90.3389 26.8197 6.78226 70.7935 423.088 42.1059 380.982 101.732 279.25 191.662 134.327 103.95 87.5882 20.0374 54.0479 31.2641 41.8566 16.7922 1897.18 260.594
internal_count=615229 2996 2563 2525 612233 535613 5409 3620 76620 60544 1502 590 338 1878 16076 2520 13556 4913 8643 5338 3545 2972 3305 252 3048 2065 2118 1745 58666 8273
is_linear=0
shrinkage=0.1


Tree=153
num_leaves=31
num_cat=0
split_feature=0 20 20 1 0 8 20 1 10 0 1 1 1 0 8 17 6 20 11 20 12 1 15 8 0 0 20 1 3 1
split_gain=2.26586 4.65373 5.7207 5.64688 10.6262 4.85259 5.23911 6.60782 5.73126 4.15866 4.34458 7.02647 4.13514 4.00554 6.58466 3.93181 7.51244 7.279 6.36297 6.03111 5.87047 4.32342 3.82642 3.41974 3.38398 3.56128 3.33925 5.42726 5.03319 4.1932
threshold=34.269177493652457 0.75798462856626292 0.75325221739436621 3149.5000000000005 8.5574981122609888 1.0000000180025095e-35 0.81844470631648092 1436.5000000000002 1.0000000180025095e-35 25.5096740799769 2514.0000000000005 1642.5000000000002 32675.000000000004 10.896377728113045 1.0000000180025095e-35 1.0000000180025095e-35 1.0000000180025095e-35 0.98592335930637953 1.0000000180025095e-35 0.97394144385072001 1.0000000180025095e-35 3469.5000000000005 1.0000000180025095e-35 1.0000000180025095e-35 23.590134092139383 12.350451396992581 0.92759410062517034 1685.0000000000002 0.040702736318407963 2764.0000000000005
decision_type=2 2 2 2 2 2 2 2 2 2 2 2 2 2 2 2 2 2 2 2 2 2 2 2 2 2 2 2 2 2
left_child=1 2 12 4 23 6 7 8 24 10 11 -9 -1 14 15 20 18 -18 -17 -20 21 -5 -2 -3 25 -6 27 -7 -29 -30
right_child=22 3 -4 13 5 26 -8 9 -10 -11 -12 -13 -14 -15 -16 16 17 -19 19 -21 -22 -23 -24 -25 -26 -27 -28 28 29 -31
leaf_value=0.00013152144901080074 -0.0018024293590825288 0.11089160743039964 -0.05090356008304673 -0.20647310280499021 0.10457821634758223 0.011565477938147994 0.041984903110293202 0.045072625660186619 -0.078651099937821975 -0.044164871920871325 0.044978339749105041 -0.058815598666837589 -0.095266462070771274 0.0037615093263192972 0.10812090139624875 0.053484179915793829 -0.18984534464452701 0.1144074423450272 -0.027829565058904215 -0.34738354258856152 -0.21437326154291131 -0.030759085979033086 -0.050626890626656609 0.037113181300537645 0.080205364257829329 -0.027435775380922581 0.039469131661598454 0.096872420444431132 -0.031344166582987852 0.034347139393261839
leaf_weight=5006.3791174921298 3031.4685282957271 14.1023544378113 22.136079130039434 1.4453007215633977 2.8482121366250812 146.2157732929918 86.404425617278321 10.802184470812792 3.4250933635048559 22.861111408739816 18.803445404511876 16.385994511074387 4.5478486744032116 861.50686420749116 3.8241103012114754 18.022114091028932 3.2511356966570011 1.0371796563267706 3.1520282303681593 0.72680961166042823 1.926716508634853 44.95145382679766 16.13701522804331 11.329974729102105 21.270934119500453 7.2322797427768819 22.782596542965621 3.6074858552892684 81.624320672737667 11.03002216061577
leaf_count=445836 123519 190 1328 94 57 4017 2209 170 187 1079 599 1176 1094 24289 47 516 161 10 196 26 72 1809 1281 246 915 478 300 311 2638 284
internal_value=0.000186283 0.0012475 -0.000179139 0.00630206 0.0151177 0.0116038 0.023801 0.00863959 0.0441704 -0.00930652 0.00802056 -0.0175396 4.49395e-05 0.00179291 -0.0198566 -0.0264247 0.00477848 -0.116258 0.0284781 -0.087707 -0.0433354 -0.0362327 -0.00206095 0.0780237 0.0575885 0.00986437 0.00286562 -0.00057356 -0.019012 -0.023524
internal_weight=9501.24 6453.63 5033.06 1420.57 480.726 455.294 190.034 103.629 34.7765 68.8527 45.9916 27.1882 5010.93 939.844 78.3368 74.5127 26.1893 4.28832 21.901 3.87884 48.3235 46.3968 3047.61 25.4323 31.3514 10.0805 265.26 242.478 96.2618 92.6543
internal_count=615134 490334 448258 42076 14856 14420 6870 4661 1637 3024 1945 1346 446930 27220 2931 2884 909 171 738 222 1975 1903 124800 436 1450 535 7550 7250 3233 2922
is_linear=0
shrinkage=0.1


Tree=154
num_leaves=31
num_cat=0
split_feature=11 1 1 5 0 4 4 1 1 1 1 1 4 0 0 4 4 4 4 0 0 4 4 4 1 0 17 4 0 4
split_gain=1.78042 4.18444 5.76733 6.67169 10.7902 6.87635 5.87151 11.509 4.25254 4.08667 3.31821 2.65948 4.51996 3.90212 5.2629 4.05551 2.53297 2.73659 2.52261 2.03878 1.93297 2.49659 3.10301 1.89611 10.7604 5.11189 4.70604 3.78675 4.27417 3.52311
threshold=1.0000000180025095e-35 3873.5000000000005 7136.0000000000009 1.0000000180025095e-35 7.7522343282943309 0.36628352490421462 0.14172885572139313 24327.500000000004 94197.000000000015 174508.00000000003 134377.00000000003 134377.00000000003 0.12593283582089551 86.46692445718601 69.580935400151077 0.31296641791044782 0.13275862068965522 0.17913557213930356 0.14552238805970158 64.033483955566041 18.735914370530313 0.10074626865671636 0.048507462686567158 0.3680348258706469 28587.500000000004 15.108645180584869 1.0000000180025095e-35 0.39172885572139315 17.377199619196432 0.32629310344827595
decision_type=2 2 2 2 2 2 2 2 2 2 2 2 2 2 2 2 2 2 2 2 2 2 2 2 2 2 2 2 2 2
left_child=-1 -2 18 4 -4 8 7 20 -5 23 19 13 -13 14 15 -10 -15 -18 -3 -7 21 22 -6 25 27 29 -26 28 -25 -8
right_child=1 2 3 5 6 10 9 -9 11 -11 -12 12 -14 16 -16 -17 17 -19 -20 -21 -22 -23 -24 24 26 -27 -28 -29 -30 -31
leaf_value=-0.00018645810911941868 -0.062382045884868058 0.012369740888157536 -0.27325254266643501 0.016088229409723622 0.031536310872221161 0.048313819109337755 -0.0033630785018150381 -0.18375934565585106 0.0046421003283386884 0.047781107261357238 -0.028999888745668934 -0.098722492184709409 0.035950719870163191 0.072077718264024523 -0.16656752033425237 -0.15153434940304492 -0.12176880319369723 0.015655478900117353 0.063703850830806569 0.10581481015758064 0.064100846241647816 0.047158676524110654 -0.11114620756653622 -0.27842977253466755 -0.089003368993950852 -0.043821092546663679 0.035658588225309144 -0.23734185730860247 0.029879692558239315 0.10386041206106654
leaf_weight=9145.4218026313538 8.5079543638676096 15.492400969378648 1.5959739123245515 132.43034992570756 3.2658063910203081 14.193090622487949 12.813968239992393 2.4844728342723092 6.7596362121403235 6.8490894865244618 3.6295911131892344 3.0865812930278507 12.940167525492141 3.5722852479666454 4.4738837676122776 2.205099527258426 2.2501582177355886 4.0700868205167353 25.053236463791109 10.903086009435354 16.048415514407679 9.3072969010972866 2.8581219664774835 0.65820925077423753 4.7994822523869489 38.321911059800186 8.2054058713838458 3.602165747914114 1.4191232726443557 4.0275874859362366
leaf_count=602085 3868 253 216 3861 32 417 237 132 141 78 69 63 232 34 99 63 38 87 477 170 163 76 34 72 651 848 53 400 36 86
internal_value=8.71805e-05 0.006928 0.00857832 0.00403305 -0.0150263 0.0150836 -0.011432 0.0234487 0.00751095 -0.0261128 0.0603699 -0.0213497 0.0100141 -0.0428942 -0.0779822 -0.0337734 0.0047715 -0.0332708 0.0440892 0.0732952 0.0398022 0.0145317 -0.0350556 -0.0329661 -0.0604988 -0.0236406 -0.0103482 -0.175334 -0.0678091 0.022279
internal_weight=9511.25 365.825 357.317 316.771 116.257 200.514 114.661 33.9641 171.788 80.6969 28.7258 39.3579 16.0267 23.3311 13.4386 8.96474 9.89253 6.32025 40.5456 25.0962 31.4796 15.4312 6.12393 73.8479 18.6844 55.1635 13.0049 5.6795 2.07733 16.8416
internal_count=615071 12986 9118 8388 3114 5274 2898 437 4618 2461 656 757 295 462 303 204 159 125 730 587 305 142 66 2383 1212 1171 704 508 108 323
is_linear=0
shrinkage=0.1


Tree=155
num_leaves=31
num_cat=0
split_feature=4 15 3 0 0 4 20 0 0 4 7 20 0 20 20 12 0 6 14 19 8 17 20 0 19 0 0 4 0 13
split_gain=1.88146 5.14329 2.34199 4.49272 4.14051 3.00496 2.67613 5.1786 3.64733 2.92542 2.68139 2.49037 5.2913 3.44937 4.4682 6.17625 5.76744 4.39059 4.14719 4.04689 3.7797 3.73276 3.46723 3.33287 3.82867 3.03447 4.11433 2.56641 2.99408 2.57977
threshold=0.42518656716417919 1.0000000180025095e-35 0.22201492537313436 35.987009606802765 35.381685933110013 0.59060945273631849 0.16668612546032643 6.1488476732804109 2.113220900807359 0.46032052381769323 4.5000000000000009 0.41576978188243507 20.721643089376453 0.55849013106619139 0.74416403913925067 1.0000000180025095e-35 8.8342876250336833 1.0000000180025095e-35 1.0000000180025095e-35 1.0000000180025095e-35 1.0000000180025095e-35 1.0000000180025095e-35 0.69642300303643756 9.1113486011167151 1.0000000180025095e-35 19.210715033053194 19.458346668455334 0.45009578544061307 16.132294698426026 1.0000000180025095e-35
decision_type=2 2 2 2 2 2 2 2 2 2 2 2 2 2 2 2 2 2 2 2 2 2 2 2 2 2 2 2 2 2
left_child=-1 2 5 4 6 -2 8 -8 -4 -10 11 12 -9 -13 15 18 17 -16 19 25 -21 -17 -22 24 -18 -15 -27 28 29 -25
right_child=1 -3 3 -5 -6 -7 7 10 9 -11 -12 13 -14 14 16 21 23 -19 -20 20 22 -23 -24 27 -26 26 -28 -29 -30 -31
leaf_value=-0.00054521422761835236 -0.037043669841694653 0.083283096316470781 -0.032852172931246433 0.02938017675427726 -0.22833742223750281 0.003122861124864605 -0.046484646094762605 -0.087905367378825497 0.0067502710644890638 0.092367610574888681 -0.10054537994649249 0.047958526540121088 0.091441518837770172 -0.072869754049269139 0.058517354148204109 0.10513084294128441 -0.20058033643693479 -0.11354717660896206 0.15932656763024494 -0.094554068206902764 0.10508597807365148 -0.13606645833999423 -0.10713981441132946 0.01324672677242647 0.087828444184255575 0.38164892827876784 -0.0072231905594508945 -0.0072663085411301225 0.001333346134705863 0.065056681175881356
leaf_weight=8996.1034511597227 28.839825145657414 8.4068897357210499 5.7028743483206226 76.251157951068308 0.77508655756537237 52.589099626637108 21.683854329293354 7.0674392574692302 6.4609670354984727 10.438612639540223 2.4263960940879761 18.889772149719647 2.1441006443601509 26.558347825528475 29.124888965860013 4.8286310096154912 1.6059054036741138 1.5625591175630678 1.0202587551902969 2.0042032712226492 4.2870281378854997 0.73995746986474831 0.93830441788304586 20.505622377706459 0.64522528956877057 0.29591678560245727 3.3766263680590782 93.461287127371179 56.030822330823867 18.088528151158243
leaf_count=547467 12438 237 2833 4150 106 16744 4414 2713 2349 4416 886 3602 621 2889 731 419 87 116 63 508 329 80 150 594 21 12 815 3098 1859 256
internal_value=-0.000211258 0.00571732 0.00440881 0.00743847 0.00252722 -0.011103 0.00305369 0.000685382 0.0362992 0.0596348 0.00414554 0.00501199 -0.0461601 0.00667197 0.00372979 -0.0253528 0.00952583 0.0497561 -0.0395972 -0.045015 0.0221966 0.0730804 0.0669769 0.00303964 -0.117916 -0.0610883 0.0241104 0.00448731 0.0160964 0.0375293
internal_weight=9502.85 506.75 498.343 416.914 340.663 81.4289 339.888 317.286 22.6025 16.8996 295.602 293.175 9.21154 283.964 265.074 44.0493 221.025 30.6874 38.4807 37.4604 7.22954 5.56859 5.22533 190.337 2.25113 30.2309 3.67254 188.086 94.625 38.5942
internal_count=615003 67536 67299 38117 33967 29182 33861 24263 9598 6765 19849 18963 3334 15629 12027 5265 6762 847 4766 4703 987 499 479 5915 108 3716 827 5807 2709 850
is_linear=0
shrinkage=0.1


Tree=156
num_leaves=31
num_cat=0
split_feature=0 1 0 4 1 1 20 1 1 1 20 1 4 8 4 1 16 18 5 10 7 3 4 0 3 4 4 4 13 3
split_gain=2.35653 2.24105 2.71031 2.98801 2.2988 4.17326 3.29277 2.85958 11.8805 8.21096 8.71569 7.73405 7.83941 7.03745 6.431 5.96085 5.86948 14.6003 4.7071 3.75463 3.6634 3.57984 3.55635 4.57497 3.52037 3.48857 3.37585 3.28221 3.19285 7.05102
threshold=1.0000000180025095e-35 174508.00000000003 9.9901361248674103 0.27847222222222229 180.50000000000003 177.00000000000003 0.39636410414396817 380.50000000000006 388.50000000000006 361.50000000000006 0.49550456499008572 326.00000000000006 0.42123756218905478 1.0000000180025095e-35 0.39962686567164191 298.50000000000006 1.0000000180025095e-35 1.0000000180025095e-35 1.5000000000000002 1.0000000180025095e-35 1.7500000000000002 0.71828358208955234 0.066858237547892746 8.2859500782050688 0.53544776119402993 0.29135572139303489 0.074999999999999997 0.39619252873563227 1.0000000180025095e-35 0.58768656716417922
decision_type=2 2 2 2 2 2 2 2 2 2 2 2 2 2 2 2 2 2 2 2 2 2 2 2 2 2 2 2 2 2
left_child=-1 4 -3 -4 5 6 -2 9 13 10 14 12 15 -9 19 -12 17 20 -17 21 25 -6 23 -21 -10 26 28 -19 -11 -30
right_child=1 2 3 -5 7 -7 -8 8 24 16 11 -13 -14 -15 -16 18 -18 27 -20 22 -22 -23 -24 -25 -26 -27 -28 -29 29 -31
leaf_value=-0.033231609303335179 0.00094998638381184005 -0.11100472287413579 -0.011086489247626972 0.049862965404642551 -0.0056662496489414942 0.029283055372816377 0.023344638260104144 -0.052445245144804621 -0.00076426986431227749 -0.091483863502972648 0.007820232786411899 0.057576070757825018 0.12467071614285448 0.070982888849909956 -0.069771164333243527 -0.0062007891031931293 0.019596738069629239 -0.12686567389365808 -0.14250989767215794 0.62873657907983471 0.036791437917635741 0.074938351571494782 -0.0852567531965574 0.024971018393687858 0.012979849537164877 0.010671451252695649 -0.053618809291017581 0.2098821567539329 0.16929611945933629 -0.039232649694422375
leaf_weight=21.605917400447652 907.06821002312608 1.4264941422152322 12.071141745662315 24.10644533042796 752.9814199562943 62.207854686585051 70.778853062543931 5.335556255595292 7062.8446468953589 2.1603948597912659 132.73578276702756 37.329221760563087 5.4225035383642526 34.416692691982462 16.090595410532842 5.2727715668515867 19.320355432253564 17.925267297396207 4.8763194170314819 0.14594912901520618 9.3183791842311603 5.5505143450573078 9.3224970328665204 0.89583566717919894 191.41135476257841 16.173195332132309 44.302626076040724 0.29418885544873674 2.7976576795335859 3.8570338559802622
leaf_count=3659 92548 83 288 274 66915 2607 2242 1207 409180 261 4412 1253 575 1365 6218 427 631 2351 412 52 160 158 2269 194 8138 1805 3961 74 322 314
internal_value=-0.000243683 -0.000168329 0.0241954 0.0295264 -0.000265579 0.00416867 0.00257096 -0.000815869 -0.000102859 -0.00560132 -0.00259448 0.0168916 0.00665127 0.0544163 -0.00720263 0.00217242 -0.0307286 -0.04077 -0.071693 -0.00589326 -0.0220757 -0.00507643 -0.0656748 0.109556 -0.000401616 -0.0299923 -0.0423735 -0.121428 0.0141428 0.0484336
internal_weight=9480.05 9458.44 37.6041 36.1776 9420.84 1040.05 977.847 8380.78 7294.01 1086.77 970.623 185.637 148.307 39.7522 784.987 142.885 116.149 96.8287 10.1491 768.896 78.6093 758.532 10.3643 1.04178 7254.26 69.2909 53.1177 18.2195 8.81509 6.65469
internal_count=614355 610696 645 562 610051 97397 94790 512654 419890 92764 82885 7079 5826 2572 75806 5251 9879 9248 839 69588 6823 67073 2515 246 417318 6663 4858 2425 897 636
is_linear=0
shrinkage=0.1


Tree=157
num_leaves=31
num_cat=0
split_feature=1 1 4 13 3 18 1 1 1 17 20 10 18 3 1 20 4 20 3 0 0 5 7 1 8 20 1 20 4 20
split_gain=2.18731 5.75595 5.27603 5.27223 6.68657 9.35493 4.60206 4.41625 5.23349 6.41987 6.07854 4.69684 3.81583 6.85766 4.02243 3.59637 3.71832 4.01359 3.2436 2.76173 2.6927 2.34092 2.26087 3.45843 3.56475 2.73278 2.2391 5.12814 2.79937 2.97133
threshold=80.500000000000014 59.500000000000007 0.2953047263681593 1.0000000180025095e-35 0.69216417910447781 1.0000000180025095e-35 122.50000000000001 111.50000000000001 100.50000000000001 1.0000000180025095e-35 0.09983588911019764 1.0000000180025095e-35 1.0000000180025095e-35 0.63992537313432851 66.500000000000014 0.093056384842276699 0.32086442786069663 0.0092383868049704821 0.49813432835820898 2.8815361880604184 2.113220900807359 2.5000000000000004 1.7500000000000002 47.500000000000007 1.0000000180025095e-35 0.068603537505913567 139.50000000000003 0.0068894558295402647 0.19888059701492544 0.28860574634206371
decision_type=2 2 2 2 2 2 2 2 2 2 2 2 2 2 2 2 2 2 2 2 2 2 2 2 2 2 2 2 2 2
left_child=1 2 -1 12 5 -5 7 8 10 -10 11 -2 13 -3 -14 16 22 19 -9 -18 21 -19 23 25 -25 -4 27 -8 -29 -30
right_child=6 3 15 4 -6 -7 26 18 9 -11 -12 -13 14 -15 -16 -17 17 20 -20 -21 -22 -23 -24 24 -26 -27 -28 28 29 -31
leaf_value=-0.0069359865143307099 -0.064949010584962261 -0.04983264359238216 -0.002384823337688826 0.11404039615169002 0.0035229609604058888 -0.049784014909355245 -0.035902351368930781 0.2745420834978633 0.041412784539321873 -0.053388516215867016 0.088306333832984016 0.045008486094879528 0.045687702271794375 0.037157003684996227 -0.081397017144748229 -0.095225126066771193 -0.012156674163565924 -0.10703247042898548 -0.05006266105622699 -0.12903325549136754 0.053634310499992337 0.073064135525536728 0.12650809609187966 -0.081567564540139081 0.11334830654595768 0.14503840506959825 -0.00034809189223457997 0.0014149166823984516 0.0061581475096795782 0.036117762389164171
leaf_weight=235.76074969369802 26.36746044005486 20.874445528306751 12.029603198352566 21.089726874663032 15.492931917717213 4.1758137797587542 23.298727748409874 0.31028981709096015 30.083514658785134 9.3675960114960599 3.6141953544629351 4.5559047972783437 29.603335732128471 16.0150675877303 2.7193764664698383 2.375457801448646 11.961324185744159 2.1362043542249038 38.898633358636289 2.4329708258155724 16.645685528375907 1.0899963179690533 4.0786256538704029 1.0550407101691206 8.4785400562686846 1.4041717859217886 8708.8087435046218 110.62313347620511 59.244737565335527 75.025072540272959
leaf_count=26947 7941 6566 1056 719 623 511 3211 188 2435 3680 692 65 503 799 668 485 1411 847 5527 144 810 125 24 129 261 47 537800 5806 4133 1143
internal_value=-1.57336e-06 0.0071484 -3.70143e-05 0.0267142 0.0552467 0.086964 -0.000323605 -0.0203608 -0.00598213 0.0189024 -0.0344069 -0.0487491 0.00991158 -0.0120673 0.0349958 0.0255018 0.0301792 0.00830067 -0.0474938 -0.0319115 0.0374286 -0.0461855 0.0578985 0.0457145 0.0917778 0.0130247 -7.0942e-05 0.00892876 0.0131939 0.0228985
internal_weight=9499.62 409.419 299.448 109.971 40.7585 25.2655 9090.2 113.198 73.9887 39.4511 34.5376 30.9234 69.2122 36.8895 32.3227 63.6876 61.3122 34.2662 39.2089 14.3943 19.8719 3.2262 27.046 22.9674 9.53358 13.4338 8977 268.192 244.893 134.27
internal_count=615296 42675 32286 10389 1853 1230 572621 20528 14813 6115 8698 8006 8536 7365 1171 5339 4854 3337 5715 1555 1782 972 1517 1493 390 1103 552093 14293 11082 5276
is_linear=0
shrinkage=0.1


Tree=158
num_leaves=31
num_cat=0
split_feature=1 1 1 1 13 3 18 18 3 0 1 18 18 20 12 0 20 5 7 20 1 1 20 1 3 1 17 20 6 0
split_gain=1.91734 3.69102 3.45229 5.40167 3.35857 7.0186 6.47349 4.25015 5.3023 3.24983 3.11882 7.7457 6.13733 4.16574 3.29765 3.43083 3.30055 2.80185 2.94263 3.11848 3.07287 2.67296 2.51922 2.17042 4.75935 3.14591 7.10956 5.88052 3.83163 2.07006
threshold=80.500000000000014 122.50000000000001 59.500000000000007 54.500000000000007 1.0000000180025095e-35 0.69216417910447781 1.0000000180025095e-35 1.0000000180025095e-35 0.63992537313432851 2.7515795636437996 47.500000000000007 1.0000000180025095e-35 1.0000000180025095e-35 0.12910733939439209 1.0000000180025095e-35 3.4571345646921503 0.0092383868049704821 2.5000000000000004 1.7500000000000002 0.0011554746511978527 47.500000000000007 66.500000000000014 0.0045134849261455378 111.50000000000001 0.49813432835820898 100.50000000000001 1.0000000180025095e-35 0.09983588911019764 1.0000000180025095e-35 10.441516387208273
decision_type=2 2 2 2 2 2 2 2 2 2 2 2 2 2 2 2 2 2 2 2 2 2 2 2 2 2 2 2 2 2
left_child=2 23 3 9 7 6 -6 8 -4 17 11 13 -12 29 15 16 -13 -1 19 -19 -20 22 -9 25 -25 27 -27 28 -2 -11
right_child=1 -3 4 -5 5 -7 -8 21 -10 10 12 14 -14 -15 -16 -17 -18 18 20 -21 -22 -23 -24 24 -26 26 -28 -29 -30 -31
leaf_value=-0.025615318478011663 -0.060674260979189147 0.00011660101094532099 -0.05055379164730768 -0.04665516174427551 0.097330396289964649 -0.0093842104863526201 -0.044612800038530576 0.090595141946721205 0.026166310919251697 0.02012448466783218 -0.0068111808438884175 -0.11415963102340071 0.087943367017305499 -0.080917267183749808 0.15945577968374613 -0.1223465629055611 0.062548723432524919 -0.030984637355054002 0.079878118475416371 0.0092979107538011616 -0.025633433805614853 -0.06276136305902634 0.025261924730124941 0.27627456929670308 -0.041748930344107725 0.032418933254753972 -0.07283396474587743 0.082898214638151765 0.0489219882971971 0.080588087783959539
leaf_weight=44.518036377703538 25.159843553978138 8931.4132212582153 19.315500738206538 21.721313347556134 21.98344437067863 15.046514481451593 3.7629635467310427 8.3546341024339252 16.881629490482737 69.816383375225996 12.073746667650994 1.7822504595387689 15.756055191159248 3.9019058305275385 0.61289476975798685 6.9554842440411448 2.5974644511006773 26.659307715117393 9.262484997045247 68.85103275729125 3.9319422002881756 2.5328327037277623 20.104274191893637 0.47658849294384609 37.29913826927077 31.359170502240886 8.068933000760806 3.9800066373682048 3.6532021873281328 6.1620748909190288
leaf_count=13015 7825 551390 6690 3387 705 634 483 213 849 3438 1563 157 129 591 65 329 72 3198 156 5954 105 686 290 214 5481 2482 3684 705 163 116
internal_value=0.00019304 -0.000107624 0.00694549 0.00133911 0.0222411 0.044875 0.0765847 0.00849927 -0.014773 0.00515945 0.0175085 0.00862079 0.0468348 0.0198532 -0.0664744 -0.0786905 -0.00935973 -0.00448446 0.0041693 -0.00194595 0.0484357 0.0356804 0.0444417 -0.0183141 -0.0377367 -0.00815494 0.010879 -0.03104 -0.0467786 0.0250283
internal_weight=9443.99 9041.41 402.584 294.602 107.982 40.7929 25.7464 67.1889 36.1971 272.881 119.658 91.8285 27.8298 79.8804 11.9481 11.3352 4.37971 153.223 108.705 95.5103 13.1944 30.9917 28.4589 109.997 37.7757 72.2212 39.4281 32.7931 28.813 75.9785
internal_count=614769 571944 42825 32275 10550 1822 1188 8728 7539 28888 6460 4768 1692 4145 623 558 229 22428 9413 9152 261 1189 503 20554 5695 14859 6166 8693 7988 3554
is_linear=0
shrinkage=0.1


Tree=159
num_leaves=31
num_cat=0
split_feature=0 15 3 1 1 1 1 20 18 1 1 8 20 1 0 4 4 20 17 19 8 4 1 1 4 16 20 1 1 1
split_gain=2.80657 4.68322 4.20008 5.42567 4.8031 24.6799 11.2128 10.5894 8.89401 7.71174 9.047 15.8065 7.19124 8.79139 7.56415 7.06789 6.4298 5.59587 4.49215 4.32172 5.40744 12.8183 11.3783 10.1946 7.62981 7.41135 6.38245 4.85724 15.165 11.2511
threshold=34.269177493652457 1.0000000180025095e-35 0.49813432835820898 2013.5000000000002 1160.0000000000002 1190.5000000000002 1212.0000000000002 0.8644051347692755 1.0000000180025095e-35 1102.0000000000002 1080.5000000000002 1.0000000180025095e-35 0.79101610049150872 826.50000000000011 97.128639846686283 0.12076149425287359 0.27447318007662841 0.88421228964015974 1.0000000180025095e-35 1.0000000180025095e-35 1.0000000180025095e-35 0.19098258706467666 1723.5000000000002 2460.0000000000005 0.2963840996168583 1.0000000180025095e-35 0.99999855885341915 13603.000000000002 27142.500000000004 8937.5000000000018
decision_type=2 2 2 2 2 2 2 2 2 2 2 2 2 2 2 2 2 2 2 2 2 2 2 2 2 2 2 2 2 2
left_child=-1 2 3 -2 9 7 -7 8 -6 10 12 -12 13 15 -15 -4 -11 -18 -17 -8 24 23 -23 -22 25 27 -26 29 -29 -21
right_child=1 -3 4 -5 5 6 19 -9 -10 16 11 -13 -14 14 -16 18 17 -19 -20 20 21 22 -24 -25 26 -27 -28 28 -30 -31
leaf_value=0.0012722598519236954 0.034377417466898652 -0.058848044788277459 0.030518958856131324 0.00240092650140803 -0.10521617783020557 -0.091897151967973656 -0.0074145814127443074 -0.064930257705217695 0.089335255628572807 -0.088769490054353389 0.091336209211702171 -0.12089940287427724 0.01358028711287 -0.062406908861638834 0.045842991525386331 -0.041244419705179156 -0.037987941807497934 0.10586575877806836 -0.00067527617423636214 -0.0097239712453325109 0.058658331329338724 -0.097766942487113095 0.009914546580027642 -0.1791409797573828 0.0055876751243848187 -0.053216466715084433 0.048114914182222024 -0.051976505513077177 -0.00088892616451122458 0.038910961415137085
leaf_weight=6444.6603678027514 61.758684844493473 14.635419396159703 34.603379317559302 376.86520827489585 2.4751663214992723 14.300144938752053 1108.0344226492452 5.6666181490290901 46.388523285044357 23.919412616931368 18.570899428799752 4.3266830072388975 70.758255370950792 64.947013257857179 7.1675164466141714 55.639496307761874 12.435514711891299 3.4555256085004649 53.574470886756899 146.25864487077342 63.067508135834942 12.354968204686882 47.692465453234036 1.8558553711045522 322.14180165514699 34.562486850307323 39.631704763509333 76.864123424515128 238.07427835301496 70.491659404360689
leaf_count=490854 12606 1274 2167 19531 157 849 29422 283 855 2084 255 477 3320 5894 343 7061 934 107 1634 5989 1814 1526 1444 132 11495 2947 394 2772 5107 1827
internal_value=9.18034e-05 -0.00241688 -0.00214322 0.00690325 -0.00368164 -0.00197346 -0.00363913 0.0644737 0.0794803 -0.0145833 -0.00925579 0.0512326 -0.0140869 -0.0231531 -0.0516479 -0.00886498 -0.0560127 -0.00670678 -0.0213434 -0.0030551 0.00153225 0.0210603 -0.0122413 0.0518608 -0.00109746 -0.00834501 0.0102465 -0.00542813 -0.0133574 0.00609311
internal_weight=9477.18 3032.52 3017.88 438.624 2579.26 2229.86 2175.33 54.5303 48.8637 349.398 309.588 22.8976 286.69 215.932 72.1145 143.817 39.8105 15.891 109.214 2161.03 1053 124.971 60.0474 64.9234 928.025 566.251 361.774 531.689 314.938 216.75
internal_count=615554 124700 123426 32137 91289 67013 65718 1295 1012 24276 21151 732 20419 17099 6237 10862 3125 1041 8695 64869 35447 4916 2970 1946 30531 18642 11889 15695 7879 7816
is_linear=0
shrinkage=0.1


Tree=160
num_leaves=31
num_cat=0
split_feature=1 4 1 0 4 1 3 1 20 20 10 1 16 0 10 0 7 4 1 1 18 18 12 0 20 0 4 3 4 1
split_gain=1.84944 3.93393 2.95008 2.86553 2.8495 2.50432 2.84353 2.54976 5.20938 4.28127 3.2033 2.22244 2.5359 2.33767 2.1666 3.07797 2.43455 2.68951 2.24258 2.15872 8.88163 6.24571 4.93547 2.70027 2.68622 2.56486 4.27383 3.1685 2.90461 2.53793
threshold=80.500000000000014 0.39962686567164191 122.50000000000001 2.113220900807359 0.38777985074626875 111.50000000000001 0.49813432835820898 100.50000000000001 0.033098089618974848 0.081131237388976471 1.0000000180025095e-35 59.500000000000007 1.0000000180025095e-35 2.2990148251201892 1.0000000180025095e-35 0.74168847248276959 1.7500000000000002 0.089552238805970186 54.500000000000007 47.500000000000007 1.0000000180025095e-35 1.0000000180025095e-35 1.0000000180025095e-35 3.4571345646921503 0.22849665766322161 6.9875804242108961 0.21072761194029857 0.51119402985074636 0.24626865671641801 42.500000000000007
decision_type=2 2 2 2 2 2 2 2 2 2 2 2 2 2 2 2 2 2 2 2 2 2 2 2 2 2 2 2 2 2
left_child=1 4 5 -3 11 7 -7 9 -9 10 -2 14 13 -13 15 -1 17 -16 19 21 -21 24 23 29 25 -17 27 -27 -28 -23
right_child=2 3 -4 -5 -6 6 -8 8 -10 -11 -12 12 -14 -15 16 18 -18 -19 -20 20 -22 22 -24 -25 -26 26 28 -29 -30 -31
leaf_value=-0.024132713178064591 -0.058174899381766169 -0.046263372946565351 -0.00034371063330478286 0.10552029520397961 -0.12023870227252886 0.18865213877564266 -0.041995105196227407 0.030722562280746803 -0.057878952844086999 0.060749535043124463 0.031835326174862781 0.035364465484243247 -0.15437356179011208 0.0054915498564358659 0.21852630397810496 0.0040675181290653747 0.071281876049836726 -0.01254892308082832 -0.033930267116827617 -0.021927410975482779 0.068315415114546613 -0.021434193474548169 0.10994530685359838 -0.1156560616157058 -0.1511042486009212 0.091496064301091834 -0.092758917843631772 -0.08968129796102757 0.024042172203168847 -0.13632390641634792
leaf_weight=48.465253422227761 22.40658757496022 1.5436746147679503 8932.5328503956407 6.4030244020032114 1.8091666893305944 0.5426872383832223 35.503023556666449 30.078640311347044 8.5144219553603744 4.7338290406769366 4.8009594986215225 48.710410323870747 0.84751513949595292 56.673786189629027 0.53187843474734187 112.74020847681095 9.020089999306947 9.5053215798980073 14.779927893672719 20.494867792520381 23.31025010580197 13.674617615411995 1.868458104203454 6.140373788541182 1.0370285737735674 12.461739058460809 2.8793133291183031 1.0463072716956947 8.1713515730370982 2.2373061762191346
leaf_count=11056 7711 860 551083 457 342 184 5481 3442 2673 917 69 5991 76 3714 76 10670 85 675 1896 3562 503 1135 302 334 138 376 111 33 266 225
internal_value=-0.00024506 0.00637159 -0.000541046 0.0760358 0.00497503 -0.0170798 -0.0385226 -0.00612177 0.0111752 -0.0270208 -0.042292 0.00554912 0.0179138 0.0192993 0.000994056 -0.00131176 0.0335786 -0.000304081 0.00369645 0.00639526 0.026094 0.00107711 -0.0461041 -0.059326 0.00923559 0.0104467 0.039731 0.0774624 -0.00639101 -0.0375883
internal_weight=9443.46 404.352 9039.11 7.9467 396.405 106.58 36.0457 70.5344 38.5931 31.9414 27.2075 394.596 106.232 105.384 288.364 269.307 19.0573 10.0372 220.842 206.062 43.8051 162.257 23.9208 22.0523 138.336 137.299 24.5587 13.508 11.0507 15.9119
internal_count=614443 42883 571560 1317 41566 20477 5665 14812 6115 8697 7780 41224 9781 9705 31443 30607 836 751 19551 17655 4065 13590 1996 1694 11594 11456 786 409 377 1360
is_linear=0
shrinkage=0.1


Tree=161
num_leaves=31
num_cat=0
split_feature=20 0 19 13 4 1 7 0 1 4 4 1 0 0 1 0 1 0 17 1 0 20 1 1 0 1 4 4 7 0
split_gain=1.63245 2.74352 3.745 7.24026 6.9597 12.7826 5.37138 5.16283 4.97274 4.72035 6.07276 6.76721 4.58679 4.27075 5.37333 4.79085 4.08316 4.04198 8.53312 3.94741 4.74872 4.68358 5.23648 9.8903 4.56572 4.36762 6.98086 4.18648 3.86862 3.79114
threshold=0.93381963191493456 67.68659019904031 1.0000000180025095e-35 1.0000000180025095e-35 0.32086442786069663 9696.5000000000018 3.5000000000000004 42.18679277863135 4203.5000000000009 0.42913557213930359 0.40738119746097107 28587.500000000004 18.279564469395996 13.778174610952751 14674.500000000002 20.721643089376453 9696.5000000000018 13.234738271939881 1.0000000180025095e-35 12333.500000000002 15.922980495134411 0.99999855885341915 27142.500000000004 33892.500000000007 23.590134092139383 53973.000000000007 0.34850746268656724 0.32481343283582104 2.5000000000000004 14.728311919785602
decision_type=2 2 2 2 2 2 2 2 2 2 2 2 2 2 2 2 2 2 2 2 2 2 2 2 2 2 2 2 2 2
left_child=-1 2 4 16 6 7 -2 -6 -5 10 12 -12 17 14 -11 -15 -4 18 -7 24 -21 22 27 -24 -18 26 -25 -22 -13 -19
right_child=1 -3 3 8 5 9 -8 -9 -10 13 11 28 -14 15 -16 -17 19 29 -20 20 21 -23 23 25 -26 -27 -28 -29 -30 -31
leaf_value=-0.0009121580342403156 0.0048888511715066548 -0.0037252939383022113 0.062322050485466775 -0.12908507493850416 0.034657779837864784 0.0099028442900409037 0.046202500527295444 -0.032105881241495784 -0.0026351469209205335 0.087846154068885435 -0.22869900727320933 -0.013792412668856176 -0.059328540152720766 0.051901530334265859 -0.095168118674756552 -0.052560082511035715 -0.20205349274998075 0.081440500844994559 -0.22705858083473485 0.081508064647176068 -0.033389679442462794 0.060071641667350031 -0.1148608341984224 0.067821248240111376 -0.011585654849698746 -0.0033974346645418404 -0.020548240603004267 0.078327920200062642 -0.16235358802866376 -0.013778896120449522
leaf_weight=8146.4102394082511 350.64646124251885 422.77267851347278 26.153094514185796 3.2041571268346152 50.401751252124086 4.4565952834673253 34.573055414948612 15.03860659257043 105.82171099761035 2.0122016146779078 3.6888486184179765 5.151097361696884 39.881575364095625 15.034350026398899 7.9130225525004789 6.201249838108196 1.5546430102549473 6.4296130337752428 2.3060293353628367 12.977927977684883 4.1414033833425519 23.53086438938044 6.6336248972220337 26.107915180909913 6.6076538390479982 75.603488395921886 13.593829897348767 17.649807622190565 2.6569923139177263 11.958094403613357
leaf_count=591904 5648 9987 252 121 567 60 416 408 1366 12 105 70 655 140 208 103 63 48 62 138 108 195 110 166 86 1374 100 121 60 136
internal_value=-0.000386201 0.00289782 0.00607275 0.0146327 0.00111201 -0.0155417 0.00859671 0.0193151 -0.00635138 -0.0367233 -0.0500828 -0.117079 -0.0382385 -0.00391311 -0.0580645 0.0213965 0.0252958 -0.00479553 -0.0709001 0.0201559 0.0232363 0.0187149 0.0119441 0.00387522 -0.0478634 0.0107062 0.0375636 0.0570961 -0.0643459 0.0195164
internal_weight=9451.11 1304.7 881.93 323.58 558.35 173.13 385.22 65.4404 109.026 107.69 76.5288 11.4969 65.0319 31.1608 9.92522 21.2356 214.554 25.1503 6.76262 188.401 180.239 167.261 143.73 121.939 8.1623 115.305 39.7017 21.7912 7.80809 18.3877
internal_count=614789 22885 12898 4200 8698 2634 6064 975 1487 1659 1196 235 961 463 220 243 2713 306 122 2461 2312 2174 1979 1750 149 1640 266 229 130 184
is_linear=0
shrinkage=0.1


Tree=162
num_leaves=31
num_cat=0
split_feature=2 4 0 2 16 8 0 20 0 2 20 5 12 4 4 3 0 20 20 0 3 19 7 0 0 4 10 20 2 2
split_gain=2.40251 4.16711 4.51264 2.85466 4.43133 4.0847 3.42097 3.93238 2.68288 2.67187 2.57816 2.08308 2.03355 2.00102 4.54418 2.23867 2.17803 3.7243 3.11079 3.1393 2.21047 1.86803 1.86659 1.84104 4.85823 1.82365 1.81916 1.81174 3.86044 1.77647
threshold=4.4005842009683471 0.20677860696517419 21.253261803700934 3.8815106545092593 1.0000000180025095e-35 1.0000000180025095e-35 4.7370903179328581 0.019560832466209915 6.9875804242108961 3.8815106545092593 0.066167545970289857 1.5000000000000002 1.0000000180025095e-35 0.66147388059701506 0.60827114427860707 0.040702736318407963 6.7479954012188346 0.75798462856626292 0.77692050401218449 11.696836755427883 0.02764303482587065 1.0000000180025095e-35 1.7500000000000002 37.18684609972977 67.68659019904031 0.39962686567164191 1.0000000180025095e-35 0.096322059873980514 3.0201273556387074 6.8123299659231638
decision_type=2 2 2 2 2 2 2 2 2 2 2 2 2 2 2 2 2 2 2 2 2 2 2 2 2 2 2 2 2 2
left_child=1 8 3 5 12 22 25 -8 -1 21 -9 -11 26 14 15 16 29 -18 -19 -20 -21 -10 -3 -22 -25 -7 -5 -12 -29 -2
right_child=13 2 -4 4 -6 6 7 10 9 11 27 -13 -14 -15 -16 -17 17 18 19 20 23 -23 -24 24 -26 -27 -28 28 -30 -31
leaf_value=-0.0069759466664020449 0.097977203901592119 0.018441152115603633 -0.17822781416125585 0.039014572178469147 -0.13439002304089495 -0.041700390908176739 0.087026924066925401 -0.043649360925719645 -0.036635032145330003 0.070584400787920262 0.090901843821432377 -0.024989699633672747 -0.092612495535942002 -0.026262659385831902 0.044052987161242355 -0.00058368291580813698 -0.063310016680516112 0.14777464179343897 -0.11836675197119112 -0.029497279306414201 0.066618423900549992 0.073251416282741441 0.070138612720849244 -0.10226990093267921 0.11887007968911384 0.092652758831398202 -0.052041393356845378 0.14648631263443398 -0.1254033134681585 0.018914310262981807
leaf_weight=178.30621095973765 5.9138940457014524 49.420756133473333 1.1672542325395614 85.811963271322384 1.5734567004838016 26.649785106521453 5.8000217736698714 8.9305099872872216 1.7852470547077253 2.9046836681663981 3.2641335772350422 10.61191008944297 1.2334031802529342 29.929707102770408 22.975698994288905 8946.43807352156 5.8054252434776599 1.9274213775352134 1.6274558728327999 5.3257764638110592 11.061720085912379 11.593070486560464 8.133505364879964 2.4275091615272677 1.681652865023352 1.0500990155560419 2.2516587440040885 0.82440211623907123 1.4246870431816203 5.4710022227191075
leaf_count=21760 589 5286 80 8162 234 4188 111 197 220 193 80 491 743 9559 6297 551188 2812 151 63 548 129 228 98 62 29 215 238 12 130 1008
internal_value=-0.000112074 0.00744508 0.0178126 0.0189779 0.0319692 0.00778786 -0.0137713 0.0174753 -0.00253513 0.0269063 -0.0104538 -0.00445105 0.0349005 -0.000448728 -0.000362984 -0.000476527 0.0227683 0.00857761 0.0259294 0.0153145 0.0259289 0.0585878 0.025747 0.0453864 -0.0117695 -0.0366071 0.0366864 0.0433175 -0.0257424 0.0599836
internal_weight=9443.32 402.737 197.536 196.368 90.8705 105.498 47.9436 20.2438 205.201 26.8949 14.4437 13.5166 89.297 9040.59 9010.66 8987.68 41.2419 29.857 24.0515 22.1241 20.4967 13.3783 57.5543 15.1709 4.10916 27.6999 88.0636 5.51322 2.24909 11.3849
internal_count=615101 42666 19774 19694 9377 10317 4933 530 22892 1132 419 684 9143 572435 562876 556579 5391 3794 982 831 768 448 5384 220 91 4403 8400 222 142 1597
is_linear=0
shrinkage=0.1


Tree=163
num_leaves=31
num_cat=0
split_feature=3 4 4 0 1 11 1 1 0 17 0 4 1 1 4 4 6 0 0 1 0 4 19 4 1 4 0 0 4 4
split_gain=2.21699 2.24471 3.02058 2.65266 2.2988 2.10019 4.05777 3.66857 4.94451 3.72956 7.34655 2.67596 4.79634 4.22955 3.46056 2.77043 2.28616 5.00709 2.28336 2.26328 11.8992 9.4852 16.711 9.38927 4.34523 6.16905 5.2173 3.62223 7.4 3.31639
threshold=0.040702736318407963 0.19657567049808433 0.10432213930348259 1.3510479181286497 1292.0000000000002 1.0000000180025095e-35 3873.5000000000005 15533.500000000002 27.716260291526716 1.0000000180025095e-35 8.1472121567055069 0.18703358208955229 10045.000000000002 14674.500000000002 0.15866858237547896 0.24626865671641801 1.0000000180025095e-35 16.132294698426026 26.571394952235355 17959.000000000004 4.3617505010297952 0.15671641791044788 1.0000000180025095e-35 0.14925373134328368 20091.500000000004 0.31238026819923376 18.735914370530313 56.555823294905601 0.36408582089552249 0.10432213930348259
decision_type=2 2 2 2 2 2 2 2 2 2 2 2 2 2 2 2 2 2 2 2 2 2 2 2 2 2 2 2 2 2
left_child=1 2 -1 -4 -3 -2 -7 8 9 -8 -11 14 16 -14 18 -15 17 -13 -12 20 23 -22 -23 -9 25 29 -27 -26 -29 -21
right_child=5 4 3 -5 -6 6 7 19 -10 10 11 12 13 15 -16 -17 -18 -19 -20 24 21 22 -24 -25 27 26 -28 28 -30 -31
leaf_value=0.013548904885300526 -3.1550400570009699e-05 -0.086496275815412152 -0.16740964922061322 0.082299044179026504 0.0075657197161058676 -0.062833995203588122 0.11520713517710623 -0.50047553833620162 0.058000924972172047 -0.20397553722648359 0.016036287030452786 -0.12669005987863063 -0.21050091131427473 -0.17726036892132083 0.075687736639793168 0.011192810302065363 0.099918960233800702 0.034004512620012521 -0.081835954869870942 -0.06516519040030723 0.043563738240246272 -0.24387554573049336 0.056643862003290149 -0.093942950807984524 -0.011345290916404098 0.028425674223427389 -0.18443197937381572 0.0022547398503975193 0.078750125682235939 0.079899140933640464
leaf_weight=23.192460865102476 9033.9622430784348 3.0198900719115072 0.44037551039946166 12.524298158601594 18.606814607319393 7.9717884053243315 3.2933146317955098 0.85761602711864116 31.446824990562163 1.6228130309973483 41.901600023469655 2.6010951511998446 2.0546001534385132 1.0360533298226071 9.9594306518556532 3.1574120955192484 2.4923535031266502 7.6179023900767788 2.5275088751805006 1.7175151373958275 14.78457869886188 3.7378387696808195 3.6643711081705987 1.6830371117684988 109.97622739743747 2.8329948103055349 1.9400803507887756 69.755911269923672 15.446590156527234 19.12102372595109
leaf_count=1038 591254 6147 71 1090 2245 3914 260 28 645 141 567 202 161 18 108 141 30 151 44 71 218 221 235 64 3512 92 56 1574 255 335
internal_value=0.000388279 0.0199158 0.035159 0.0738171 -0.00556882 0.000268203 0.00772404 0.00930745 0.0245098 0.0110529 0.00647766 0.0111339 -0.021217 -0.0929577 0.0224112 -0.0353671 0.014046 -0.00689792 0.0104685 0.0025142 -0.0261757 -0.00270124 -0.0951072 -0.231171 0.00572733 0.0444544 -0.0580932 0.000645511 0.0161228 0.0679429
internal_weight=9454.95 57.7838 36.1571 12.9647 21.6267 9397.16 363.2 355.229 109.711 78.2641 74.9708 73.348 18.9594 6.24807 54.3885 4.19347 12.7114 10.219 44.4291 245.518 24.7274 22.1868 7.40221 2.54065 220.79 25.6116 4.77308 195.179 85.2025 20.8385
internal_count=614888 10591 2199 1161 8392 604297 13043 9129 2468 1823 1563 1422 703 320 719 159 383 353 611 6661 766 674 456 92 5895 554 148 5341 1829 406
is_linear=0
shrinkage=0.1


Tree=164
num_leaves=31
num_cat=0
split_feature=11 1 1 20 0 0 0 1 1 1 1 4 0 19 3 4 9 0 20 7 4 4 16 10 1 16 16 4 4 20
split_gain=2.51534 2.9975 4.42461 6.28679 3.10317 2.98304 3.41888 2.93168 8.43779 8.21468 11.4419 15.5098 9.65217 17.3235 7.50425 7.42521 8.04928 12.5044 6.85084 6.26668 5.30041 9.11577 6.28176 6.00561 6.97969 12.5659 6.09771 10.1903 7.5382 6.39282
threshold=1.0000000180025095e-35 3873.5000000000005 7136.0000000000009 0.55849013106619139 139.67331269664609 14.156343067793001 9.5433360994580294 3332.5000000000005 3685.0000000000005 2553.5000000000005 2764.0000000000005 0.20857279693486594 18.279564469395996 1.0000000180025095e-35 0.40485074626865675 0.20857279693486594 1.0000000180025095e-35 37.849463689644921 0.61962107968522817 2.5000000000000004 0.37713015382855847 0.43703358208955234 1.0000000180025095e-35 1.0000000180025095e-35 3575.0000000000005 1.0000000180025095e-35 1.0000000180025095e-35 0.25394900497512446 0.17123756218905478 0.83662031597016284
decision_type=2 2 2 2 2 2 2 2 2 2 2 2 2 2 2 2 2 2 2 2 2 2 2 2 2 2 2 2 2 2
left_child=7 -2 3 5 -4 6 -3 9 20 -1 15 14 13 -13 -12 -11 17 -17 19 -16 23 22 -22 24 26 -26 28 -28 -9 -30
right_child=1 2 4 -5 -6 -7 -8 8 -10 10 11 12 -14 -15 18 16 -18 -19 -20 -21 21 -23 -24 -25 25 -27 27 -29 29 -31
leaf_value=-8.5399912912127648e-05 -0.054571503124674695 -0.19532934155588871 0.004219854556170066 0.056976726670402135 0.081014728661246024 -0.16516889995186862 0.041658817860595838 -0.095680297970390904 -0.0015889621621875795 0.062235054394657645 0.023057995384701629 0.075286341200339391 0.005671398729535807 -0.10053980737135891 0.0085483513448348838 -0.07592085667857093 0.094231159552922203 0.042383285232182044 -0.058610657911946043 -0.1290123032463468 0.055224519418209272 -0.1024377437455101 -0.15943391666132101 -0.0074145800866195696 -0.17071765013601131 -0.03718188996807139 0.10334360782872741 -0.12484110424431583 0.023081995399734517 -0.065418915877924338
leaf_weight=6037.7555416075629 7.4437364304649227 0.76770357317582183 305.35574890963471 34.151439106470207 5.3541416281368575 1.7713182484440038 2.9398084705171641 17.383483148179948 2482.0380302628255 68.724549679725897 27.759712529426906 52.828245767595945 100.11453829258971 6.2685408180113873 35.836228165833745 16.31918642661185 9.0709963450208289 19.743293656036258 55.724702221807092 3.6488857066724441 22.186212275526493 5.3572030595096285 1.4525363685097534 62.512774835398886 11.246687997598203 18.870921959343832 7.3951716767624003 2.6614546556957066 19.228165880253073 14.182009851094334
leaf_count=498639 3914 84 8218 507 238 66 78 795 81676 1446 958 1327 5055 1132 1213 1110 199 592 2260 170 521 582 174 1682 358 964 85 95 738 384
internal_value=-2.01511e-06 0.00822253 0.00955673 0.0410238 0.00554318 -0.0584163 -0.00741362 -0.000325439 -0.00311479 0.000829751 0.0147816 0.00398471 0.0245887 0.056636 -0.0226917 0.04154 0.0100278 -0.0111523 -0.0360307 -0.00416386 -0.023869 0.0153421 0.0420343 -0.0312768 -0.0476749 -0.0870476 -0.0281875 0.0429552 -0.0422731 -0.014485
internal_weight=9456.09 357.784 350.34 39.6303 310.71 5.47883 3.70751 9098.31 2664.51 6433.79 396.039 282.181 159.211 59.0968 122.97 113.858 45.1335 36.0625 95.2098 39.4851 182.477 28.996 23.6387 153.481 90.9679 30.1176 60.8503 10.0566 50.7937 33.4102
internal_count=615260 13105 9191 735 8456 228 162 602155 88054 514101 15462 12115 7514 2459 4601 3347 1901 1702 3643 1383 6378 1277 695 5101 3419 1322 2097 180 1917 1122
is_linear=0
shrinkage=0.1


Tree=165
num_leaves=31
num_cat=0
split_feature=20 2 0 2 2 18 2 4 2 2 8 4 7 17 2 4 8 0 2 2 18 4 20 20 8 20 4 2 4 4
split_gain=2.08539 3.99171 4.80637 2.98155 19.1083 22.1263 14.425 14.3143 9.60381 19.0699 17.5466 14.9461 10.8323 8.8112 8.5394 12.465 9.72122 9.40697 8.07265 8.22601 18.5659 10.5215 7.97154 7.90021 9.20103 7.73127 7.60009 7.34959 7.24322 6.79955
threshold=0.93381963191493456 8.4140358147998207 106.70516706979716 7.0829675041017461 7.0570366107561346 1.0000000180025095e-35 7.0057873753372677 0.37988184079602 7.1356870300780662 7.1455903013557807 1.0000000180025095e-35 0.39172885572139315 2.5000000000000004 1.0000000180025095e-35 6.9861015736288641 0.20457375478927206 1.0000000180025095e-35 19.959839353732317 6.9551130077509109 6.9353661877947355 1.0000000180025095e-35 0.28345771144278614 0.73949172190507462 0.75325221739436621 1.0000000180025095e-35 0.45582702430331995 0.27694859038142633 7.1008464718011606 0.17816091954022989 0.27847222222222229
decision_type=2 2 2 2 2 2 2 2 2 2 2 2 2 2 2 2 2 2 2 2 2 2 2 2 2 2 2 2 2 2
left_child=3 2 -2 4 6 -6 14 23 10 22 12 13 25 -12 18 16 17 -16 19 -1 21 -21 28 -7 -25 -5 -24 -27 -10 -8
right_child=1 -3 -4 8 5 7 29 -9 9 -11 11 -13 -14 -15 15 -17 -18 -19 -20 20 -22 -23 26 24 -26 27 -28 -29 -30 -31
leaf_value=-0.00016011932594640584 0.018947984107644034 0.00033345048745165136 -0.021694514034499787 -0.087699420936714387 -0.073409264615376821 0.090455963634143294 -0.064903909003475466 -0.13986652839692312 0.10549473719365109 -0.0031056834141585726 -0.077062643281080256 0.040842029540624353 0.089275363349890932 -0.18781135601147922 -0.036508914082434216 -0.075870680942574084 -0.12349454179698847 0.085179002575352381 -0.036995538353767198 0.064639892861248813 -0.11958247899368285 -0.047541378947979981 -0.15125276153358796 -0.086756873580330018 0.055463232480838634 -0.058042808350028979 0.034760618156009317 0.020389253432839316 0.011836179036944196 -0.010504557929466418
leaf_weight=4020.6480233057646 238.07414976519067 1021.6481921648083 33.149004690538277 12.431620912861034 14.037275615395627 58.254646598361433 49.180929548245331 3.3883936555939718 28.883049415686401 3548.3238619448057 31.217655679152813 8.8570695598027651 11.317388162016867 9.3311519926646707 7.5012173796130801 8.3027958651655336 2.8481864680070421 41.488734066602774 58.368671023286879 59.493432788178325 7.2252623030799432 9.7276024279308313 3.0641674511134607 5.7845764991361674 21.296618635766208 16.446933758263185 7.7568900515325367 43.671626168536022 11.562976808978418 43.124373641981947
leaf_count=376394 4344 16999 1656 1452 1811 1390 5149 479 885 179301 2818 539 187 476 382 1577 336 720 4113 1456 478 1069 194 251 437 1528 248 2330 1135 5375
internal_value=-0.000534537 0.00319641 0.0139806 -0.00112686 0.000633423 0.0432498 -0.000383155 0.0617068 -0.00320678 -0.00223079 -0.0295674 -0.0768425 -0.0017179 -0.102548 0.000473109 0.0378849 0.0561049 0.0665465 -6.83421e-05 0.000457736 0.0329535 0.0488751 0.0583228 0.0697105 0.0250848 -0.0159123 -0.0179123 -0.0010678 0.078719 -0.0394889
internal_weight=9436.41 1292.87 271.223 8143.54 4410.67 102.762 4307.91 88.7242 3732.86 3599.59 133.273 49.4059 83.8676 40.5488 4215.6 60.1409 51.8381 48.99 4155.46 4097.09 76.4463 69.221 51.2671 85.3358 27.0812 72.5502 10.8211 60.1186 40.446 92.3053
internal_count=615509 22999 6000 592510 401417 4368 397049 2557 191093 181763 9330 3833 5497 3294 386525 3015 1438 1102 383510 379397 3003 2525 2462 2078 688 5310 442 3858 2020 10524
is_linear=0
shrinkage=0.1


Tree=166
num_leaves=31
num_cat=0
split_feature=1 20 13 4 0 1 1 4 4 0 1 1 1 1 1 18 1 1 18 13 1 20 1 1 18 1 1 13 1 1
split_gain=2.29505 3.76832 4.96111 4.42537 3.49461 4.5193 3.00142 2.90813 2.82431 4.24157 5.72618 13.3734 8.84811 8.71316 7.51981 6.53268 6.22139 13.2169 11.2556 16.6192 6.8164 7.28711 6.87106 17.0158 8.8308 6.78388 12.4619 6.54786 16.2985 8.26894
threshold=132.50000000000003 0.048111941754526544 1.0000000180025095e-35 0.13805970149253743 6.2661748307850127 26.500000000000004 100.50000000000001 0.20857279693486594 0.16266762452107283 24.53950841572669 2229.0000000000005 2423.5000000000005 2200.5000000000005 2088.5000000000005 2013.5000000000002 1.0000000180025095e-35 2764.0000000000005 4203.5000000000009 1.0000000180025095e-35 1.0000000180025095e-35 15533.500000000002 0.88911681117536079 10045.000000000002 6608.5000000000009 1.0000000180025095e-35 3685.0000000000005 3873.5000000000005 1.0000000180025095e-35 2460.0000000000005 2460.0000000000005
decision_type=2 2 2 2 2 2 2 2 2 2 2 2 2 2 2 2 2 2 2 2 2 2 2 2 2 2 2 2 2 2
left_child=1 -1 4 -4 5 -3 -5 -6 9 -2 12 -12 13 14 -11 -15 27 18 -18 -20 22 -22 23 -19 -25 -21 -27 28 -13 -29
right_child=8 2 3 6 7 -7 -8 -9 -10 10 11 16 -14 15 -16 -17 17 20 19 25 21 -23 -24 24 -26 26 -28 29 -30 -31
leaf_value=0.00058860285435453821 -0.0019565188185866351 0.10767822991502961 -0.0040632965697430306 0.11605304473313877 0.0040745542834600811 -0.024632107015331077 -0.022515518912999771 0.032522111971294863 -0.0019769240889068616 0.0094411444200988848 -0.06733164614122128 0.067792294589630389 0.072288477043817786 -0.022710024713853427 0.063484063684547565 -0.16455125930420553 -0.007442168892703948 0.022408073421827972 0.0084784360496499688 -0.1443708842815061 -0.030184628491617967 0.0029761672649552162 0.027155018165096113 -0.0058108997915869535 -0.070091144745829045 0.097578629524218918 -0.13943684302983703 -0.11519800255591393 -0.14276458599501768 0.050033821583310378
leaf_weight=465.85614534935848 1632.3481437379542 2.7835368691594331 6.3591119171687778 11.545799540472215 68.804347703000531 35.579367582236955 1.8078997017873906 75.223762811227061 5348.1947907472713 671.91630198067287 28.45212939591147 7.7933250258502067 23.438876359723508 11.308689894212874 26.773083361418685 4.5548498015850774 85.476743021223228 148.03597269410966 17.885323404800147 21.064906238578263 89.486362304509385 255.40834139840445 194.47700365597848 50.077764521818608 37.283841682830825 3.7883182652294618 5.3528914400376379 3.1811191872693589 6.9589941025478765 63.229858653619885
leaf_count=55525 121192 116 337 376 2983 9422 243 2807 363667 30556 1079 214 386 339 837 199 2842 3589 635 811 4040 4162 4017 1510 1060 36 194 140 441 1179
internal_value=-0.000113857 0.00553581 0.0169393 0.0645966 0.0117885 -0.0150319 0.0972928 0.0189323 -0.00054581 0.00171311 0.00512444 0.000262172 0.0118312 0.00984811 0.011512 -0.0634365 0.00220577 -0.00016447 -0.0292164 -0.0679175 0.00484401 -0.00562773 0.0132456 0.00175421 -0.0332442 -0.113152 -0.0412124 0.0287322 -0.031532 0.0421191
internal_weight=9404.45 667.96 202.104 19.7128 182.391 38.3629 13.3537 144.028 8736.49 3388.29 1755.94 1017.95 737.992 714.553 698.689 15.8635 989.501 908.337 133.568 48.0914 774.769 344.895 429.875 235.398 87.3616 30.2061 9.14121 81.1633 14.7523 66.411
internal_count=614934 71809 16284 956 15328 9538 619 5790 543125 179458 58266 25949 32317 31931 31393 538 24870 22896 4518 1676 18378 8202 10176 6159 2570 1041 230 1974 655 1319
is_linear=0
shrinkage=0.1


Tree=167
num_leaves=31
num_cat=0
split_feature=3 3 1 5 1 7 1 1 1 1 1 3 1 1 1 0 7 1 4 7 4 4 10 0 16 1 0 0 17 9
split_gain=2.41829 2.28419 6.05725 2.34255 1.73144 1.58997 3.7261 6.30709 4.70508 7.29965 13.4044 4.78538 4.4226 3.05042 7.9646 5.58039 5.53681 3.82372 7.62988 3.05509 11.8982 6.4883 5.87234 8.57196 3.69441 3.85706 3.53391 3.41716 3.29291 3.42118
threshold=0.74440298507462699 0.69216417910447781 313.50000000000006 2.5000000000000004 1846.5000000000002 2.5000000000000004 1190.5000000000002 1331.5000000000002 1973.5000000000002 2460.0000000000005 4021.0000000000005 0.49813432835820898 407.50000000000006 5853.5000000000009 6608.5000000000009 36.584111632772526 4.5000000000000009 6201.5000000000009 0.13805970149253743 3.5000000000000004 0.39412134728655579 0.16417910447761203 1.0000000180025095e-35 29.789300053129214 1.0000000180025095e-35 14340.000000000002 11.212210140899963 8.4201711490531821 1.0000000180025095e-35 1.0000000180025095e-35
decision_type=2 2 2 2 2 2 2 2 2 2 2 2 2 2 2 2 2 2 2 2 2 2 2 2 2 2 2 2 2 2
left_child=1 5 -3 4 -4 -1 12 -8 11 -10 -11 -9 -7 16 15 17 -12 -15 -19 20 21 24 23 26 25 -16 -23 -22 29 -25
right_child=-2 2 3 -5 -6 6 7 8 9 10 13 -13 -14 14 19 -17 -18 18 -20 -21 27 22 -24 28 -26 -27 -28 -29 -30 -31
leaf_value=0.00051073743818973085 -0.03780623716979483 0.0036968191911677657 -0.089271141722873149 0.08295655528853664 0.05088421920769623 0.023428176581923491 0.074773814694165816 0.097652136380026247 0.03671736377935788 -0.1063267212857531 -0.063400192722785229 -0.058775293396159806 -0.08748528410135159 0.1157688758220556 -0.077382423112485665 0.080126981157353311 0.0034591656041069938 0.042309739726635348 -0.11717265033423159 -0.00066228013133865556 -0.14499408151496013 -0.17780702638627779 0.023713351357756724 -0.068807149496359701 -0.16255457039311194 -0.015335362918721021 -0.065921557823862276 0.046475993842344472 -0.13890343781877948 0.0079636720235068629
leaf_weight=8207.1400768973253 16.771053906588349 88.774833817136823 1.4858421487733733 15.3823007568717 2.1668427940458059 5.3564507495611933 10.373045157641171 2.1322884835826725 45.31421075804974 12.717868615378391 22.807736461021705 23.607204471249133 10.93290438770782 2.3504507953475668 23.785367728443816 19.780824069865048 27.107053708983585 7.2857571775093675 5.09940228483174 726.56106649013236 0.9616935630474498 3.4272843184880939 29.941875803342555 6.7316307626315384 3.2152284544426939 17.310024348727893 16.010461928410223 30.293199095816817 1.8392855976708222 42.158010978426319
leaf_count=563739 682 4297 36 543 40 108 172 1073 1702 1408 1849 1238 835 547 911 268 788 61 247 28736 179 324 538 439 238 826 806 1259 86 1472
internal_value=0.000132878 0.000200481 0.0146727 0.0658618 -0.00612829 3.27883e-05 -0.00354263 -0.00282718 -0.00357917 -0.00253851 -0.00431846 -0.0458167 -0.0510135 -0.0030036 -0.0017201 0.0454228 -0.0270911 -0.00116337 -0.0233547 -0.00352362 -0.0153577 -0.0274646 -0.0133629 -0.0291843 -0.0593238 -0.0512472 -0.0856493 0.0405846 -0.00754865 -0.00260693
internal_weight=9428.82 9412.05 107.81 19.035 3.65268 9304.24 1097.1 1080.81 1070.44 1044.7 999.384 25.7395 16.2894 986.666 936.752 34.5164 49.9148 14.7356 12.3852 902.235 175.674 144.419 100.109 70.1667 44.3106 41.0954 19.4377 31.2549 50.7289 48.8896
internal_count=615447 614765 4916 619 76 609849 46110 45167 44995 42684 40982 2311 943 39574 36937 1123 2637 855 308 35814 7078 5640 3665 3127 1975 1737 1130 1438 1997 1911
is_linear=0
shrinkage=0.1


Tree=168
num_leaves=31
num_cat=0
split_feature=2 2 18 13 2 3 2 6 0 20 2 18 12 0 2 2 13 20 2 2 2 10 2 2 2 2 2 13 2 0
split_gain=2.16201 3.7012 6.83656 9.92552 6.80197 6.27347 4.9505 3.3045 3.25157 3.16723 3.15346 2.79906 4.77276 3.51747 2.66707 2.35531 2.32759 2.22895 4.59283 11.1156 7.84003 5.27139 4.87369 11.3736 6.80315 7.02704 9.65592 8.47091 8.05182 6.09688
threshold=4.4005842009683471 3.8815106545092593 1.0000000180025095e-35 1.0000000180025095e-35 4.1026092131977068 0.69216417910447781 4.0163424379838117 1.0000000180025095e-35 5.0456049600372941 0.044599135067900392 3.9607678160667752 1.0000000180025095e-35 1.0000000180025095e-35 3.4571345646921503 4.1026092131977068 4.2121001622835372 1.0000000180025095e-35 0.66631029720786594 6.7013457377751759 6.7575093952856955 6.6770826681445907 1.0000000180025095e-35 6.9551130077509109 6.9353661877947355 7.1762542397670623 7.2706602282477695 7.3258072858979491 1.0000000180025095e-35 7.2445845309701786 78.264908328995872
decision_type=2 2 2 2 2 2 2 2 2 2 2 2 2 2 2 2 2 2 2 2 2 2 2 2 2 2 2 2 2 2
left_child=1 11 3 7 -5 -6 16 9 14 -3 -11 -1 13 -13 -8 -16 -4 -2 20 -20 21 -19 23 -21 -24 27 -27 29 -29 -26
right_child=17 2 6 4 5 -7 8 -9 -10 10 -12 12 -14 -15 15 -17 -18 18 19 22 -22 -23 24 -25 25 26 -28 28 -30 -31
leaf_value=0.0026785856902445788 -0.0015137043658930245 -0.04434812619588336 0.086220789166433762 -0.11777348962321584 0.084964546513973727 0.0043901361589430022 -0.10008803973876801 0.034156569015252651 -0.15307454507509077 0.077062901863209896 -0.014355661135059792 -0.025120883705664194 0.097239338932140679 -0.11673988025382503 0.039166872417356606 -0.041357957734018486 0.0042433026424848362 0.0055188992955843728 -0.052762029511016328 0.0029134072161977869 0.067388549515707621 0.15693616972907765 -0.015970903348318535 0.064273196676287475 -0.00091571725372698281 -0.046668359114787589 0.0014063662712031685 -0.032297403334391787 0.070981599761803252 0.063853860872945048
leaf_weight=191.53115484038426 4731.2520037933045 38.527576769969528 24.54480078374036 2.4935692756989729 23.938388953072717 16.203954304277431 1.6371460972586636 10.848731629230313 1.055323454143944 4.3921216747621683 26.780176617843608 18.102687792299555 2.567977142171002 5.4526129898149511 33.093032096629031 4.080213273438857 4.0325596902985117 128.14009312471899 38.1086311393301 117.273082226322 27.051367323496379 2.3411955432966343 227.73583272480755 40.689785966766067 117.26338273291913 42.288773049906013 3467.2281990914198 9.0491620929678884 45.524275053292513 16.589392321009655
leaf_count=19779 419884 10611 357 472 717 626 138 621 70 797 4207 1824 428 326 686 951 270 5992 2472 8657 482 13 13711 759 6273 2600 109466 417 852 1024
internal_value=0.000304972 0.00741337 0.0175482 0.003469 0.0424847 0.0524397 0.0428879 -0.0171828 0.0201175 -0.0251737 -0.00147495 -0.00150951 -0.0322159 -0.046329 0.0248269 0.0303283 0.0746529 -1.79101e-05 0.00163587 0.000995396 0.0183934 0.00823574 0.00149706 0.0187191 0.000804074 0.00183715 0.000827078 0.0206502 0.0538563 0.00711167
internal_weight=9419.82 409.282 191.628 123.185 42.6359 40.1423 68.4431 80.5486 39.8657 69.6999 31.1723 217.654 26.1233 23.5553 38.8104 37.1732 28.5774 9010.54 4279.28 4121.75 157.533 130.481 4083.64 157.963 3925.68 3697.94 3509.52 188.426 54.5734 133.853
internal_count=615482 42880 20523 18051 1815 1343 2472 16236 1845 15615 5004 22357 2578 2150 1775 1637 627 572602 152718 146231 6487 6005 143759 9416 134343 120632 112066 8566 1269 7297
is_linear=0
shrinkage=0.1


Tree=169
num_leaves=31
num_cat=0
split_feature=0 1 1 4 13 18 1 19 0 1 1 9 3 12 1 1 1 1 1 19 13 1 1 1 1 3 1 1 1 1
split_gain=2.25994 2.08193 4.10366 3.34915 4.17625 6.84429 5.94808 3.69933 3.29017 4.84803 9.44969 4.26599 3.97857 3.943 5.67317 3.71957 3.62054 3.46909 18.1981 7.48267 13.9872 12.7239 32.2705 8.97322 8.73031 8.61694 8.37462 26.2208 17.4331 11.5648
threshold=158.25139966233539 80.500000000000014 59.500000000000007 0.13675766283524909 1.0000000180025095e-35 1.0000000180025095e-35 69.500000000000014 1.0000000180025095e-35 14.156343067793001 8612.5000000000018 7835.5000000000009 1.0000000180025095e-35 0.56156716417910457 1.0000000180025095e-35 17959.000000000004 132.50000000000003 15533.500000000002 706.50000000000011 693.50000000000011 1.0000000180025095e-35 1.0000000180025095e-35 448.50000000000006 456.50000000000006 305.50000000000006 143.50000000000003 0.49813432835820898 626.50000000000011 636.50000000000011 448.50000000000006 429.50000000000006
decision_type=2 2 2 2 2 2 2 2 2 2 2 2 2 2 2 2 2 2 2 2 2 2 2 2 2 2 2 2 2 2
left_child=1 2 -1 -4 6 -6 7 -5 9 10 17 -12 15 14 -11 -10 -15 18 19 26 21 -21 -23 24 -22 -24 28 -28 29 -3
right_child=-2 8 3 4 5 -7 -8 -9 12 13 11 -13 -14 16 -16 -17 -18 -19 -20 20 23 22 25 -25 -26 -27 27 -29 -30 -31
leaf_value=0.00071409780190326072 -0.020215563437764178 -0.0063596308434917164 0.00060544164435644187 0.04540485098208881 0.083995918926783528 -0.06447144900878439 -0.058093925327546037 -0.065531527380445306 0.028613729707968147 -0.041016188279253893 -0.092522829992540911 0.079353779878729991 0.019931417451646796 -0.019043357626075324 -0.0048417001691142807 0.00051307333806044646 0.099708484231587582 -0.0073883889465091897 0.053848891813763289 -0.011012062490067706 -0.13337851111583218 0.11069039906186114 0.038648962109147061 0.023115749734195709 0.10258138981265147 -0.030784090588304888 0.09208073690124341 -0.019296462576678219 -0.037530489410291773 0.030828771967823701
leaf_weight=286.67859052854146 55.355200472404249 944.64600073681868 41.831064448917459 31.719618803510457 25.22845228808001 3.5408293491927898 8.559776783027699 3.3205805421384857 47.491341294022277 83.594119315741409 1.5648459866642976 18.709302543196827 110.08803908215486 5.0355808887397853 90.05940102356908 5778.5071410982055 5.2379816919565201 938.15048476551783 60.863140194713196 287.54437131395025 1.6644921826664383 33.614316005725414 27.541140892746625 74.527197852963582 27.055657554650679 50.921648391587951 34.490034233964252 54.598528531420015 170.99940966979921 91.744143516953045
leaf_count=32127 2354 97459 3254 2800 668 453 2682 640 828 5402 160 348 4341 213 4222 276329 91 86055 2938 35283 157 421 6232 2371 692 10774 716 4672 26238 3958
internal_value=-6.96896e-05 4.97146e-05 0.0070999 0.0231302 0.0361501 0.065723 0.0166365 0.034892 -0.000266471 -0.00296407 -0.00193761 0.0660876 0.00109802 -0.0186942 -0.0222555 0.000742139 0.0415023 -0.00243046 6.99527e-05 -0.00174913 0.0086053 0.000128085 0.0287092 0.0414166 0.0889062 -0.00641247 -0.00576533 0.0238225 -0.0079485 -0.00306761
internal_weight=9394.88 9339.53 400.879 114.2 72.3693 28.7693 43.6 35.0402 8938.65 3002.56 2818.63 20.2741 5936.09 183.927 173.654 5826 10.2736 2798.36 1860.21 1799.35 502.869 399.621 112.077 103.247 28.7201 78.4628 1296.48 89.0886 1207.39 1036.39
internal_count=614878 612524 42624 10497 7243 1121 6122 3440 569900 288402 278474 508 281498 9928 9624 277157 304 277966 191911 188973 55930 52710 17427 3220 849 17006 133043 5388 127655 101417
is_linear=0
shrinkage=0.1


Tree=170
num_leaves=31
num_cat=0
split_feature=1 1 18 20 4 7 20 1 1 11 4 20 20 20 1 1 4 1 1 20 1 1 1 4 5 20 4 20 1 9
split_gain=2.0676 9.76841 8.74688 9.34039 4.15233 3.67821 10.5759 4.51428 4.32508 3.63205 3.92428 7.2355 5.5202 6.04051 5.46611 6.6754 5.1344 3.94885 4.0857 5.47089 2.90799 6.9745 10.1699 10.813 7.41832 10.2332 7.47016 6.0605 5.70914 11.0495
threshold=15533.500000000002 17959.000000000004 1.0000000180025095e-35 0.019560832466209915 0.37593283582089559 4.5000000000000009 0.48082338527562068 7835.5000000000009 8612.5000000000018 1.0000000180025095e-35 0.16728855721393032 0.84576245483440038 0.79101610049150872 0.67152095087446095 10045.000000000002 14674.500000000002 0.15671641791044788 14674.500000000002 7136.0000000000009 0.56977839954494269 3332.5000000000005 2553.5000000000005 2764.0000000000005 0.18457854406130272 1.0000000180025095e-35 0.78620839146698007 0.17298564648024253 0.73474227287083338 2049.5000000000005 1.0000000180025095e-35
decision_type=2 2 2 2 2 2 2 2 2 2 2 2 2 2 2 2 2 2 2 2 2 2 2 2 2 2 2 2 2 2
left_child=5 2 3 -2 -5 9 7 -7 -9 20 11 16 13 17 -14 -16 -11 18 19 -12 21 28 24 -24 25 -23 -27 -22 -1 -30
right_child=1 -3 -4 4 -6 6 -8 8 -10 10 12 -13 14 -15 15 -17 -18 -19 -20 -21 27 22 23 -25 -26 26 -28 -29 29 -31
leaf_value=0.00067983824341878382 -0.20752963560183868 -0.0017034063098065732 -0.10217754011777865 -0.024501753248206359 0.044658109085650488 -0.0097821730450241857 0.086522048922006531 0.072164899355048509 0.0091782221806574263 -0.0054099634231148204 -0.063493871294222778 0.080343764623112393 0.089895971583747097 0.085617245546088072 -0.19676397548176808 -0.028918982101258546 0.078094492145027838 0.10172677652225424 -0.15452913880815256 0.068024841417135093 -0.015813340265844678 -0.14287816905613651 -0.021840754011689677 0.019122920480264378 0.052299844826162123 0.074388658554022394 -0.069934660396592671 -0.00067863007946302378 -0.015041183578983736 0.0644377194319012
leaf_weight=5577.3573917473204 2.5853326288051894 1206.263030103848 16.470179708965588 56.019175692752469 10.273323359404456 75.575974147875968 18.579424367766478 15.812630469910799 35.102919931217912 38.326930253679166 8.103429828779559 21.699004509835504 1.9388654297363235 8.8471981541078986 3.8535290301224432 6.1529365760070505 9.1142811305471678 2.4938910416094577 2.3761098251779904 5.1877215015701941 346.88892491541628 4.7633714806725065 104.22327605931787 168.8125491772953 88.038092749367934 10.333909190259872 5.4925851462758137 1115.1001073166699 394.08751819493045 18.304396549239755
leaf_count=478481 83 34766 673 2301 625 5195 474 332 1678 1407 3317 297 68 221 147 217 203 201 201 75 17631 550 3940 7493 2512 112 192 33529 17537 308
internal_value=-0.000301382 -0.00401665 -0.0367108 -0.0210563 -0.0137841 0.000292033 0.0160717 0.00572372 0.0287397 3.77892e-06 0.0182091 0.0325109 -0.00717545 0.0178599 -0.0637802 -0.0935567 0.0106327 -0.0151481 -0.0337521 -0.0121603 -0.000247439 0.000675506 0.0137825 0.00348626 0.039662 -0.0143749 0.0243012 -0.00426967 -0.000159664 -0.0115134
internal_weight=9378.18 1291.61 85.348 68.8778 66.2925 8086.57 145.071 126.492 50.9156 7941.5 108.094 69.1402 38.9537 27.0084 11.9453 10.0065 47.4412 18.1612 15.6673 13.2912 7833.4 6371.41 381.664 273.036 108.628 20.5899 15.8265 1461.99 5989.75 412.392
internal_count=614766 38448 3682 3009 2926 576318 7679 7205 2010 568639 6354 1907 4447 4015 432 364 1610 3794 3593 3392 562285 511125 14799 11433 3366 854 304 51160 496326 17845
is_linear=0
shrinkage=0.1


Tree=171
num_leaves=31
num_cat=0
split_feature=14 1 0 7 5 1 0 0 13 1 1 1 1 18 1 1 1 4 20 4 18 20 1 1 1 1 4 20 1 1
split_gain=1.55822 3.22473 1.52023 1.68126 2.80235 2.45138 1.46592 2.42511 1.31181 9.23218 22.3596 24.6717 15.6694 14.7191 15.0044 40.7776 34.7187 11.6113 12.1698 13.5373 14.4381 11.5619 14.4269 25.8587 16.8775 10.4664 9.51438 8.98156 8.80503 10.6312
threshold=1.0000000180025095e-35 1436.5000000000002 1.0000000180025095e-35 1.7500000000000002 1.5000000000000002 263.50000000000006 13.05104893508603 13.411604758315073 1.0000000180025095e-35 1462.5000000000002 1160.0000000000002 1176.0000000000002 2423.5000000000005 1.0000000180025095e-35 388.50000000000006 436.50000000000006 429.50000000000006 0.11940298507462691 0.72518565854827288 0.40818965517241385 1.0000000180025095e-35 0.21313734932922487 608.00000000000011 636.50000000000011 682.50000000000011 416.00000000000006 0.36013681592039809 0.2209269493029887 1229.0000000000002 1292.0000000000002
decision_type=2 2 2 2 2 2 2 2 2 2 2 2 2 2 2 2 2 2 2 2 2 2 2 2 2 2 2 2 2 2
left_child=2 6 3 -1 -5 -6 -2 -8 -4 10 13 27 17 -10 -15 16 25 -11 -19 20 -20 22 -17 -24 -25 -16 -23 -12 -13 -30
right_child=1 -3 8 4 5 -7 7 -9 9 12 11 28 -14 14 15 21 -18 18 19 -21 -22 26 23 24 -26 -27 -28 -29 29 -31
leaf_value=-0.051750503568645162 -0.11846076567510921 -0.062198272928121634 -0.00080431509122749756 -0.14579915172857841 0.050297982054989088 -0.094427865030434058 0.2628846505327902 0.030745551313115346 0.015036583835267112 0.0053078460665483638 -0.066745520670078037 -0.018121290137802889 0.0022471662075448941 -0.040652896726103976 0.032182405620246948 -0.03597649322705139 0.15700222854377432 -0.058323364920192189 0.012804033424683668 0.060776413601983208 -0.05925248895589913 -0.045654184739051494 0.085040279841986977 -0.076887719976187471 0.019470491966396716 -0.11506493966805252 0.023974296946521104 0.13373048640428881 0.069922158486498798 0.015608139701293367
leaf_weight=11.897508590862344 0.49565634591272001 10.478927156160351 6630.3203697069339 1.0861803950683686 6.7437888907734287 1.4161200332455335 0.52807069942355189 3.0448440107575152 441.38018670044676 109.21472935404745 2.4205135637894299 41.004628801310901 1156.4386684566743 120.93902588114724 22.410938217770312 64.689398978283862 28.114891480654478 111.2749583217028 50.094213334828964 20.709644682981889 62.504271194571629 123.82558628139668 43.152685172390193 26.126884252240416 59.741019866720308 6.152550983708351 23.320943101251032 29.117231484968215 54.115478061430622 107.87767282227287
leaf_count=3328 126 1526 444130 94 108 100 8 525 46874 4530 176 2543 36262 13907 1207 9818 292 12488 1504 1206 3056 12291 783 2014 4539 718 2953 248 1990 5378
internal_value=-0.000158705 -0.0328613 -0.000107857 -0.0268918 0.00509552 0.0251814 0.0426983 0.0650553 -4.71917e-05 0.00180888 0.00837861 0.036058 -0.00338688 0.00161529 -0.00981035 -0.000427354 0.0781144 -0.0218026 -0.0339083 -0.0135286 -0.0271951 -0.0134874 0.0025645 0.0218885 -0.00984826 0.000465454 -0.0346189 0.118344 0.0232741 0.0337523
internal_weight=9370.64 14.5475 9356.09 21.1436 9.24609 8.15991 4.06857 3.57291 9334.95 2704.63 1194.39 234.536 1510.24 959.854 518.474 397.535 56.6784 353.798 244.583 133.308 112.598 340.857 193.71 129.021 85.8679 28.5635 147.147 31.5377 202.998 161.993
internal_count=614722 2185 612537 3630 302 208 659 533 608907 164777 105731 10335 59046 95396 48522 34615 2217 22784 18254 5766 4560 32398 17154 7336 6553 1925 15244 424 9911 7368
is_linear=0
shrinkage=0.1


Tree=172
num_leaves=31
num_cat=0
split_feature=6 10 17 19 4 18 1 3 4 1 1 1 4 1 1 7 5 1 4 4 4 3 1 1 1 1 1 4 15 16
split_gain=1.87101 7.95172 4.70447 4.04896 4.41023 7.4743 5.83953 3.61538 3.56195 3.45831 4.95254 3.0678 2.83842 2.75479 2.68257 4.24773 7.8646 5.35105 4.20939 3.56221 3.54058 3.2293 2.67921 3.77407 2.61589 3.5249 3.12712 4.17151 6.75736 5.42215
threshold=1.0000000180025095e-35 1.0000000180025095e-35 1.0000000180025095e-35 1.0000000180025095e-35 0.39412134728655579 1.0000000180025095e-35 47190.500000000007 0.24813432835820901 0.21840796019900496 3575.0000000000005 4357.0000000000009 6201.5000000000009 0.026119402985074626 23098.500000000004 7835.5000000000009 1.7500000000000002 1.0000000180025095e-35 8612.5000000000018 0.27847222222222229 0.43703358208955234 0.39619252873563227 0.63992537313432851 10.500000000000002 177.00000000000003 94197.000000000015 47190.500000000007 14340.000000000002 0.40419061302681997 1.0000000180025095e-35 1.0000000180025095e-35
decision_type=2 2 2 2 2 2 2 2 2 2 2 2 2 2 2 2 2 2 2 2 2 2 2 2 2 2 2 2 2 2
left_child=1 24 8 4 7 6 13 -2 -3 -7 -11 -12 -5 -6 21 16 18 -17 -16 -19 -20 -14 -9 -24 25 26 27 -1 29 -29
right_child=3 2 -4 12 5 9 -8 22 -10 10 11 -13 14 -15 15 17 -18 19 20 -21 -22 -23 23 -25 -26 -27 -28 28 -30 -31
leaf_value=-0.00053095173345389332 -0.17474849529145073 -0.028967472615257891 -0.034325144089371408 0.018153101358365089 -0.083494296655146794 0.031380793127726479 0.060628290113636123 0.071083124372237849 0.0091823192069208134 -0.15264046710339313 0.064740239589982637 -0.03900224027713943 -0.016958233786343656 -0.20095795962146246 -0.1700289671116012 0.068542350660560039 0.049665441564171894 -0.0069584054305619541 0.035597089400660704 0.02375264022045543 -0.066133488356195966 0.012935162034608375 -0.027976758170579281 0.012907710102309573 -0.018445656664614975 0.015278173684114627 -0.0074859718016965148 0.0099821332437877077 0.088805903436332614 -0.039581960015126899
leaf_weight=6405.3134207771673 1.0386785533482896 38.567896114080213 109.81191161372044 67.078915942605818 9.6683602314660657 21.244846645393409 2.4786852712859391 7.5702681103721252 66.972318395331968 2.7418431895785025 4.2641035534907124 8.5980049078352732 207.6064289007445 2.5161489895544937 1.9764399720588688 10.395843900274484 41.064544702530839 398.15178914665012 7.0293534730444645 41.726713418378495 6.6649351862288313 43.75356050679693 23.566673182402155 538.4215598780138 79.080908853429719 145.00392922666651 584.49023672078329 431.76342352860411 10.443271280848419 23.260856841901841
leaf_count=432211 63 1363 7047 2049 1281 1687 66 77 2333 118 76 316 33952 103 80 268 859 14874 133 1928 196 1506 2888 20516 2193 4727 17018 58661 306 5987
internal_value=-0.000277471 -0.000883455 -0.0198352 0.00302746 0.00911954 -0.018903 -0.079288 0.0116493 -0.00475888 0.00512585 -0.0306204 -0.00460907 -0.00156391 -0.107751 -0.00330791 0.000879785 0.0266657 -0.00236928 -0.0336042 -0.00404517 -0.0139146 -0.0117548 0.0119893 0.0111932 -0.00035199 -0.000163726 -0.000464068 0.000133278 0.00927376 0.00744842
internal_weight=9342.27 7894.71 215.352 1447.56 622.109 51.512 14.6632 570.597 105.54 36.8488 15.604 12.8621 825.449 12.1845 758.37 507.01 56.7353 450.274 15.6707 439.879 13.6943 251.36 569.559 561.988 7679.36 7600.28 7455.27 6870.78 465.468 455.024
internal_count=614882 531846 10743 83036 27191 3647 1450 23544 3696 2197 510 392 55845 1384 53796 18338 1268 17070 409 16802 329 35458 23481 23404 521103 518910 514183 497165 64954 64648
is_linear=0
shrinkage=0.1


Tree=173
num_leaves=31
num_cat=0
split_feature=1 4 0 4 4 20 4 19 4 4 7 4 0 7 4 0 0 0 4 20 5 6 7 0 4 20 4 0 0 5
split_gain=1.84549 2.19813 2.26737 2.0644 3.81896 3.44499 2.91328 2.78058 2.17024 3.46625 2.0235 2.91932 1.98581 4.55129 2.21655 2.84631 1.91606 1.994 1.88709 2.06188 2.702 2.4058 4.01725 2.71485 2.50084 2.41194 2.87021 2.16917 4.95579 1.82815
threshold=75903.000000000015 0.46654228855721402 119.80018395417834 0.31296641791044782 0.29393978383942371 0.88911681117536079 0.30715174129353245 1.0000000180025095e-35 0.020833333333333325 0.012954980842911886 9.5000000000000018 0.1751865671641791 16.339609188823925 2.5000000000000004 0.37334877337450689 14.728311919785602 64.033483955566041 73.752792421305742 0.31637931034482764 0.99999855885341915 1.0000000180025095e-35 1.0000000180025095e-35 1.7500000000000002 80.751941821112823 0.31691542288557223 0.92156384690717086 0.41218869731800772 21.253261803700934 35.987009606802765 1.0000000180025095e-35
decision_type=2 2 2 2 2 2 2 2 2 2 2 2 2 2 2 2 2 2 2 2 2 2 2 2 2 2 2 2 2 2
left_child=-1 3 -3 4 8 -5 16 12 9 -2 -10 -12 14 -14 -7 -16 -6 -18 -9 21 -21 23 -23 25 -24 -20 27 -27 -29 -11
right_child=1 2 -4 5 6 7 -8 18 10 29 11 -13 13 -15 15 -17 17 -19 19 20 -22 22 24 -25 -26 26 -28 28 -30 -31
leaf_value=0.00024254341088388693 -0.023443894517815075 -0.11984306219336922 0.045697735131171702 -0.072007683828414784 -0.18184186794161902 0.086676718115915374 -0.013811821187502514 0.11916645006214022 -0.021841199389863813 0.11661519835807797 0.049300129008253611 -0.14595759042837383 -0.19175909390927837 -0.0065373499475014059 -0.12623872464024047 0.092507728262299152 0.056590672343497565 -0.14157333949611112 0.033685095460440059 0.09240930124980902 -0.0058601190622823412 0.097624369432277702 0.11367532856978638 0.048857923032373206 -0.12096082861458513 -0.21813085973356672 0.016943335432896913 0.06269132858536039 -0.093519850851046638 0.027866627092871604
leaf_weight=9180.8974205818085 9.5796163610648382 3.3565070948679923 1.0980747952125964 5.2435346711863522 2.9143229790206515 2.1997925883624685 3.853829131112434 1.9136474903207261 84.705022160072986 3.6940963231609185 7.5709898062050325 0.85186778167553701 2.0951980650424957 3.6165473351720721 1.6968730596126991 0.91591345705091942 0.89359263656660948 1.1760828276164828 5.8620315017760793 7.2751585834193957 4.5466291042976081 6.0219459341606107 0.62222738470882211 6.9924532119184724 1.6826560898916794 0.89306325814686971 5.9026819055434308 2.6691465072799465 8.4932142953039129 6.2448027189821005
leaf_count=608822 161 307 25 786 170 29 130 26 2440 42 205 201 36 57 79 7 17 59 259 40 84 52 11 145 131 33 143 49 224 68
internal_value=3.82907e-05 -0.00959892 -0.0790365 -0.00797203 -0.0158047 0.00589034 -0.079104 0.012333 -0.0108385 0.0194803 -0.017193 0.0295522 -0.0346081 -0.0744809 0.0127143 -0.0495571 -0.129591 -0.056015 0.0216763 0.0180154 0.0546151 0.00696075 0.0546529 -0.00592763 -0.0576183 -0.02201 -0.0401905 -0.0681649 -0.0561666 0.0608528
internal_weight=9375.48 194.582 4.45458 190.127 121.484 68.6427 8.83783 63.3992 112.646 19.5185 93.1279 8.42286 10.5243 5.71175 4.81258 2.61279 4.984 2.06968 52.8749 50.9612 11.8218 39.1394 8.32683 30.8126 2.30488 23.8201 17.9581 12.0554 11.1624 9.9389
internal_count=614838 6016 332 5684 3493 2191 376 1405 3117 271 2846 406 208 93 115 86 246 76 1197 1171 124 1047 194 853 142 708 449 306 273 110
is_linear=0
shrinkage=0.1


Tree=174
num_leaves=31
num_cat=0
split_feature=1 13 4 17 0 20 1 1 7 0 20 1 3 0 20 0 7 20 7 4 0 20 4 4 1 1 0 0 7 0
split_gain=2.39409 3.51755 8.94718 5.51038 4.7393 3.47777 8.00014 3.41624 6.64296 7.78691 7.39612 5.94229 6.32269 6.66927 5.28803 6.65316 5.91611 3.70788 7.27964 3.62371 4.27363 3.59554 3.51685 3.45203 3.18627 3.36634 7.75536 5.0095 3.05325 3.02064
threshold=14340.000000000002 1.0000000180025095e-35 0.020833333333333325 1.0000000180025095e-35 15.717609934412502 0.91565628707710289 18911.000000000004 10610.000000000002 4.5000000000000009 62.368971137533727 0.67152095087446095 11539.500000000002 0.49813432835820898 27.346718565991921 0.72518565854827288 59.411781967137578 2.5000000000000004 0.87408394402281786 2.5000000000000004 0.42815377137302008 35.987009606802765 0.85059515696560528 0.10678646994910503 0.06343283582089547 62575.000000000007 15533.500000000002 22.671290001869725 22.077739208933661 1.7500000000000002 1.868789414427005
decision_type=2 2 2 2 2 2 2 2 2 2 2 2 2 2 2 2 2 2 2 2 2 2 2 2 2 2 2 2 2 2
left_child=7 29 -3 5 -5 6 -4 -1 10 -10 -9 12 23 28 15 -15 -16 18 -13 20 21 -20 -23 -12 25 -7 27 -27 -14 -2
right_child=1 2 3 4 -6 24 -8 8 9 -11 11 17 13 14 16 -17 -18 -19 19 -21 -22 22 -24 -25 -26 26 -28 -29 -30 -31
leaf_value=3.1826085588045179e-05 -0.076160351731446474 -0.18798668981414579 -0.19824560961823229 -0.027374945819245596 0.10465891098180254 0.0076248684897649854 0.038468902419642882 -0.028438481964777947 0.018784654670134432 0.11689819746055492 0.046582438959803449 -0.095919569931643939 -0.08837791185398286 -0.066099051082816315 0.087866399489881897 0.085455813452553514 -0.048974090160106669 0.0080134010249863948 0.051972112227390427 0.076889779670395786 -0.11894789167175795 0.072176632115060729 -0.16321271705560286 -0.029934277651699426 0.089645875559207777 -0.010833556597346559 -0.066878995950720999 0.12617837962325737 0.021940761319513391 -0.0022073750139443671
leaf_weight=7656.0939589803929 5.547512303775874 3.1163226147182277 3.3860960607416919 4.6238520713523013 6.5976967720780522 26.838399952044711 2.4686210574582219 53.150287993368693 25.24748179683229 11.90287629002705 8.3531755888834613 11.006471534987215 4.402245390461756 6.4281017297180352 42.029537474852987 5.2724304981529713 3.4162207762710741 119.91099899000255 6.7729144784098043 5.2813308800104997 3.3340750529896459 0.966110527981073 1.8503909980645401 20.044140461599454 2.6240911807399234 26.887253271415833 34.435363972559571 2.962601408828049 5.8328875165316276 1257.9136893299365
leaf_count=562392 338 62 117 49 51 403 40 3449 696 204 107 916 191 237 470 124 149 2740 312 200 201 22 146 964 20 299 421 11 190 40271
internal_value=-0.000199217 -0.00404965 -0.0208776 -0.0161786 0.0502542 -0.0236631 -0.0984358 0.000464454 0.0103458 0.05022 0.00537571 0.0127143 0.0321508 0.0488304 0.0621448 0.00219378 0.0775799 0.000230576 -0.0317176 0.0070984 -0.0214226 0.0124852 -0.0824699 -0.0074266 -0.0189935 -0.0221219 -0.0345409 0.00276489 -0.0255085 -0.00253208
internal_weight=9368.7 1377.4 113.94 110.824 11.2215 99.6024 5.85472 7991.3 335.202 37.1504 298.051 244.901 95.7787 67.3814 57.1463 11.7005 45.4458 149.122 29.2113 18.2048 12.9235 9.58942 2.8165 28.3973 93.7477 91.1236 64.2852 29.8499 10.2351 1263.46
internal_count=615792 42082 1473 1411 100 1311 157 573710 11318 900 10418 6969 2432 1361 980 361 619 4537 1797 881 681 480 168 1071 1154 1134 731 310 381 40609
is_linear=0
shrinkage=0.1


Tree=175
num_leaves=31
num_cat=0
split_feature=1 1 4 17 1 1 20 9 1 16 20 1 1 20 20 1 8 13 4 12 13 1 17 1 13 20 7 1 3 1
split_gain=2.08411 7.7871 14.5111 11.4893 7.22192 6.65132 11.3364 5.61695 6.48097 11.8145 8.70629 5.94163 16.5512 13.1574 7.33527 7.24663 24.2435 14.3929 9.1891 5.68921 5.19663 5.15024 6.16384 5.12378 10.3779 4.87148 4.50759 5.87413 9.25467 5.55335
threshold=877.00000000000011 859.50000000000011 0.27447318007662841 1.0000000180025095e-35 931.00000000000011 823.50000000000011 0.70614097360683437 1.0000000180025095e-35 812.50000000000011 1.0000000180025095e-35 0.0068894558295402647 714.50000000000011 701.00000000000011 0.28129918036922136 0.038477381673827658 793.00000000000011 1.0000000180025095e-35 1.0000000180025095e-35 0.19098258706467666 1.0000000180025095e-35 1.0000000180025095e-35 732.50000000000011 1.0000000180025095e-35 673.50000000000011 1.0000000180025095e-35 0.75325221739436621 1.2500000000000002 103.50000000000001 0.49813432835820898 673.50000000000011
decision_type=2 2 2 2 2 2 2 2 2 2 2 2 2 2 2 2 2 2 2 2 2 2 2 2 2 2 2 2 2 2
left_child=1 5 3 -3 -2 6 7 8 11 -10 -11 12 23 -14 20 16 19 18 -17 -16 -13 22 -8 -1 -25 -5 27 -9 -29 -28
right_child=4 2 -4 25 -6 -7 21 26 9 10 -12 14 13 -15 15 17 -18 -19 -20 -21 -22 -23 -24 24 -26 -27 29 28 -30 -31
leaf_value=0.0011372550197825747 -0.041064439334407357 -0.043188094715972458 -0.072971253190642835 0.074340283150727937 -0.0013714177254768459 -0.029242770723885876 -0.069336860633834263 0.0049455021041486229 -0.057071484023948141 -0.094511086300593697 0.10321512960698159 -0.07462088479242289 0.072375687133873282 -0.020773636026862226 0.014122319158399191 -0.013217883214856811 -0.078539345935824387 -0.10067349569249776 0.057804918504840409 -0.096944384389989646 -0.0019179629282754036 0.059060201511818615 0.025918897860291459 -0.06120225416352635 0.058186560301517004 0.0081605234767326961 0.019393794017317358 0.0070996688524219134 -0.080193487563074053 -0.08193912670334165
leaf_weight=2980.9380233479578 46.222571035459623 12.516098264954051 11.967741251923142 55.000455926870927 5507.0042080153908 73.127015322006628 7.6493426518863989 25.998770831269212 8.2290742632831115 2.4917558385059264 20.952312919776887 29.846108271907724 56.726204959326424 20.696336334192893 92.431615003993102 29.440011541286367 47.556101017259607 9.3441163388779369 47.786610718378142 4.8541504682507357 14.660786644097241 44.203525670978706 60.688063899113331 32.193366412582691 9.4087879557628167 13.94222535798326 38.387144384789281 17.772907743222277 38.354634716088185 6.2951119894278227
leaf_count=268624 10634 952 924 514 259063 7184 952 1348 1714 40 451 4530 790 2420 6884 1011 6162 1281 1927 1680 1836 1334 1573 5103 298 94 985 12934 11022 901
internal_value=-0.000465703 0.00133433 0.0298489 0.044955 -0.0017018 0.000618204 0.00121697 0.000222083 0.00099112 0.0460154 0.0821998 0.000568695 0.00182031 0.0474753 -0.0134933 -0.00634277 -0.0200236 0.0165467 0.0307299 0.00858056 -0.0506722 0.0324616 0.0152565 0.000650858 -0.0342012 0.0609568 -0.0204432 -0.0343499 -0.0525519 0.00511739
internal_weight=9366.69 3813.46 93.4265 81.4588 5553.23 3720.03 3646.9 3534.36 3407.56 31.6731 23.4441 3375.88 3099.96 77.4225 275.92 231.413 144.842 86.5707 77.2266 97.2858 44.5069 112.541 68.3374 3022.54 41.6022 68.9427 126.809 82.1263 56.1275 44.6823
internal_count=615165 345468 2484 1560 269697 342984 335800 331941 304751 2205 491 302546 277235 3210 25311 18945 14726 4219 2938 8564 6366 3859 2525 274025 5401 608 27190 25304 23956 1886
is_linear=0
shrinkage=0.1


Tree=176
num_leaves=31
num_cat=0
split_feature=1 1 13 1 4 4 0 4 20 0 1 1 10 17 20 4 20 4 20 1 4 1 20 4 1 0 1 0 5 10
split_gain=1.88812 14.2937 7.95079 6.85447 6.2839 5.47096 5.18777 5.1293 4.80108 4.73846 4.67471 12.3872 11.2843 9.01869 8.05694 8.13473 7.71277 7.90002 6.98344 6.83406 11.8614 9.41438 8.61842 7.82998 5.66827 5.21197 5.04002 10.0847 4.88551 5.94514
threshold=1267.5000000000002 1255.0000000000002 1.0000000180025095e-35 1243.5000000000002 0.16417910447761203 0.25047892720306525 43.901065614140514 0.39619252873563227 0.3775441977456902 36.584111632772526 1723.5000000000002 1760.5000000000002 1.0000000180025095e-35 1.0000000180025095e-35 0.83662031597016284 0.089552238805970186 0.54735484738588491 0.017949047864127602 0.69150269515457052 1436.5000000000002 0.25789800995024886 1554.5000000000002 0.8318254483245543 0.19284825870646763 1673.0000000000002 16.946241795626953 1399.5000000000002 22.671290001869725 1.0000000180025095e-35 1.0000000180025095e-35
decision_type=2 2 2 2 2 2 2 2 2 2 2 2 2 2 2 2 2 2 2 2 2 2 2 2 2 2 2 2 2 2
left_child=1 3 5 -1 6 -3 8 9 -4 -7 12 14 13 -2 16 -16 17 -12 -15 23 21 -21 -22 -20 -23 -24 27 -25 29 -18
right_child=10 2 4 -5 -6 7 -8 -9 -10 -11 11 -13 -14 18 15 -17 28 -19 19 20 22 24 25 26 -26 -27 -28 -29 -30 -31
leaf_value=0.00047858027321853313 -0.015901270752200592 -0.10141581112432413 0.037912141129246478 -0.058214392822417915 0.014343346228252988 0.09233175868902091 -0.025015990082241226 -0.14776094435039563 0.13672041708676599 -0.097422699972924381 0.1098724605713438 -0.0016857408774858772 -0.09243321373277695 -0.022467582092624908 -0.18917417842057921 0.0020016872613967738 -0.0074721561608393494 -0.092366985266368273 0.011017391822487484 -0.11041496195322337 -0.01119686459465602 0.039505858050739896 0.014884348307030544 0.11832719926192732 -0.10884178919970876 -0.1583902953344897 0.1270803892920285 -0.085124796641410927 0.070845880145139609 0.14508004027894492
leaf_weight=4482.4594869574903 443.26842488636976 4.7156130286748512 6.5315157616278219 19.986348850798095 12.901378232170826 7.1503446778006019 3.0706942295655599 1.4153246727655631 19.901403644587845 1.6128261628327889 2.6463151221396384 3952.1879765921694 16.083808887575287 54.018126191072952 2.4055824545212081 29.77390705893049 17.758216047310274 7.1507031483724859 25.784090283341357 4.7607874414534299 24.113678718946176 75.351323057897389 2.2170603359118086 5.9692986879308592 2.6668220241554073 7.9991763129364699 14.700776226585731 4.1164368942263536 59.397940056936932 2.9838560370262703
leaf_count=409061 38242 621 206 2231 727 371 65 120 206 141 74 149898 814 3681 73 654 494 1590 663 340 665 976 29 310 247 199 478 769 1081 42
internal_value=-0.00060427 0.000849657 0.0504806 0.000218042 0.0725571 -0.0123733 0.0980129 0.0288793 0.112305 0.0574082 -0.00199839 -0.000716507 -0.00966712 -0.00766522 0.0306519 -0.0122897 0.0460163 -0.0377392 0.00880218 0.0188758 0.00560935 0.0261044 -0.0438099 0.0495975 0.034435 -0.120787 0.0897303 0.0352894 0.0562554 0.0144733
internal_weight=9315.1 4559.74 57.2991 4502.45 42.405 14.8941 29.5036 10.1785 26.4329 8.76317 4755.35 4074.3 681.05 664.966 122.117 32.1795 89.937 9.79702 221.698 167.679 117.109 82.7789 34.3299 50.5706 78.0181 10.2162 24.7865 10.0857 80.14 20.7421
internal_count=615068 413749 2457 411292 1204 1253 477 632 412 512 201319 153906 47413 46599 4008 727 3281 1664 8357 4676 2456 1563 893 2220 1223 228 1557 1079 1617 536
is_linear=0
shrinkage=0.1


Tree=177
num_leaves=31
num_cat=0
split_feature=4 15 0 2 3 19 2 17 20 0 2 4 20 0 20 0 2 4 17 20 2 20 2 0 0 4 20 2 4 20
split_gain=1.44971 3.06968 4.45608 3.29095 2.63702 5.19737 7.50724 7.44178 6.93871 6.49608 6.48826 6.04554 5.31297 3.98906 3.69557 6.93827 7.16634 11.81 5.77136 6.03528 5.60956 16.5111 5.27399 5.24833 8.06244 4.7404 5.22043 4.40332 4.11234 4.46609
threshold=0.42815377137302008 1.0000000180025095e-35 20.721643089376453 8.4140358147998207 0.22201492537313436 1.0000000180025095e-35 10.099403353930017 1.0000000180025095e-35 0.97394144385072001 28.504126943894985 10.260744448799924 0.43308457711442799 0.94737100035896937 11.212210140899963 0.74416403913925067 22.983669228593588 7.5688951303532681 0.4641019042717448 1.0000000180025095e-35 0.69642300303643756 6.0810708282121038 0.50044079361139437 5.9648630413710704 21.253261803700934 11.696836755427883 0.4641019042717448 0.81844470631648092 6.9551130077509109 0.47200670498084296 0.82715469654175844
decision_type=2 2 2 2 2 2 2 2 2 2 2 2 2 2 2 2 2 2 2 2 2 2 2 2 2 2 2 2 2 2
left_child=1 -1 3 -3 -2 6 8 9 12 11 -9 -8 14 -10 18 16 25 -18 19 -6 21 -20 -23 24 28 26 -16 -21 -19 -30
right_child=4 2 -4 -5 5 -7 7 10 13 -11 -12 -13 -14 -15 15 -17 17 23 20 27 -22 22 -24 -25 -26 -27 -28 -29 29 -31
leaf_value=-4.927752644650764e-05 -0.011012218857037768 -0.0044430236250862587 -0.060340520737670301 0.20816495001869961 0.027183133176404552 0.022231521620523359 0.010233991287180333 -0.12793439744100146 -0.015561921325910253 -0.0019625605534313328 0.053814756715913181 -0.23927368467548363 -0.11971034608271397 0.089054046879379678 -0.053953952957992726 -0.059901434198832204 0.03335101464323259 -0.15458259867706881 -0.059097586999409882 0.044729350706312572 -0.072424804242622307 0.089387359609753789 0.3183422749294621 0.12038274420990087 -0.2136807117802304 0.096714349802750676 0.089805233069901291 -0.12408871300552163 -0.10719623616374099 0.025221482240980149
leaf_weight=8792.5571994664679 80.893714953489052 25.707539505048775 20.729456783214118 0.74927200190722842 38.148476423259581 167.22007370955544 1.2218428326596038 2.8095989944413304 4.916107325814667 2.7379142994759604 6.5277059736545198 4.7322364103165455 3.7162193371914318 14.094499661121516 5.5813911657314765 11.287360113026805 43.546158158234903 2.6806022876408013 14.472819556896868 2.2292876072460777 23.84385728232246 4.7744270163238971 1.2747106994502244 1.4781945457216341 3.4212639016768653 17.69439798896201 4.6143612549640238 5.0338431713171303 3.7499279176990949 7.9402280051144771
leaf_count=545388 28936 1753 2070 50 5313 15726 26 126 42 28 117 322 86 84 254 573 1093 125 6333 176 4089 344 154 10 333 286 50 773 262 198
internal_value=0.000105021 -0.000185791 -0.0256234 0.00157816 0.00545352 0.00878557 -0.000883977 -0.0628602 0.00432534 -0.129449 -0.00087364 -0.188072 -0.00128341 0.0620006 0.00101151 0.0140355 0.0232361 0.00450697 -0.0137848 0.0112761 -0.0394364 -0.00110813 0.137634 -0.0606738 -0.0757163 0.0654194 0.0111081 -0.072273 -0.042871 -0.017255
internal_weight=9320.38 8839.74 47.1863 26.4568 480.641 399.748 232.527 18.0293 214.498 8.69199 9.3373 5.95408 195.488 19.0106 191.771 101.994 90.7065 62.8164 89.7774 45.4116 44.3658 20.522 6.04914 19.2702 17.792 27.8902 10.1958 7.26313 14.3708 11.6902
internal_count=615120 549261 3873 1803 65859 36923 21197 619 20578 376 243 348 20452 126 20366 3184 2611 2021 17182 6262 10920 6831 498 928 918 590 304 949 585 460
is_linear=0
shrinkage=0.1


Tree=178
num_leaves=31
num_cat=0
split_feature=3 1 20 0 17 4 20 6 20 4 3 1 0 1 20 1 0 0 0 1 1 3 0 4 5 4 3 4 4 3
split_gain=2.25004 2.18552 2.62522 3.86728 6.84539 9.58048 5.64977 4.43139 4.1736 3.83973 5.57029 3.32918 3.99276 3.32072 3.36765 3.1406 3.15326 3.40766 3.13853 3.00406 3.19754 2.99989 5.38536 2.90245 2.61925 2.5561 2.76753 2.51902 2.44247 2.34958
threshold=0.48320895522388069 80.500000000000014 0.20646690046996591 31.598040432680918 1.0000000180025095e-35 0.1506704980842912 0.51605052850477839 1.0000000180025095e-35 0.83662031597016284 0.59060945273631849 0.12363184079601992 464.50000000000006 5.1469756135096469 1027.0000000000002 0.6458013785127773 94197.000000000015 9.5433360994580294 10.28910483923246 25.5096740799769 75903.000000000015 32675.000000000004 0.06834577114427863 5.3574194573176195 0.059701492537313453 1.0000000180025095e-35 0.13777985074626864 0.19589552238805971 0.83062810945273646 0.59850746268656729 0.44402985074626872
decision_type=2 2 2 2 2 2 2 2 2 2 2 2 2 2 2 2 2 2 2 2 2 2 2 2 2 2 2 2 2 2
left_child=1 -1 29 4 8 6 -6 11 13 21 27 -8 -13 14 -4 16 -10 -18 -17 20 -19 22 -7 -16 -12 -15 -27 28 -11 -3
right_child=-2 2 3 -5 5 9 7 -9 15 10 24 12 -14 25 23 18 17 19 -20 -21 -22 -23 -24 -25 -26 26 -28 -29 -30 -31
leaf_value=-0.070678005519555817 -0.00037982964587217685 0.013941031518946058 -0.05286197744064839 0.0091131704083949241 -0.025206882734002713 0.59108530543271676 0.10941225518783937 -0.16915071466543302 -0.17307607173976514 0.17103935001385451 0.27813272285431029 -0.13202866271105046 0.033383223909618467 -0.072240617943208338 -0.017688900413189431 -0.16962296671565635 0.15912263017120887 0.0011011710717737262 -0.01199695985944097 0.092410599914176411 -0.13903936043340304 -0.074776106976999088 0.0016850683756589231 0.20960952789913523 0.051786687728051034 0.11297516238740653 -0.036841248697790804 0.17561170592918188 -0.077071794656043829 0.055969913492991019
leaf_weight=3.7613601242837822 8598.0297792738256 61.394054860199958 2.4425800141470964 439.95021391583759 20.812994610409078 0.16560730025958337 5.696146455127745 1.0702297179959703 0.97023216373054211 0.43545234036719183 0.9864018708631187 1.4881378413410846 75.258228527760366 32.030234429432312 0.95902639906853471 2.1888926566170985 1.4619562844163727 27.969475150224756 2.9869450979167596 3.3821191289753179 1.7287588275503356 20.712402152168583 2.425396935776007 1.356288346207293 1.0613314327638361 1.4924833720742752 7.0929130218501069 0.52417721827805497 4.4662696359387155 16.980122111155652
leaf_count=4629 498798 37064 1259 33029 2916 22 134 57 62 190 489 63 2213 4317 43 268 22 1110 124 178 200 17181 1389 145 683 1122 3031 83 3185 993
internal_value=7.64805e-05 0.00535514 0.00574188 0.00369041 -0.00709677 0.00694476 0.0214085 0.0330259 -0.0291396 -0.0420832 0.0202875 0.0356505 0.0301758 -0.0499934 0.029048 -0.00588465 0.00472182 0.00971584 -0.0786579 0.00311294 -0.00705653 -0.0620861 0.0393573 0.11546 0.160819 -0.0592526 -0.0107972 -0.0327489 -0.0550304 0.0230468
internal_weight=9341.28 743.25 739.489 661.115 221.165 135.103 104.326 83.5127 86.0619 30.777 7.47363 82.4425 76.7464 45.3735 4.75789 40.6884 35.5125 34.5423 5.17584 33.0804 29.6982 23.3034 2.591 2.31531 2.04773 40.6156 8.5854 5.4259 4.90172 78.3742
internal_count=614999 116201 111572 73515 40486 28605 5383 2467 11881 23222 4630 2410 2276 9917 1447 1964 1572 1510 392 1488 1310 18592 1411 188 1172 8470 4153 3458 3375 38057
is_linear=0
shrinkage=0.1


Tree=179
num_leaves=31
num_cat=0
split_feature=20 17 2 2 2 4 13 2 4 4 2 12 20 0 7 9 0 0 20 4 2 2 2 2 2 4 0 20 11 4
split_gain=2.37414 6.56465 10.9876 10.2404 8.36063 15.7372 6.09988 9.93127 10.3032 8.88846 8.99361 22.3665 7.60815 7.52446 7.07711 8.01778 10.7897 6.16569 6.85291 6.03277 13.7309 9.24533 9.38584 8.45534 7.88901 7.01347 6.44038 7.19567 8.45106 6.30176
threshold=0.62495714042578265 1.0000000180025095e-35 6.5978273652505841 7.4627884983387505 6.6079997146827987 0.16920426602619093 1.0000000180025095e-35 7.1147691178752455 0.3702825670498085 0.35066049065019739 8.2122852145712155 1.0000000180025095e-35 0.67673906224717384 12.350451396992581 1.7500000000000002 1.0000000180025095e-35 75.888150891181155 10.594818653918306 0.65626515006646624 0.16266762452107283 7.8456113098779339 10.047557343300399 12.067682546336739 7.6446786790033601 10.047557343300399 0.32419082747183631 19.210715033053194 0.94737100035896937 1.0000000180025095e-35 0.25047892720306525
decision_type=2 2 2 2 2 2 2 2 2 2 2 2 2 2 2 2 2 2 2 2 2 2 2 2 2 2 2 2 2 2
left_child=-1 2 -2 -3 5 -4 9 8 12 -6 11 -11 -8 -10 17 -16 -17 18 -12 20 23 -22 -23 -5 26 29 27 -21 -29 -26
right_child=1 3 4 19 6 -7 7 -9 13 10 14 -13 -14 -15 15 16 -18 -19 -20 24 21 22 -24 -25 25 -27 -28 28 -30 -31
leaf_value=-0.0013844245438964062 -0.077174803270521883 0.016963304611738492 0.10890115036737305 -0.025791963367389693 0.0066584202456385286 -0.15108660526389117 0.0046174543163607735 -0.0037750300281222749 -0.12039547445871567 -0.04065819712368976 0.12987058987380729 0.10232144560851641 -0.079409615386066418 0.059459799962189433 0.027341092474829166 -0.0363886499726611 0.010273396668601824 0.02746220506511626 -0.12913332603551728 0.012256837220245693 0.021663062314437168 -0.11865549501334577 0.050380321006843601 -0.1543356101284554 -0.025100285446311134 -0.016739491810268892 -0.030161966876020962 -0.02128021714781185 -0.19494557023954917 0.057193567632241329
leaf_weight=4785.1526532284552 18.618833397369599 630.06284244224298 14.945254711667078 21.614059010404166 1523.2623863438566 2.757827623281627 14.019601297506595 1126.980931599137 2.7994554125471067 137.17141236008683 1.2898017764091481 11.889061733731067 46.568550016963854 13.756849575438535 48.781238696996297 123.96040053835895 82.557824750954751 100.84177882582298 4.911929724883521 90.375688620679284 246.36323904246092 9.5298111239098926 5.0126875089481464 6.7044660282554096 11.939346892293541 38.640323329891544 167.50550844850659 12.445895704440774 3.6162884088698766 42.176700404168514
leaf_count=443330 2525 22577 247 606 54208 241 1347 37783 480 12046 54 1071 4708 933 1604 6473 2898 3362 331 3947 5140 466 124 291 296 758 6698 119 74 487
internal_value=0.000171618 0.0018041 -0.000573159 0.00785842 -0.000135193 0.0683996 -0.000509801 -0.00615111 -0.0408625 0.00282875 -0.00857827 -0.0292541 -0.0599664 0.0290486 -7.26353e-05 -0.00912211 -0.017735 0.0215104 -0.0752671 -0.000887479 0.00991117 0.0170895 -0.0603901 -0.0562249 -0.00940462 0.015802 -0.0179395 0.00129549 -0.0603798 0.0390375
internal_weight=9346.25 4561.1 3275.11 1285.99 3256.49 17.7031 3238.79 1204.13 77.1445 2034.67 511.403 149.06 60.5882 16.5563 362.343 255.299 206.518 107.044 6.20173 655.924 289.224 260.906 14.5425 28.3185 366.7 92.7564 273.943 106.438 16.0622 54.116
internal_count=615224 171894 130311 41583 127786 488 127298 45251 7468 82047 27839 13117 6055 1413 14722 10975 9371 3747 385 19006 6627 5730 590 897 12379 1541 10838 4140 193 783
is_linear=0
shrinkage=0.1


Tree=180
num_leaves=31
num_cat=0
split_feature=1 1 13 4 18 1 0 4 20 3 5 4 12 16 0 5 12 18 4 0 0 5 1 20 0 0 3 20 4 0
split_gain=1.61933 2.65308 2.43253 4.73202 3.40077 2.43187 2.2585 2.22873 2.17113 1.79051 2.01895 2.36849 2.04755 2.01277 1.92701 3.20693 2.37348 1.76173 3.78539 3.07917 3.02221 3.38578 1.66136 4.0225 3.85669 5.24509 3.73317 3.26298 3.11736 2.79648
threshold=80.500000000000014 59.500000000000007 1.0000000180025095e-35 0.074999999999999997 1.0000000180025095e-35 69.500000000000014 4.7370903179328581 0.36628352490421462 0.2209269493029887 0.48320895522388069 2.5000000000000004 0.055762852404643411 1.0000000180025095e-35 1.0000000180025095e-35 75.888150891181155 1.5000000000000002 1.0000000180025095e-35 1.0000000180025095e-35 0.24210199004975125 1.868789414427005 1.9899391896937053 1.5000000000000002 3575.0000000000005 0.68161890165561989 5.3574194573176195 5.9175588080376196 0.02764303482587065 0.41576978188243507 0.44493159203980109 10.28910483923246
decision_type=2 2 2 2 2 2 2 2 2 2 2 2 2 2 2 2 2 2 2 2 2 2 2 2 2 2 2 2 2 2
left_child=1 -1 17 5 6 -4 7 -5 -7 10 14 -12 13 -13 22 -16 -17 18 19 -3 -19 -22 23 -2 -25 -26 -24 28 -28 -27
right_child=9 2 3 4 -6 8 -8 -9 -10 -11 11 12 -14 -15 15 16 -18 20 -20 -21 21 -23 26 24 25 29 27 -29 -30 -31
leaf_value=0.00043008332469422609 -0.0065121301336693209 -0.048409699300613729 0.068740182371661518 0.06177529559331818 -0.038146373547830563 -0.062466648228926183 0.12151603996529779 -0.037962662106137267 0.12529891253040046 -0.0013424853817780571 0.047076154983498569 0.012962836020494684 -0.063072158900582861 -0.080772166364763712 0.10016388518445074 0.0065421533979107818 0.084402052013069884 0.052452815289438029 -0.083557824177474357 0.02531281632477388 0.12860692857346306 -0.019276448360788848 -0.091295368572899438 0.15509329839788466 -0.20699820540969305 0.058719895613370356 0.01438299867655809 -0.0085907942598519582 0.12984806871321591 0.0117117320392491
leaf_weight=288.99754143412247 154.3305832265014 7.7650543795098228 2.3076494581764537 22.981622557737872 3.5752181697171173 7.6302606393583119 5.7346688280813387 2.4824712685076511 0.66988612618297327 8156.1839577302653 18.863902459735982 133.09371407451545 3.8006465459657184 2.3309394791285731 4.2105292842024928 75.08374781585735 4.1306295830290756 17.194937373569701 5.7427947686246616 20.95247830284643 1.7044780186843151 16.883040235785302 5.2119424600386983 2.0234838651376768 1.0468212967971329 14.57318557538383 8.7940867371507903 207.75576811261999 3.1850944424513719 96.15097587222408
leaf_count=32151 50152 2464 91 761 489 361 64 54 8 460838 651 23585 5801 2866 77 3907 105 730 2929 2040 28 447 850 30 21 326 1476 12605 319 9054
internal_value=-0.000635025 0.00555195 0.0183538 0.0363991 0.0542339 -0.0220661 0.0648202 0.0520519 -0.0473125 -0.000916597 0.00381209 0.0138233 0.00931786 0.0113495 0.00106676 0.0151224 0.0106022 0.00669524 -0.00944254 0.00537868 0.0222367 -0.00571552 -0.00131137 0.0040054 0.0182695 0.0157925 -0.00764869 -0.00566466 0.0450835 0.0178988
internal_weight=9295.39 404.622 115.625 45.3818 34.774 10.6078 31.1988 25.4641 8.30015 8890.77 734.586 158.089 139.225 135.425 576.497 83.4249 79.2144 70.2428 34.4603 28.7175 35.7825 18.5875 493.072 268.125 113.794 111.771 224.947 219.735 11.9792 110.724
internal_count=615280 42617 10466 1828 1368 460 879 815 369 572663 111825 32903 32252 26451 78922 4089 4012 8638 7433 4504 1205 475 74833 59583 9431 9401 15250 14400 1795 9380
is_linear=0
shrinkage=0.1


Tree=181
num_leaves=31
num_cat=0
split_feature=20 1 1 0 0 1 1 1 1 16 4 1 13 0 19 7 0 5 1 0 1 11 20 4 9 8 4 20 0 19
split_gain=2.46216 4.74284 4.11381 4.41434 3.76648 4.98775 7.5396 3.42404 19.3416 7.36479 6.80591 5.25132 4.69366 4.30511 4.66209 4.03245 3.85728 3.8488 7.62652 7.22856 5.44473 5.15433 6.04636 5.07611 4.76598 4.63062 4.40693 4.34256 4.32923 3.91241
threshold=0.80467226748466358 1047.5000000000002 1027.0000000000002 80.751941821112823 44.78399402639274 1331.5000000000002 1422.5000000000002 1267.5000000000002 1255.0000000000002 1.0000000180025095e-35 0.17816091954022989 1307.0000000000002 1.0000000180025095e-35 62.368971137533727 1.0000000180025095e-35 2.5000000000000004 38.515431306832447 1.5000000000000002 4575.5000000000009 20.207739069736764 1384.0000000000002 1.0000000180025095e-35 0.55849013106619139 0.23815298507462687 1.0000000180025095e-35 1.0000000180025095e-35 0.16266762452107283 0.41576978188243507 0.68944780498555891 1.0000000180025095e-35
decision_type=2 2 2 2 2 2 2 2 2 2 2 2 2 2 2 2 2 2 2 2 2 2 2 2 2 2 2 2 2 2
left_child=7 2 3 -2 -3 -6 -7 8 -1 11 12 13 -10 14 -9 -11 -14 18 21 24 25 26 -23 -22 -20 -19 -13 28 -25 -21
right_child=1 4 -4 -5 5 6 -8 9 10 15 -12 17 16 -15 -16 -17 -18 20 19 29 23 22 -24 27 -26 -27 -28 -29 -30 -31
leaf_value=0.00016325792456506878 0.028955212185913345 0.0056097731986781592 0.10490019224891184 -0.05905692918066973 -0.032045890471480758 0.057540580976525237 -0.0014124425567037589 -0.040847998577392935 -0.043993889902954386 -0.036212698200558217 0.0085930254097714483 -0.013610201068750933 0.10818644963044928 -0.11450845879106089 0.040702017114064674 0.0090943846192280808 0.013372106234573447 -0.011318238988918285 -0.030600977529979725 0.0055796485603388461 -0.002036946042114149 -0.064556913963372611 0.06039213749902661 -0.14411267953169285 -0.083497542149164022 -0.12789684469311663 0.0036047406490617114 0.0023109258409190125 0.026334768267753852 -0.030376450719703081
leaf_weight=4359.549615660233 60.597538592526689 1532.6746764904019 6.3501425329595795 6.2903252194810184 51.834356349296286 22.066853723372333 1283.3360061705462 33.57724289118778 2.6425838420400387 101.94477699260642 17.400886477764288 240.81257908455154 29.319653177633882 5.9713896359608034 8.8600235173362289 24.333249526520376 5.026325484737753 8.3860843087022641 58.110501288841988 79.40870640083449 552.96081571919785 4.6136116048583089 24.119933097681496 1.5034739276088647 24.096289582063037 5.7389401677355627 388.78476251733809 173.14119248616771 168.11154426735993 48.895991994198994
leaf_count=404230 2058 40045 95 1015 3522 913 36373 2947 376 15588 1321 11987 425 720 1329 600 105 1445 4132 2216 23321 469 353 115 4562 606 27481 9618 11623 5244
internal_value=0.000468147 0.00284941 0.0279808 0.0206783 0.00221252 -0.00162387 -0.000415886 -0.00064002 0.000902641 -0.0041259 0.0601674 -0.00251165 0.08443 -0.0350086 -0.023822 -0.0274822 0.0943109 -0.00162721 -0.00638742 -0.0229557 0.00291849 -0.00108946 0.0403296 0.00388993 -0.0461059 -0.0586837 -0.00297974 0.0134516 0.0248239 -0.00812296
internal_weight=9330.46 2963.15 73.238 66.8879 2889.91 1357.24 1305.4 6367.31 4413.94 1953.37 54.3894 1827.09 36.9886 48.4087 42.4373 126.278 34.346 1778.68 868.842 210.511 909.842 658.331 28.7335 895.717 82.2068 14.125 629.597 342.756 169.615 128.305
internal_count=614834 84021 3168 3073 80853 40808 37286 530813 406457 124356 2227 108168 906 4996 4276 16188 530 103172 56444 16154 46728 40290 822 44677 8694 2051 39468 21356 11738 7460
is_linear=0
shrinkage=0.1


Tree=182
num_leaves=31
num_cat=0
split_feature=1 1 1 1 4 3 0 19 0 0 9 20 0 4 1 0 1 19 4 1 4 8 4 1 0 1 8 0 18 0
split_gain=2.75785 6.51999 6.2054 6.47537 11.2706 7.69566 6.00865 5.48929 5.04582 5.1075 7.16606 11.7387 6.74955 6.39801 4.71527 5.5049 4.66594 7.58804 9.00248 7.78318 7.07305 9.31519 6.65998 6.83886 9.21464 6.60769 9.46276 6.23252 6.10039 4.72694
threshold=3332.5000000000005 3685.0000000000005 2553.5000000000005 2764.0000000000005 0.21257183908045982 0.40485074626865675 18.956048041070726 1.0000000180025095e-35 119.80018395417834 51.660680889015815 1.0000000180025095e-35 0.78620839146698007 26.571394952235355 0.18703358208955229 2915.5000000000005 89.763589470278021 2049.5000000000005 1.0000000180025095e-35 0.084577114427860714 2200.5000000000005 0.33271144278606973 1.0000000180025095e-35 0.4641019042717448 1631.0000000000002 16.946241795626953 2460.0000000000005 1.0000000180025095e-35 32.057751292829899 1.0000000180025095e-35 14.156343067793001
decision_type=2 2 2 2 2 2 2 2 2 2 2 2 2 2 2 2 2 2 2 2 2 2 2 2 2 2 2 2 2 2
left_child=2 -2 16 8 -5 -6 7 -7 9 10 11 12 -4 -13 15 -8 22 18 28 27 21 -19 -1 -24 -25 26 -22 -20 -18 -27
right_child=1 -3 3 4 5 6 14 -9 -10 -11 -12 13 -14 -15 -16 -17 17 20 19 -21 25 -23 23 24 -26 29 -28 -29 -30 -31
leaf_value=0.00039783565150328147 -0.021697656502018065 -0.0016522717150247474 -0.11218050357226364 -0.018589599969180599 -0.078888070181800052 0.060105748000847836 -0.043608620581362834 -0.041716492900837177 -0.10411211208332932 0.067859850801058316 0.081366014077165594 0.069215922498284968 -0.0015931249881744312 -0.023530514168345919 0.028064927261700231 0.043675803711001118 -0.1538888485652537 0.003658677447052529 -0.035625547243565439 -0.020851977758071065 -0.019149631774593483 0.071770023059629859 0.011696007673323683 0.11747512941719276 -0.02457299372938862 -0.15012844055693397 -0.1604462424040097 -0.1207157242693767 0.022734907331371915 0.073074288546969554
leaf_weight=5468.8112268292389 172.36758044092858 2767.7702664060143 10.060772008288042 117.89766035976936 7.2267537686493588 56.819635516148992 24.964202529925387 5.8386263270513146 2.6041647363454095 35.529006962795393 15.779834497021509 24.617260154569522 12.225679941981069 10.658174426847834 58.08650717092678 10.168936699163167 2.0310120962094507 75.741136676457245 19.927782049868256 178.23201806668658 16.327108072344348 27.323013026732951 62.174313954626996 15.774165253889807 6.42758886690899 1.0920555939083003 6.6784946497064075 15.154000381357035 52.602270050905645 7.2335952125722542
leaf_count=447150 6334 90696 1742 4912 2445 1234 1384 868 93 688 510 280 707 487 1783 298 93 4896 837 6967 3472 477 30335 835 2137 134 454 754 1347 233
internal_value=-0.000295495 -0.00282745 0.000877202 0.0130564 0.00496622 0.0219932 0.0266702 0.0506177 0.0334499 0.0367404 0.0216651 0.0052989 -0.0515156 0.0411934 0.0105737 -0.018345 7.45759e-05 -0.0103242 -0.0200502 -0.0293265 0.00906675 0.0217155 0.000827994 0.0287086 0.076351 -0.0325412 -0.0601678 -0.0723813 0.0161689 0.0437973
internal_weight=9288.14 2940.14 6348.01 392.477 281.002 163.105 155.878 62.6583 111.475 108.871 73.3417 57.5619 22.2865 35.2754 93.2196 35.1331 5955.53 402.342 267.947 213.314 134.395 103.064 5553.19 84.3761 22.2018 31.3313 23.0056 35.0818 54.6333 8.32565
internal_count=614582 97030 517552 17431 12924 8012 5567 2102 4507 4414 3726 3216 2449 767 3465 1682 500121 19664 9998 8558 9666 5373 480457 33307 2972 4293 3926 1591 1440 367
is_linear=0
shrinkage=0.1


Tree=183
num_leaves=31
num_cat=0
split_feature=1 1 0 1 4 1 1 16 4 1 1 8 1 18 16 19 8 13 7 16 0 1 1 0 0 18 1 1 4 4
split_gain=2.00402 3.45736 8.72668 6.15747 11.1882 3.37741 3.89454 9.10375 6.05339 3.80299 6.96972 7.48162 4.66273 8.81622 4.23854 4.30934 14.475 11.4794 4.39042 4.19537 8.07213 7.30143 18.0055 7.73431 5.70814 9.04889 4.11325 3.55206 4.65788 5.12298
threshold=204.50000000000003 235.50000000000003 8.1472121567055069 223.00000000000003 0.058860153256704968 237.50000000000003 252.50000000000003 1.0000000180025095e-35 0.089552238805970186 274.50000000000006 292.50000000000006 1.0000000180025095e-35 263.50000000000006 1.0000000180025095e-35 1.0000000180025095e-35 1.0000000180025095e-35 1.0000000180025095e-35 1.0000000180025095e-35 4.5000000000000009 1.0000000180025095e-35 29.789300053129214 823.50000000000011 812.50000000000011 2.3601013847401293 15.310911954832546 1.0000000180025095e-35 270.50000000000006 1140.5000000000002 0.27694859038142633 0.066858237547892746
decision_type=2 2 2 2 2 2 2 2 2 2 2 2 2 2 2 2 2 2 2 2 2 2 2 2 2 2 2 2 2 2
left_child=-1 2 -2 -4 -5 -3 7 8 -7 12 11 -11 13 -8 15 16 -14 18 -17 -12 21 22 24 -24 -21 -26 -18 -22 29 -29
right_child=1 5 3 4 -6 6 9 -9 -10 10 19 -13 14 -15 -16 17 26 -19 -20 20 27 -23 23 -25 25 -27 -28 28 -30 -31
leaf_value=0.0040001235349565612 -0.065441545796900577 0.029739211602696231 0.0090697283228437925 0.075762341618980392 -0.093868342255931062 0.035898894599068434 0.010092698510591695 0.055775873071034703 -0.075380330667402878 -0.0032861075377507115 0.00057253346285919386 -0.094242660853347607 -0.085199167543577287 -0.10537619963948315 0.090744555652082712 -0.077096132451742724 -0.11581671467698096 0.12379740340574762 0.045563931834623379 -0.029050779255156586 0.039021669720446156 -0.033940271445327568 -0.037382944829709067 0.10431753095425651 -0.10217294871292469 0.083492135017267918 0.04928503394540959 0.016967153715636226 0.020518094893186446 -0.023876348806965039
leaf_weight=1271.8219518971191 28.375334328045938 37.998315481818281 84.34718281935784 5.1757258365832994 15.630450804448627 5.9696784423358613 50.732062730690814 9.5236094156280142 26.989784110737673 20.299805039072453 7118.2420959330402 16.30859245641841 12.771820557885802 7.6032920634024768 10.72728360397741 5.6847689250062103 1.5889672359917337 12.48177256109193 5.9959043767303228 91.647924257984414 27.105094352438755 162.30577565993372 4.8158444836735752 19.24487717077136 3.4580549576858148 10.897088339552283 29.974316049192566 45.979561895830557 75.851003478537677 92.471584762490238
leaf_count=114764 7875 2680 3968 267 1939 1207 2509 406 6230 6563 419154 3227 1241 1093 208 1394 102 185 108 6065 1533 17486 81 432 667 124 1519 1345 5771 4852
internal_value=0.00031163 -0.000271826 -0.0162287 -0.00294877 -0.0516712 -2.34474e-06 -0.000145969 -0.0303416 -0.0552252 1.79433e-05 -0.000276912 -0.0438061 0.0164982 -0.00495724 0.0322965 0.023143 0.00462631 0.057119 -0.0141325 -6.86619e-05 -0.0086194 -0.0197938 -0.00214045 0.0759556 -0.0198668 0.0387667 0.0409734 0.00491395 0.000599978 -0.0103122
internal_weight=9312.02 8040.2 133.529 105.153 20.8062 7906.67 7868.67 42.4831 32.9595 7826.19 7688.63 36.6084 137.56 58.3354 79.2248 68.4975 44.3351 24.1624 11.6807 7652.02 533.777 292.37 130.064 24.0607 106.003 14.3551 31.5633 241.407 214.302 138.451
internal_count=614995 500231 14049 6174 2206 486182 483502 7843 7437 475659 467300 9790 8359 3602 4757 4549 2862 1687 1502 457510 38356 24855 7369 513 6856 791 1621 13501 11968 6197
is_linear=0
shrinkage=0.1


Tree=184
num_leaves=31
num_cat=0
split_feature=4 3 1 4 3 5 0 3 1 1 1 20 19 0 16 4 0 1 0 1 4 7 7 1 1 1 20 1 13 4
split_gain=1.99426 3.19844 6.76502 7.40295 4.66365 3.23873 2.72704 3.22759 2.34623 7.81855 5.72513 5.26614 5.13047 6.16659 5.90902 5.57119 4.24748 4.5987 3.89032 4.69873 3.95726 3.6599 5.4535 6.14955 7.22047 7.09728 13.5178 7.44314 5.78819 10.1237
threshold=0.092475124378109411 0.51119402985074636 666.50000000000011 0.14273460284782988 0.53544776119402993 1.5000000000000002 93.267398501328245 0.48320895522388069 4509.0000000000009 4203.5000000000009 7136.0000000000009 0.94737100035896937 1.0000000180025095e-35 28.913651331014915 1.0000000180025095e-35 0.36408582089552249 93.267398501328245 2915.5000000000005 21.253261803700934 4357.0000000000009 0.34628831417624528 3.5000000000000004 1.2500000000000002 2013.5000000000002 2354.5000000000005 1723.5000000000002 0.54735484738588491 1685.0000000000002 1.0000000180025095e-35 0.30320273631840805
decision_type=2 2 2 2 2 2 2 2 2 2 2 2 2 2 2 2 2 2 2 2 2 2 2 2 2 2 2 2 2 2
left_child=6 8 3 5 -4 -3 -1 -8 9 11 -10 16 13 18 -15 -14 21 -18 19 -11 -20 22 23 25 -25 27 -27 -2 -28 -30
right_child=1 2 4 -5 -6 -7 7 -9 10 12 -12 -13 15 14 -16 -17 17 -19 20 -21 -22 -23 -24 24 -26 26 28 -29 29 -31
leaf_value=0.0018201595132642985 3.576216217268724e-05 0.029265426477961994 -0.05212108374295546 -0.063256416878075192 0.016939386721870911 -0.02548266763247567 0.057382506557959845 0.01018035414208429 -0.017832302812007025 -0.069672437344340019 -0.0016102419663986322 0.018574526704877324 -0.058222960294887799 0.081809944467417517 -0.02053606573208086 0.036848822191501589 -0.0110329805387781 -0.0666151341513668 -0.023611411989769682 0.056945538192427349 -0.21749931456523128 -0.043542740292892498 0.014687381226721067 -0.034854721118970332 -0.0054243826037479129 -0.049861368149549862 0.038607640603063174 -0.047478913630143026 -0.065074540141196707 0.03975429288749309
leaf_weight=1608.6930591664022 3999.3633516741756 16.829323877012939 11.452522627980214 43.11957294567037 66.892026093264576 30.186885711736977 18.160044522490352 71.606315457320306 249.98560877931595 3.8424348105909347 1677.1045690073443 146.16196370786929 11.990511656622404 36.720963248983026 6.6651583963539442 12.683940694085321 84.73593035304657 18.057703776976268 4.6996798563050097 12.353369095479138 1.3565153318922964 19.467830593923281 237.72818026396999 98.784355691090241 534.00858128030632 24.882354217130342 135.3095232829437 33.242654327972559 16.291158557593008 21.202212200325448
leaf_count=88837 362166 2241 1964 9547 2696 2408 352 1867 11677 216 55447 3502 1141 390 282 558 7447 1232 113 311 62 2922 12526 7753 23595 4267 3989 2785 1440 1506
internal_value=-0.000329504 -0.00102556 -0.0146493 -0.033331 0.00684402 -0.00588574 0.0027667 0.0197295 -0.000714817 0.000344034 -0.0037146 -0.000146764 0.0295228 0.0441362 0.0660871 -0.00935116 -0.000670659 -0.0207971 0.00133697 0.0269056 -0.06704 -0.000266605 -0.000101437 -0.000824377 -0.0100187 0.000550968 0.0190508 -0.000355923 0.0289736 -0.00579464
internal_weight=9253.58 7555.12 168.48 90.1358 78.3445 47.0162 1698.46 89.7664 7386.64 5459.55 1927.09 5369.24 90.3126 65.6381 43.3861 24.6745 5223.07 102.794 22.252 16.1958 6.0562 5120.28 5100.81 4863.08 632.793 4230.29 197.685 4032.61 172.803 37.4934
internal_count=615239 524183 18856 14196 4660 4649 91056 2219 505327 438203 67124 435130 3073 1374 672 1699 431628 8679 702 527 175 422949 420027 407501 31348 376153 11202 364951 6935 2946
is_linear=0
shrinkage=0.1


Tree=185
num_leaves=31
num_cat=0
split_feature=7 7 1 1 19 5 16 4 5 13 4 1 1 17 7 3 4 4 3 4 1 4 1 19 4 4 4 1 16 1
split_gain=1.7125 1.70036 1.91323 5.92282 3.93715 9.11288 4.64013 5.5193 3.7008 4.86798 5.63684 5.68193 5.30803 4.46913 7.45894 7.30777 4.27737 3.56895 3.67629 3.35561 3.15464 4.77066 13.389 3.40662 2.93611 2.8605 2.85708 5.15164 7.35626 5.86714
threshold=11.500000000000002 8.5000000000000018 4575.5000000000009 4203.5000000000009 1.0000000180025095e-35 1.0000000180025095e-35 1.0000000180025095e-35 0.16417910447761203 1.5000000000000002 1.0000000180025095e-35 0.36628352490421462 8612.5000000000018 13603.000000000002 1.0000000180025095e-35 1.7500000000000002 0.49813432835820898 0.20057471264367818 0.42518656716417919 0.49813432835820898 0.40818965517241385 53973.000000000007 0.4641019042717448 28587.500000000004 1.0000000180025095e-35 0.28247126436781617 0.46032052381769323 0.15357587064676623 23098.500000000004 1.0000000180025095e-35 8612.5000000000018
decision_type=2 2 2 2 2 2 2 2 2 2 2 2 2 2 2 2 2 2 2 2 2 2 2 2 2 2 2 2 2 2
left_child=1 2 3 -1 5 -5 -7 -8 9 26 13 19 -13 -11 24 -16 -10 -6 -19 -12 21 23 -23 25 -15 -14 -4 28 29 -28
right_child=-2 -3 8 4 17 6 7 -9 16 10 11 12 20 14 15 -17 -18 18 -20 -21 -22 22 -24 -25 -26 -27 27 -29 -30 -31
leaf_value=0.00025575883450369187 -0.044177549760373816 0.019644679782767141 0.0050193449950929232 -0.014222268694644666 -0.01985962622810989 0.063796524302384389 -0.13264371864593069 0.040361593220764741 -0.0046108947777027901 -0.029051326571765124 -0.086269625345796769 0.035512582763339379 0.0069713609589330157 0.060325027122970734 0.093820260051171431 -0.154052325080831 0.0086578588735392505 -0.047142784271657155 0.069711143523226174 -0.01304105139822731 0.065405058729238838 -0.19141610838068537 0.075119370595327015 -0.0410153650535982 -0.073209809944391288 0.11366164084698156 0.0025171014235302732 0.00069207662504221267 0.059736242244058435 -0.031221958875320862
leaf_weight=6710.5472957229922 8.8110274051068682 43.540592458943138 347.75146743777441 28.580378629325423 34.058545435516862 56.695690624241251 2.7302838503383082 5.6807805462740362 478.62058256508317 220.82853326245095 9.7386199460597727 49.737665699038189 20.409274072619159 16.680367811117328 1.6694888866622957 4.136094370449424 493.40311618032865 3.6153814751887685 10.54469398932997 17.506710360525176 4.9630644833669058 4.9006175105459979 3.0624243030324578 14.990902580320833 1.8269238574430335 2.8658748446032396 73.849391285832098 419.18520992048252 11.822272486868313 170.6303676795942
leaf_count=530231 1417 2366 9506 1067 2560 838 149 206 13039 6284 644 1003 247 291 55 344 16441 443 163 1078 43 126 18 141 62 15 3305 12825 625 9391
internal_value=-0.000112396 -7.04881e-05 -0.000163581 0.000683285 0.0209004 0.0328502 0.0535139 -0.015797 -0.00261362 -0.00591133 -0.0156858 0.00130776 0.0122469 -0.0245712 0.0161212 -0.0827726 0.00212438 -0.0023175 0.0398757 -0.039216 -0.0103578 -0.0184915 -0.088912 -0.00383726 0.0471433 0.0201082 -0.00234522 -0.00613661 -0.017305 -0.0210305
internal_weight=9273.38 9264.57 9221.03 6852.45 141.906 93.6871 65.1068 8.41106 2368.58 1396.56 373.317 128.175 100.93 245.141 24.3129 5.80558 972.024 48.2186 14.1601 27.2453 51.1922 46.2291 7.96304 38.2661 18.5073 23.2751 1023.24 675.487 256.302 244.48
internal_count=614923 613506 611140 535657 5426 2260 1193 355 75483 46003 10351 3315 1593 7036 752 399 29480 3166 606 1722 590 547 144 403 353 262 35652 26146 13321 12696
is_linear=0
shrinkage=0.1


Tree=186
num_leaves=31
num_cat=0
split_feature=3 0 19 13 1 1 1 1 4 1 1 0 1 20 20 20 20 13 1 1 1 20 20 1 1 13 1 1 13 1
split_gain=1.80902 1.63529 6.75159 12.0872 6.33675 7.59711 5.6963 4.37239 4.30042 8.18148 6.27022 4.76015 3.59767 3.42485 3.30313 4.40606 5.15957 3.95168 8.39835 12.7351 4.10171 3.82912 3.36928 3.2008 12.184 17.2563 19.2678 7.94216 6.76024 5.28064
threshold=0.74440298507462699 6.6257613015646504 1.0000000180025095e-35 1.0000000180025095e-35 305.50000000000006 153.00000000000003 111.50000000000001 126.50000000000001 0.20857279693486594 740.00000000000011 682.50000000000011 2.2990148251201892 42.500000000000007 0.18577854329105339 0.73474227287083338 0.74876153002464563 0.8318254483245543 1.0000000180025095e-35 429.50000000000006 436.50000000000006 132.50000000000003 0.43558135822245198 0.41576978188243507 448.50000000000006 429.50000000000006 1.0000000180025095e-35 436.50000000000006 407.50000000000006 1.0000000180025095e-35 626.50000000000011
decision_type=2 2 2 2 2 2 2 2 2 2 2 2 2 2 2 2 2 2 2 2 2 2 2 2 2 2 2 2 2 2
left_child=1 2 6 -4 5 -5 -1 -8 9 10 23 -10 13 -3 17 -16 -17 20 -19 -20 -13 22 -21 24 27 26 -26 28 -9 -25
right_child=-2 12 3 4 -6 -7 7 8 11 -11 -12 14 -14 -15 15 16 -18 18 19 21 -22 -23 -24 29 25 -27 -28 -29 -30 -31
leaf_value=0.0059823081028905802 -0.032431674204517362 0.049541305208920083 -4.7371647362978027e-05 0.019739689874212301 0.018205608088836901 0.10876279451126399 -0.051114801504417363 0.0075173041434190915 -0.046923509808051045 -0.037232371147694565 0.04345272326185394 0.081084076129947225 0.0011523041334746988 -0.10561007041808193 0.12227188568813491 -0.097214959452062613 0.04923398207585683 -0.070131457132362851 0.14557969979222971 -0.017253633779351889 -0.010514001122475638 -0.095890928807295925 0.15610358979169284 -0.046358325247900734 -0.16216435970035406 0.1233664401284784 0.051034622350276365 -0.12950969843117524 -0.030474063564253667 0.018031605609561751
leaf_weight=252.75027295885957 16.607657556072809 22.652222580276433 709.50104732779255 17.708637703908607 76.23381158781558 20.89955530478619 26.507618711002578 168.27201276145206 48.230860714242226 59.896192248197622 34.121155121014453 4.9974681783933184 7332.7230910914095 1.5181066023651499 4.0183745281829024 3.6426712210231909 7.0843419677112252 36.558520365113509 4.9133905940689138 39.989129521327413 224.57726733635536 6.3384199813372097 1.1534592955249525 35.81677246775871 5.869570774710156 18.878961336151406 15.258931490359828 5.0749967878946327 64.902558782770939 19.76499410723045
leaf_count=40440 682 715 80753 729 4773 423 5504 13669 7403 4566 1222 110 402787 253 62 241 127 5936 77 6226 19431 959 116 6358 390 724 284 675 8452 883
internal_value=0.000542911 0.000601987 -0.0020027 0.00482436 0.0349222 0.0679301 -0.00717241 -0.0111501 -0.00984125 -0.00295814 0.00262099 -0.0175607 0.00127927 0.0397965 -0.0133113 0.0329596 -0.000497041 -0.0154533 -0.0333469 -0.00768032 -0.00852006 -0.0235398 -0.0123935 -0.00155235 0.00282392 0.0538882 -0.00819279 -0.00575092 -0.00305734 -0.0234611
internal_weight=9286.46 9269.85 1912.96 824.343 114.842 38.6082 1088.62 835.868 809.36 427.856 367.96 381.504 7356.89 24.1703 333.273 14.7454 10.727 318.528 88.9529 52.3944 229.575 47.481 41.1426 333.839 278.257 40.0075 21.1285 238.25 233.175 55.5818
internal_count=614970 614288 210533 86678 5925 1152 123855 83415 77911 37223 32657 40688 403755 968 33285 430 368 32855 13314 7378 19541 7301 6342 31435 24194 1398 674 22796 22121 7241
is_linear=0
shrinkage=0.1


Tree=187
num_leaves=31
num_cat=0
split_feature=3 0 2 20 20 2 11 20 3 2 18 0 0 20 12 2 2 2 5 6 20 7 0 20 0 0 0 20 0 0
split_gain=1.97399 2.92822 3.15564 2.25582 2.8384 2.1345 5.60891 7.45262 5.10998 4.83124 6.29418 5.3162 8.55473 5.12349 4.67944 4.28518 3.82735 7.43163 5.2066 4.97453 3.29896 2.84522 2.92638 2.91261 5.27343 3.19396 2.83424 2.69534 2.5864 4.0638
threshold=0.56156716417910457 22.077739208933661 9.7958469679709452 0.57524180914986833 0.39174717951381111 9.6508186354033718 1.0000000180025095e-35 0.66631029720786594 0.51119402985074636 9.7958469679709452 1.0000000180025095e-35 4.0197801389944017 13.05104893508603 0.12910733939439209 1.0000000180025095e-35 5.5353618778730294 9.5937622939022145 8.8729717773772574 1.0000000180025095e-35 1.0000000180025095e-35 0.58102809574536685 3.5000000000000004 50.549127207752143 0.83662031597016284 17.827942801454949 20.998452064621485 14.156343067793001 0.54735484738588491 9.9901361248674103 11.212210140899963
decision_type=2 2 2 2 2 2 2 2 2 2 2 2 2 2 2 2 2 2 2 2 2 2 2 2 2 2 2 2 2 2
left_child=5 3 -3 4 -2 6 8 16 -1 10 11 -7 14 -11 -13 -10 17 18 27 -19 -20 23 -23 24 -14 -25 -9 -8 -15 -30
right_child=1 2 -4 -5 -6 9 7 26 15 13 -12 12 21 28 -16 -17 -18 19 20 -21 -22 22 -24 25 -26 -27 -28 -29 29 -31
leaf_value=-1.0825107667995337e-05 0.003259730663629919 0.018753298564101947 0.097016858527846278 0.063869873460790441 -0.047485530219225129 -0.14001397420851733 -0.055706239207054975 -0.044370042895754115 -0.09125334360948989 0.060634042539420632 -0.088199814462653348 0.0044815585965588172 0.096440268271936927 -0.04080254371693335 0.12173542117212899 -0.016530810103472023 0.098058909001339109 -0.17494918441786078 -0.069437523260120135 0.019309724383637338 0.01231830340029702 -0.10744031781606467 0.023641027225729427 -0.14370724447947769 -0.042963182992834442 -0.04689742637218719 0.050274862865095027 0.071992862791922088 0.043800436006340274 -0.0035272444380172771
leaf_weight=7456.2638522713187 297.20808471899727 68.734447330061812 5.5693504897644734 5.8865199375868533 11.447091164169249 3.2516098655760279 1.9608905412023876 3.3442552130727554 10.342953197836321 12.647363188385496 14.190467947279101 6.9846235598961339 3.6645762251573606 18.159500952238886 6.6385878687724471 29.750514102684974 3.0644396761199451 4.4393188712056135 10.373881956866173 1.8749943804577922 9.4149729859054769 1.9359593887347752 14.161627413006498 4.1681598863215212 10.456861145328729 18.685011613531969 58.715178858110448 10.522307851730146 18.439721893773822 1126.3129321653978
leaf_count=539973 19358 2218 202 350 1831 86 167 151 1701 757 668 400 123 1318 80 5459 253 232 3954 25 186 322 604 161 580 629 1212 132 491 31693
internal_value=-0.0002086 0.00676499 0.0246194 0.00254726 0.00137774 -0.000514663 0.000117256 0.0232137 -0.000202277 -0.00432719 -0.0274757 -0.0151564 -0.00906918 -0.00267039 0.0616193 -0.0358071 -0.00950803 -0.0180507 0.00136146 -0.117265 -0.0305404 -0.0272144 0.00787667 -0.0424919 -0.00678736 -0.0645544 0.0451746 0.0519336 -0.00335887 -0.00276489
internal_weight=9248.61 388.845 74.3038 314.542 308.655 8859.76 7600.07 103.71 7496.36 1259.7 84.1375 69.947 66.6954 1175.56 13.6232 40.0935 41.6508 38.5864 32.2721 6.31431 19.7889 53.0722 16.0976 36.9746 14.1214 22.8532 62.0594 12.4832 1162.91 1144.75
internal_count=615316 23959 2420 21539 21189 591357 553445 6312 547133 37912 3653 2985 2899 34259 480 7160 4949 4696 4439 257 4140 2419 926 1493 703 790 1363 299 33502 32184
is_linear=0
shrinkage=0.1


Tree=188
num_leaves=31
num_cat=0
split_feature=1 4 20 0 0 20 6 5 4 7 4 0 4 0 7 0 1 0 17 4 4 5 0 0 0 0 4 0 0 4
split_gain=1.79526 2.8512 5.09081 2.7345 3.19556 2.97814 2.15989 2.12114 2.65294 2.05129 2.90009 2.20402 3.0641 2.98078 3.48771 2.95424 1.92311 1.8582 1.7279 1.7199 4.53764 4.66135 1.56258 2.00749 1.90402 2.79568 1.59551 1.78483 2.60231 1.62903
threshold=94197.000000000015 0.30715174129353245 0.96371328872753381 22.671290001869725 13.963227995120759 0.99999855885341915 1.0000000180025095e-35 2.5000000000000004 0.27847222222222229 2.5000000000000004 0.43703358208955234 30.217273527732505 0.38777985074626875 14.529459746242582 1.7500000000000002 11.054770101423832 174508.00000000003 22.077739208933661 1.0000000180025095e-35 0.41333955223880608 0.34060945273631849 1.0000000180025095e-35 32.573803405163282 55.187617783717165 40.639317029662735 38.515431306832447 0.36408582089552249 83.486017277617677 62.368971137533727 0.37988184079602
decision_type=2 2 2 2 2 2 2 2 2 2 2 2 2 2 2 2 2 2 2 2 2 2 2 2 2 2 2 2 2 2
left_child=-1 2 7 4 -4 -6 9 8 -2 11 -11 12 15 18 -15 -3 22 -16 -14 20 -8 -22 -13 24 25 -24 27 28 -25 -28
right_child=1 6 3 -5 5 -7 19 -9 -10 10 -12 16 13 14 17 -17 -18 -19 -20 -21 21 -23 23 26 -26 -27 29 -29 -30 -31
leaf_value=0.00015728173630573917 -0.056226794357855193 0.041335095535957496 0.073646290461128194 0.00030752487480715195 -0.024437174295213186 -0.20966710015027812 0.093420453659705083 0.039054330296321764 -0.1680752333860927 0.084003676012021786 -0.065855244091756554 0.085958504785167089 -0.1797728114149566 -0.16166712963154939 0.091245649967235623 -0.14056078938292205 0.056535294080558018 -0.031665807636526995 0.038624154396717243 0.08773568170569461 -0.20428517239296007 0.059752702019097804 -0.079513748025261538 0.018605366248175187 -0.10008646935423529 0.090340771045162305 0.10512733920174758 0.041681672129803997 -0.12493605419601911 0.0075906276836340131
leaf_weight=9111.27622814602 22.739502776559682 1.1265100581804279 1.0372895637992758 52.862174923415296 1.5806101358029991 1.9252984435297549 2.9577694305335154 2.0535416374914339 2.3387501727847839 5.2590017682523458 1.7116555513348428 1.6558504066779338 1.3205403935862685 0.87194355891551811 3.9519304303685203 4.3055917586898431 5.6337511455640188 1.7858405336737631 0.49921177048236121 5.1395342008909211 1.4902974746655675 1.212694101501256 2.1777138984762154 2.2961228134809053 4.3344781252089888 1.7458993487525729 2.4760174751281721 2.5817845691926777 2.8070495674619451 5.5518784229643643
leaf_count=610280 1236 20 23 837 51 63 42 61 145 127 136 39 141 142 55 153 40 45 18 129 46 25 98 30 154 30 37 61 71 74
internal_value=-1.98484e-05 -0.0109666 -0.0229615 -0.00609087 -0.080539 -0.126158 0.00515631 -0.0586565 -0.0666576 -0.00328177 0.0472056 -0.0110813 -0.0442711 -0.00652875 0.024673 -0.102839 0.00363577 0.0529903 -0.11986 0.0458555 0.0078315 -0.0858249 -0.00799357 -0.0144835 -0.0544018 -0.00393319 0.00649602 -0.0260728 -0.060351 0.0376736
internal_weight=9258.71 147.43 84.5372 57.4054 4.5432 3.50591 62.8931 27.1318 25.0783 52.0928 6.97066 45.1221 13.8616 8.42947 6.60971 5.4321 31.2605 5.73777 1.81975 10.8003 5.66076 2.70299 25.6268 23.9709 8.25809 3.92361 15.7129 7.68496 5.10317 8.0279
internal_count=614409 4129 2416 974 137 114 1713 1442 1381 1471 263 1208 574 401 242 173 634 100 159 242 113 71 594 555 282 128 273 162 101 111
is_linear=0
shrinkage=0.1


Tree=189
num_leaves=31
num_cat=0
split_feature=20 1 1 13 4 1 1 20 1 1 3 1 1 1 18 1 3 7 1 18 1 1 1 1 1 1 1 1 18 4
split_gain=2.07546 3.4762 3.47486 3.36716 16.1873 7.76753 14.6852 16.6384 13.7829 11.1452 9.37056 8.63057 32.0022 17.589 15.1764 10.5344 10.2612 7.40586 7.32922 11.5384 12.8981 8.58913 8.00965 6.60104 14.7545 7.26893 13.8045 12.5968 11.1734 6.86119
threshold=0.80467226748466358 1047.5000000000002 1027.0000000000002 1.0000000180025095e-35 0.27694859038142633 1462.5000000000002 1027.0000000000002 0.15536325079745697 352.50000000000006 326.00000000000006 0.37873134328358216 399.00000000000006 436.50000000000006 512.50000000000011 1.0000000180025095e-35 429.50000000000006 0.58768656716417922 1.7500000000000002 2013.5000000000002 1.0000000180025095e-35 1518.0000000000002 2049.5000000000005 1554.5000000000002 1292.0000000000002 1422.5000000000002 1160.0000000000002 1176.0000000000002 1229.0000000000002 1.0000000180025095e-35 0.11940298507462686
decision_type=2 2 2 2 2 2 2 2 2 2 2 2 2 2 2 2 2 2 2 2 2 2 2 2 2 2 2 2 2 2
left_child=3 2 -2 -1 5 6 7 11 9 -9 -10 14 15 -14 16 -13 -5 -12 19 20 -7 -20 -21 25 -25 28 -27 -28 -8 -26
right_child=1 -3 -4 4 -6 18 23 8 10 -11 17 12 13 -15 -16 -17 -18 -19 21 22 -22 -23 -24 24 29 26 27 -29 -30 -31
leaf_value=-0.0025459929214575808 0.016822797107789059 0.0015347180386271733 0.093927034019594263 0.059849757162938645 -0.012721434629594323 -0.13079282542530976 0.053235073652031173 0.0034971065772590711 0.068421723885491378 0.11681395848627052 -0.045075373147327069 0.03279711654106876 -0.070599586838792208 0.025155191018335195 -0.030257546306795953 0.14490352293647293 -0.0013457188085693262 0.047443083635408237 0.087762594090487533 0.0018131421088976804 0.019223793761518164 0.0021686484945741924 -0.081659521618726819 -0.035113724591666881 -0.025829627545940145 0.11880373588222577 -0.030992728471845584 0.0627334181577235 -0.019250068467931595 0.08420356484809878
leaf_weight=4587.3096179351087 67.549776073843532 2861.9517717793133 6.3986109765246502 50.278792259814509 490.51288738253788 6.3431880838470525 49.410782079066848 48.298818990449945 8.5819481610960775 10.581012061360523 134.83868669310323 11.904797023336867 22.185287891239568 141.75851855953806 82.127013001940213 28.325945420190692 60.217570495202381 9.2452807389199716 12.353476125164887 16.265768877696246 59.405741579183086 229.94945513371204 39.196712756995112 37.415629644412547 7.4392539081163731 29.743570228572935 19.435238446574658 54.693525853974279 37.334656766674016 23.787667654221877
leaf_count=392025 3013 80857 102 4150 52734 439 2148 6415 902 601 19605 805 3371 8300 9975 245 3409 135 293 1018 2869 9871 3604 2633 174 336 1090 1195 2094 332
internal_value=-0.000108588 0.00208783 0.0234945 -0.0011307 0.00264035 0.00876093 0.0139024 0.00540922 -0.0172406 0.0238607 -0.0330924 0.0174846 0.0318094 0.0121974 0.00230074 0.11173 0.0264999 -0.0391388 -0.0035104 -0.0235863 0.0047508 0.00653254 -0.0571791 0.0338314 0.00724115 0.0434068 0.0612522 0.0381601 0.022038 0.0579901
internal_weight=9244.84 2935.9 73.9484 6308.94 1721.63 1231.12 867.604 608.344 211.546 58.8798 152.666 396.798 204.175 163.944 192.623 40.2307 110.496 144.084 363.514 121.211 65.7489 242.303 55.4625 259.26 68.6426 190.618 103.872 74.1288 86.7454 31.2269
internal_count=614740 83972 3115 530768 138743 86009 67915 57913 27658 7016 20642 30255 12721 11671 17534 1050 7559 19740 18094 7930 3308 10164 4622 10002 3139 6863 2621 2285 4242 506
is_linear=0
shrinkage=0.1


Tree=190
num_leaves=31
num_cat=0
split_feature=3 1 20 0 4 20 0 4 4 20 1 8 19 0 20 1 5 3 4 4 20 3 0 4 4 3 0 20 0 20
split_gain=0.95264 1.96986 2.47489 2.3059 2.19341 3.14588 2.70849 3.00155 3.98536 2.88956 4.23861 2.87191 2.67124 3.88267 3.50861 3.77104 2.98364 3.39852 3.32947 3.17037 2.99743 3.2903 2.74712 2.73009 4.23657 2.75826 2.42299 3.45374 3.14834 2.7968
threshold=0.48320895522388069 80.500000000000014 0.32802769741684773 4.3617505010297952 0.11676245210727972 0.99999855885341915 29.789300053129214 0.59060945273631849 0.26371268656716423 0.56977839954494269 2313.0000000000005 1.0000000180025095e-35 1.0000000180025095e-35 65.892608633726368 0.67152095087446095 1846.5000000000002 1.5000000000000002 0.22201492537313436 0.040637330588437111 0.092475124378109411 0.52642975449311058 0.32649253731343292 6.3839766238424192 0.014925373134328368 0.0074626865671641599 0.14365671641791047 69.580935400151077 0.52115977695809612 32.573803405163282 0.84124878500783951
decision_type=2 2 2 2 2 2 2 2 2 2 2 2 2 2 2 2 2 2 2 2 2 2 2 2 2 2 2 2 2 2
left_child=1 -1 -3 -4 5 12 7 8 9 -6 -11 26 14 -14 15 16 17 18 23 22 -19 -22 -20 24 -5 -26 27 -8 29 -29
right_child=-2 2 3 4 6 -7 11 -9 -10 10 -12 -13 13 -15 -16 -17 -18 20 19 -21 21 -23 -24 -25 25 -27 -28 28 -30 -31
leaf_value=-0.070916700419616951 0.00033964669476582797 0.019083567925859364 -0.14668764427670583 0.06690314280548236 -0.07467420902700693 0.047018729039139069 0.034197693545950203 0.031872715232246288 -0.071634030021106881 0.065993420812341774 -0.041362010686990788 0.040945979715582989 -0.00740840807414519 0.021144056314110538 0.043294144205479251 -0.17148873650392749 -0.088403120474702279 0.0020200065620173705 0.027459684620976782 0.12153174367221008 0.11537677245514828 0.020391897541104875 -0.12128779579997268 0.037030314086659043 -0.021459777015524543 -0.20344543513921082 0.0037548273095460551 -0.049798428337933492 -0.0401461352398646 0.11444837203132066
leaf_weight=3.4829838897612708 8515.2803540784716 99.892644624841523 1.0394330843591877 1.9913112767972077 4.7367245165987724 18.97059522359632 9.5096552121376572 7.2828877548236042 18.378511412938678 7.7577051299958821 6.9927460892358795 15.885331286190192 188.16536667113542 63.76542309501383 37.492057687486522 1.1999956544022996 3.054995444341329 12.510903570480883 1.6009653203946062 0.80434618992148887 7.4257762036868371 7.1665228210622427 5.5310879829630721 12.38223264692351 1.580324830021709 1.7607706303242596 141.12000625404107 1.7178348817760696 42.615871584679553 2.6147939900984056
leaf_count=4657 498175 44322 534 51 3929 187 2754 4309 14630 1739 1835 3742 8848 1347 531 42 191 1187 133 230 139 277 478 307 59 64 10776 818 7645 229
internal_value=0.000636564 0.0041075 0.00446795 0.00213217 0.00238006 0.00736776 -0.00466725 -0.0269198 -0.0382276 -0.00672174 0.0150994 3.92614e-05 0.00519648 -0.000181582 0.0195338 0.00390792 0.00767925 0.0132434 -0.0128466 -0.0666723 0.0379355 0.0687281 -0.0878978 0.011268 -0.0485539 -0.117367 -0.00324965 -0.0207577 -0.0318892 0.0493265
internal_weight=9243.71 728.43 724.947 625.054 624.015 365.403 258.612 45.1486 37.8657 19.4872 14.7505 213.463 346.432 251.931 94.5013 57.0092 55.8092 52.7542 25.651 7.9364 27.1032 14.5923 7.13205 17.7146 5.33241 3.3411 197.578 56.4582 46.9485 4.33263
internal_count=614165 115990 111333 67011 66477 14071 52406 26442 22133 7503 3574 25964 13884 10195 3689 3158 3116 2925 1322 841 1603 416 611 481 174 123 22222 11446 8692 1047
is_linear=0
shrinkage=0.1


Tree=191
num_leaves=31
num_cat=0
split_feature=1 1 20 5 4 4 19 13 4 1 1 4 0 19 1 1 1 4 4 20 0 20 1 1 1 18 20 4 1 1
split_gain=1.73838 7.06577 9.23868 7.21706 5.92981 7.63669 5.77894 5.18679 9.45235 6.22353 5.97755 7.60974 7.22022 5.98995 5.48407 8.8729 7.05492 10.0329 16.0308 12.093 7.53904 6.21974 5.46017 14.9786 13.7258 13.2782 7.3336 8.46785 7.04855 14.596
threshold=1760.5000000000002 1723.5000000000002 0.8227345909907019 1.0000000180025095e-35 0.089552238805970186 0.19098258706467666 1.0000000180025095e-35 1.0000000180025095e-35 0.27694859038142633 1701.5000000000002 1631.0000000000002 0.40818965517241385 22.365803085000014 1.0000000180025095e-35 1518.0000000000002 1422.5000000000002 1554.5000000000002 0.1751865671641791 0.39412134728655579 0.80921537523939091 22.671290001869725 0.73474227287083338 1027.0000000000002 800.50000000000011 1292.0000000000002 1.0000000180025095e-35 0.14396916586045092 0.089552238805970186 1462.5000000000002 1631.0000000000002
decision_type=2 2 2 2 2 2 2 2 2 2 2 2 2 2 2 2 2 2 2 2 2 2 2 2 2 2 2 2 2 2
left_child=1 7 3 -3 -4 6 -6 9 22 14 12 -12 13 -10 15 -1 -16 19 21 -18 -20 -19 23 26 -24 28 -9 -28 -26 -30
right_child=-2 2 4 -5 5 -7 -8 8 10 -11 11 -13 -14 -15 16 -17 17 18 20 -21 -22 -23 24 -25 25 -27 27 -29 29 -31
leaf_value=-0.0011178452852519574 -0.0016684185696761306 -0.0071559425631332581 -0.16769567166373411 0.059084131660709117 -0.014282479179473527 -0.04665144352620261 0.12257400864841782 0.016633848400323743 -0.021560180292266334 -0.087352189698909302 -0.098122766882416002 0.033558703003002358 0.016465331274249772 0.026378902545654021 0.076989656985502017 -0.035254352679151758 -0.057883763636562086 -0.0075246544087587026 0.071876950358081879 0.060598263082681562 -0.097932966775939587 -0.10268335857741971 0.038076671894884256 -0.056765075575380269 0.057317184284520574 -0.027424619460207592 0.021963323893581105 -0.023000620092558273 -0.054626858935702918 0.037781170641129402
leaf_weight=3620.2186108440583 3875.4728031031827 22.028999592454056 2.4891038145869961 64.925850169802288 6.1795325828716177 19.318248460505856 6.1622510412707925 383.49686492694309 194.5553050471608 8.3914942012634111 15.039213942771314 6.1968153946181692 106.59243502593017 30.096053092245711 18.205007996002678 77.778384776887833 10.591582516877677 10.609291676577415 17.14552701578214 46.149141826550476 3.0849241398245786 19.481482570467051 203.55283487812994 37.195809740005643 40.712455000146292 89.772649957099929 63.764255372421758 122.05678827755037 26.190320147929015 49.208329397559282
leaf_count=328038 149609 1089 78 2119 158 518 45 29067 29241 698 1448 932 8545 1915 755 6145 1304 2151 793 737 380 1183 7569 5629 886 6349 5755 17825 2096 713
internal_value=-5.74044e-05 0.00111591 0.0249941 0.042303 -0.0190799 -0.0073958 0.0540499 0.000559817 0.00584459 -0.00132758 -0.00826543 -0.0596972 -0.00496814 -0.0151379 -0.00113877 -0.00183582 0.0194391 0.00965305 -0.0228532 0.0384817 0.0459828 -0.0691327 0.01074 0.00471663 0.0196627 0.00145711 0.00873347 -0.0075713 0.0237874 0.00568251
internal_weight=9196.66 5321.19 121.104 86.9548 34.1491 31.66 12.3418 5200.09 1368.43 3831.66 352.48 21.236 331.244 224.651 3823.26 3698 125.267 107.062 50.3212 56.7407 20.2305 30.0908 1015.95 606.514 409.437 205.884 569.318 185.821 116.111 75.3986
internal_count=613770 464161 4007 3208 799 721 203 460154 117970 342184 42081 2380 39701 31156 341486 334183 7303 6548 4507 2041 1173 3334 75889 58276 17613 10044 52647 23580 3695 2809
is_linear=0
shrinkage=0.1


Tree=192
num_leaves=31
num_cat=0
split_feature=6 10 4 4 20 1 1 1 4 5 4 7 10 7 5 20 1 4 20 20 1 1 20 20 19 1 4 4 1 4
split_gain=2.58488 3.92872 4.10128 5.37005 5.5681 4.85315 11.373 4.28709 4.06233 5.53375 5.4316 3.99722 3.47368 4.61378 3.37157 4.90984 3.25755 2.77427 2.77282 3.99302 3.4431 3.59396 3.08821 2.9359 2.66334 4.44216 3.48647 5.28385 4.33323 4.16479
threshold=1.0000000180025095e-35 1.0000000180025095e-35 0.30150254474752686 0.20457375478927206 0.89441734684883911 1723.5000000000002 643.50000000000011 4509.0000000000009 0.34850746268656724 1.5000000000000002 0.36228448275862074 3.5000000000000004 1.0000000180025095e-35 2.5000000000000004 2.5000000000000004 0.63516064990615362 4357.0000000000009 0.29135572139303489 0.96371328872753381 0.99999855885341915 23098.500000000004 20091.500000000004 0.69150269515457052 0.017195134670771783 1.0000000180025095e-35 134377.00000000003 0.35066049065019739 0.28838601532567054 47190.500000000007 0.37713015382855847
decision_type=2 2 2 2 2 2 2 2 2 2 2 2 2 2 2 2 2 2 2 2 2 2 2 2 2 2 2 2 2 2
left_child=12 -2 3 4 5 6 -3 16 -4 10 -10 -9 -1 24 18 17 -6 -16 20 -20 21 22 23 -5 26 -26 27 -14 -29 -28
right_child=1 2 8 14 7 -7 -8 11 9 -11 -12 -13 13 -15 15 -17 -18 -19 19 -21 -22 -23 -24 -25 25 -27 29 28 -30 -31
leaf_value=-0.00018215548794187653 0.0013375277355710112 0.028633838883672588 0.056001692286815313 -0.082700536879542458 -0.051492880341237862 0.041063626999408374 -0.089290210856990751 -0.080376998797338867 -0.16258909018686526 0.088174037591405074 0.002929403642774539 0.09637307219894492 -0.030639722957555821 0.021115501216374163 0.062373354937299758 -0.094575222452545182 0.077884706903124282 -0.10438944079802939 0.081081461190683934 -0.032351160981357062 -0.19321841514373733 0.14219706837175308 -0.068056736650528249 -0.002300521367163738 -0.016443416504415869 0.065193619517725843 -0.15413187341930906 0.029367891389866604 -0.097458592752088027 -0.040497305436103234
leaf_weight=7611.7760200905886 1122.3803323629163 33.863522908206505 40.26052190415794 5.4468641801940967 3.1248737252317387 82.736163872177713 10.782518835330846 12.307372479874171 2.1349235269590308 7.3099692299729204 27.787234487361275 1.4279461260885007 97.676897621218814 33.264975935278926 13.305846607632704 2.8134579041507086 5.1592820398509502 1.0784420929849137 5.6418960662558657 6.8970006934832782 1.3184119982179243 1.1901200469583262 17.124668823089451 27.334025283998926 24.127278831234435 9.2094717673026008 4.1241500763571848 27.600638429896211 2.9853485091589382 14.798768524779005
leaf_count=521737 71000 2233 1088 192 74 1746 816 439 163 132 1739 12 5945 756 373 127 68 25 56 131 49 9 803 1448 1420 359 271 970 44 1046
internal_value=0.000179435 0.00408657 0.0140705 0.00740618 0.0186987 0.0267252 0.000153861 -0.0277343 0.0339838 0.0101749 -0.00888022 -0.0620018 -0.000535246 -0.0131068 -0.0131308 0.02624 0.0290821 0.0498705 -0.0235551 0.018688 -0.0336608 -0.0295438 -0.0336393 -0.0156598 -0.019413 0.00610929 -0.0251936 -0.019282 0.016989 -0.0652634
internal_weight=9256.99 1431.43 309.045 231.552 149.402 127.382 44.646 22.0195 77.4926 37.2321 29.9222 13.7353 7825.56 213.788 82.1507 17.1977 8.28416 14.3843 64.953 12.5389 52.4141 51.0957 49.9056 32.7809 180.523 33.3368 147.186 128.263 30.586 18.9229
internal_count=615271 82723 11723 8601 5388 4795 3049 593 3122 2034 1902 451 532548 10811 3213 525 142 398 2688 187 2501 2452 2443 1640 10055 1779 8276 6959 1014 1317
is_linear=0
shrinkage=0.1


Tree=193
num_leaves=31
num_cat=0
split_feature=20 1 1 1 18 0 0 0 1 16 1 20 6 1 20 1 1 1 18 0 0 1 7 1 1 1 7 1 1 0
split_gain=1.54717 4.21011 3.03429 6.01217 4.21286 5.33681 4.78147 4.58551 3.5435 3.12788 2.95984 4.1152 3.84712 3.01169 2.69023 2.68072 2.65107 4.82702 3.58347 2.64647 2.53136 2.45849 2.38884 4.2853 3.03699 7.84241 5.41015 3.71728 9.24895 7.10078
threshold=0.84576245483440038 67494.500000000015 2514.0000000000005 2460.0000000000005 1.0000000180025095e-35 52.824586311600378 106.70516706979716 39.877151738390872 2013.5000000000002 1.0000000180025095e-35 1673.0000000000002 0.86888973156516258 1.0000000180025095e-35 1554.5000000000002 0.90454357557504406 134377.00000000003 2553.5000000000005 2764.0000000000005 1.0000000180025095e-35 39.877151738390872 12.185199050621739 1723.5000000000002 6.5000000000000009 20091.500000000004 10610.000000000002 9696.5000000000018 5.5000000000000009 1760.5000000000002 1723.5000000000002 31.139950169622114
decision_type=2 2 2 2 2 2 2 2 2 2 2 2 2 2 2 2 2 2 2 2 2 2 2 2 2 2 2 2 2 2
left_child=1 22 3 4 6 8 7 10 19 -7 13 12 -12 -2 -5 -3 -4 18 -18 -6 -13 -21 24 -24 25 26 27 28 -1 -30
right_child=2 15 16 14 5 9 -8 -9 -10 -11 11 20 -14 -15 -16 -17 17 -19 -20 21 -22 -23 23 -25 -26 -27 -28 -29 29 -31
leaf_value=-0.00012163409538963984 -0.025585556323799327 -0.11146382508341908 -0.02687609068848858 0.02372704879209413 0.046146755396384798 -0.027749142973004855 -0.028466595099786492 0.034306166572435744 -0.0082531997061842371 0.01956257077111136 -0.093800017921140177 0.078034822841406226 0.063038666526245596 0.037731700859743339 0.091798992319601799 0.12718277951800891 0.027948897689886544 0.00058520649859755995 0.13064621130763851 0.0097796743047598791 -0.0056053131241494821 -0.1420490601382676 -0.0056009134834709672 -0.087502752252424792 0.0079318291649982785 -0.041758590751582558 0.062484441653207892 -0.0057782887513337785 0.0057623667036616998 0.06249691394017301
leaf_weight=4998.039473965322 9.6697331370087323 4.9084102947690544 34.275834545958787 11.125116155599246 35.198115546721965 83.532879149133805 21.583566326778964 115.35122539222357 45.646205268858466 16.780952476896346 8.9862508012301952 4.035817557014524 1.8935208087787039 33.668323604157194 12.142019136110319 0.52062285151623644 23.521506249730013 1933.1080681375461 3.9713686406612387 21.245574979577217 34.991128103982192 1.1228678422048677 23.926126254111296 8.7155251477815892 415.3821588478022 46.619136423279997 13.568760072812436 1182.6171629485234 46.837768267092542 41.701274806160654
leaf_count=453447 404 717 719 251 689 4076 1930 3383 1152 327 519 36 36 375 157 69 511 46506 34 632 1043 48 2729 978 22453 2118 330 66543 1894 1410
internal_value=0.000225785 -0.000552431 0.00237865 0.00972877 0.00707206 -0.0034092 0.0163397 0.0209758 0.0125549 -0.0198346 0.00448508 -0.0121176 -0.0665037 0.0236041 0.0592506 -0.0885786 0.000694936 0.00117694 0.0427836 0.0290542 0.003044 0.00215806 -0.000481918 -0.0274692 -0.000351311 -0.000894914 -0.000591698 -0.000728218 0.000445912 0.0324839
internal_weight=9234.69 6782.84 2451.85 456.973 433.706 203.527 230.18 208.596 103.213 100.314 93.2448 49.9067 10.8798 43.3381 23.2671 5.42903 1994.88 1960.6 27.4929 57.5666 39.0269 22.3684 6777.41 32.6417 6744.77 6329.38 6282.76 6269.2 5086.58 88.539
internal_count=615516 552688 62828 15058 14650 6924 7726 5796 2521 4403 2413 1634 555 779 408 786 47770 47051 545 1369 1079 680 551902 3707 548195 525742 523624 523294 456751 3304
is_linear=0
shrinkage=0.1


Tree=194
num_leaves=31
num_cat=0
split_feature=1 20 1 1 4 20 18 4 20 4 5 4 1 18 1 1 1 1 1 1 8 12 20 1 1 1 8 4 1 4
split_gain=1.8858 4.15834 2.8906 6.05227 9.43825 4.3083 4.22045 6.39238 3.60089 4.20075 4.20376 3.3354 5.20318 5.31487 7.91798 5.75401 5.73122 8.51156 8.83899 8.54448 11.7618 7.00809 6.89501 6.64384 8.71554 5.32245 5.15954 11.2502 11.9639 10.1179
threshold=4575.5000000000009 0.80467226748466358 4203.5000000000009 3873.5000000000005 0.19284825870646763 0.89965401021936353 1.0000000180025095e-35 0.40019157088122614 0.92156384690717086 0.18857758620689657 1.5000000000000002 0.17913557213930356 732.50000000000011 1.0000000180025095e-35 1673.0000000000002 1723.5000000000002 974.50000000000011 1685.0000000000002 1436.5000000000002 2229.0000000000005 1.0000000180025095e-35 1.0000000180025095e-35 0.87408394402281786 2460.0000000000005 2514.0000000000005 1399.5000000000002 1.0000000180025095e-35 0.32037835249042151 2915.5000000000005 0.45009578544061307
decision_type=2 2 2 2 2 2 2 2 2 2 2 2 2 2 2 2 2 2 2 2 2 2 2 2 2 2 2 2 2 2
left_child=1 -1 3 11 -5 -6 -4 8 -8 10 -10 12 -3 14 25 -16 -15 18 22 21 23 -19 -18 -21 -25 -14 27 -13 -29 -30
right_child=-2 2 6 4 5 -7 7 -9 9 -11 -12 26 13 16 15 -17 17 19 -20 20 -22 -23 -24 24 -26 -27 -28 28 29 -31
leaf_value=-3.1397876065643123e-05 -0.0021639111960584704 -0.089623765879123463 0.0041168204241730346 -0.095247993171393319 0.024067392883033636 -0.057072521410857807 0.087290201064920109 -0.071803793948945913 -0.19402288991496688 0.047221705576345183 0.05268906701178297 -0.0081667921413235752 0.012343739705404092 0.06929441246469531 -0.07397370219221916 0.016212093429722702 0.0031492480333339306 0.045777507652122996 -0.13923996504113997 -0.072848616731590696 -0.17163945983016679 -0.14417796318706891 -0.07928004365561768 0.095875165478357588 -0.0046206309389936516 0.069272537175403617 -0.009186646203826792 0.053311652912259089 0.013332490420904446 -0.094918084291289118
leaf_weight=5655.651032225147 2410.9580383540288 4.8529137332807286 51.757531339972047 15.075929457787423 22.766157475794902 9.1836641158442927 20.935651727952063 4.1181304454803458 1.580840500537309 14.75073026306927 1.2264861464500425 173.85332079637737 23.913749686907977 12.36921639787033 7.4751179548911741 131.99530477970256 38.368152369977906 61.310730640194379 6.8801873864140353 10.776088108774273 4.2453692588023832 2.0057470607571295 13.796843656455165 10.369730177335439 51.430844730581157 52.427384157665074 248.66609453732963 89.033132479526103 71.20108760111907 9.8259316549083433
leaf_count=497747 79450 184 1920 536 793 244 221 85 55 137 21 6564 1006 455 419 3331 1291 1202 396 376 153 188 810 135 1224 631 8870 3721 1831 1259
internal_value=0.000240103 0.00108972 0.0065268 0.00504952 -0.0300296 0.000744517 0.0233054 0.0466123 0.0592807 0.0258831 -0.0862375 0.00665922 0.0133392 0.0145084 0.0255497 0.0113785 0.00324489 -0.000856757 -0.0327034 0.0125613 -0.00985576 0.0397601 -0.018652 -0.000392226 0.0122419 0.0514397 0.00178694 0.00972137 0.0280085 0.00020523
internal_weight=9232.8 6821.84 1166.19 1071.82 47.0258 31.9498 94.3694 42.6118 38.4937 17.5581 2.80733 1024.8 432.217 427.364 215.812 139.47 211.553 199.184 59.0452 140.139 76.822 63.3165 52.165 72.5767 61.8006 76.3411 592.58 343.913 170.06 81.027
internal_count=615255 535805 38058 35619 1573 1037 2439 519 434 213 76 34046 11801 11617 5387 3750 6230 5775 2497 3278 1888 1390 2101 1735 1359 1637 22245 13375 6811 3090
is_linear=0
shrinkage=0.1


Tree=195
num_leaves=31
num_cat=0
split_feature=2 4 0 20 4 4 0 4 0 5 19 4 12 0 6 7 0 0 5 2 2 2 20 3 0 19 0 0 0 2
split_gain=1.67589 3.10415 2.42349 4.68257 4.30448 2.35433 2.35254 2.27101 2.69986 2.33477 2.00656 1.083 1.14549 1.76297 1.41644 1.9719 1.88869 2.57952 2.83184 1.60208 1.58881 1.88 2.82794 2.48635 1.81125 1.8044 1.37737 1.95813 1.41934 2.65341
threshold=12.067682546336739 0.27847222222222229 37.849463689644921 0.99999855885341915 0.46032052381769323 0.35245646766169164 19.210715033053194 0.1751865671641791 38.515431306832447 1.0000000180025095e-35 1.0000000180025095e-35 0.0039490049751244047 1.0000000180025095e-35 29.789300053129214 1.0000000180025095e-35 6.5000000000000009 65.892608633726368 41.425433686275902 1.5000000000000002 7.3495481317100619 5.4909995847486188 8.0805457684317705 0.8644051347692755 0.58768656716417922 7.3697276401885423 1.0000000180025095e-35 37.18684609972977 27.716260291526716 11.212210140899963 6.9551130077509109
decision_type=2 2 2 2 2 2 2 2 2 2 2 2 2 2 2 2 2 2 2 2 2 2 2 2 2 2 2 2 2 2
left_child=11 7 3 10 5 -5 -7 8 -2 -9 -3 12 14 -14 15 16 17 20 -19 -20 24 26 23 -23 -1 -24 27 28 29 -22
right_child=1 2 -4 4 -6 6 -8 9 -10 -11 -12 -13 13 -15 -16 -17 -18 18 19 -21 21 22 25 -25 -26 -27 -28 -29 -30 -31
leaf_value=-0.0059847924009424304 0.04212788433942144 0.10215378696129701 0.097071108434056197 -0.015934602582526967 0.086413193947106087 -0.055866585489142188 -0.2332763686204119 -0.15515886531152284 -0.097145479286710995 -0.003651328252784049 0.0097917462526876681 -0.00014216356280506308 0.082610979898209619 -0.070344315215433398 0.039110992861281127 -0.17145919819174274 0.066891409027699036 -0.14809905328417702 0.068274116734960186 -0.06356538589197501 0.027226489192293965 -0.14207166202769136 0.06515218861334178 0.050764605817664933 -0.11311201957286104 -0.049865860122414056 0.093634200033073711 -0.047240604543227122 0.056223791892082056 -0.1332872945493444
leaf_weight=6.6764880257687746 6.107374308165161 6.7715407605282998 5.8964864732697597 3.7807159507647157 2.4316766993142664 1.6920881206169727 1.3388736173510549 2.092935913708061 1.8027455303817985 1.9787830794230101 3.6040363081265241 9126.2481171955224 4.4426822034874922 0.90748081903439004 12.390176594519287 0.65011055197100986 4.3546829011756918 2.3697446724399915 1.5772096659056845 2.2177208664361387 6.0691692507243813 2.6180246893782155 3.5505608306266367 0.89796298090368498 2.0668377919937484 2.2147619482129812 3.0372756086289874 3.4652841545175752 11.628699429449624 1.2403338157164396
leaf_count=507 149 103 33 44 22 39 33 89 33 32 75 611711 244 50 458 19 102 92 43 57 514 122 50 16 146 32 55 187 531 105
internal_value=4.04677e-05 0.0211384 0.040855 0.0239592 -0.0278009 -0.0685739 -0.134234 -0.0208483 0.010387 -0.0815289 0.0700711 -4.55359e-05 0.0121389 0.0566671 0.00858447 0.00166162 0.00374642 -0.00179409 -0.0623301 -0.00877162 0.00679169 0.0163857 -0.0221387 -0.0928224 -0.0313086 0.0209677 0.0304402 0.0218729 0.0345192 -1.07487e-05
internal_weight=9236.12 37.4973 25.5154 19.6189 9.24335 6.81168 3.03096 11.9818 7.91012 4.07172 10.3756 9198.62 72.3752 5.35016 67.025 54.6349 53.9848 49.6301 6.16468 3.79493 43.4654 34.7221 9.28131 3.51599 8.74333 5.76532 25.4408 22.4035 18.9382 7.3095
internal_count=615693 652 349 316 138 116 72 303 182 121 178 615041 3330 294 3036 2578 2559 2457 192 100 2265 1612 220 138 653 82 1392 1337 1150 619
is_linear=0
shrinkage=0.1


Tree=196
num_leaves=31
num_cat=0
split_feature=2 20 0 2 2 4 17 4 13 20 7 10 4 11 2 0 0 2 4 0 4 20 20 0 20 11 20 13 0 18
split_gain=1.69353 5.23989 4.92337 3.79522 5.27517 5.54088 10.8324 5.46626 5.31254 5.69992 6.65637 6.52285 6.38728 5.10127 5.09872 4.99743 4.26081 5.87324 5.78362 4.29916 7.87051 4.95892 4.119 4.32203 3.8855 3.60902 8.44431 3.42097 5.3096 4.30458
threshold=8.4286897868566388 0.90454357557504406 106.70516706979716 9.2149288532632188 9.5708741489416926 0.16417910447761203 1.0000000180025095e-35 0.36628352490421462 1.0000000180025095e-35 0.67152095087446095 4.5000000000000009 1.0000000180025095e-35 0.12198383084577115 1.0000000180025095e-35 9.4200610636594693 60.848635024704144 69.580935400151077 9.1796233979849244 0.26560444901927155 29.789300053129214 0.44098258706467669 0.99999855885341915 0.7677425132426462 64.033483955566041 0.81844470631648092 1.0000000180025095e-35 0.54735484738588491 1.0000000180025095e-35 33.117013706452944 1.0000000180025095e-35
decision_type=2 2 2 2 2 2 2 2 2 2 2 2 2 2 2 2 2 2 2 2 2 2 2 2 2 2 2 2 2 2
left_child=1 25 27 16 5 8 7 -7 9 10 -5 14 -13 24 22 -12 17 -2 -19 20 21 -20 23 -11 -8 -1 -27 -3 -29 -30
right_child=3 2 -4 4 -6 6 13 -9 -10 11 15 12 -14 -15 -16 -17 -18 18 19 -21 -22 -23 -24 -25 -26 26 -28 28 29 -31
leaf_value=-0.00053018433754662537 -0.010217209436352933 0.021920134713110381 -0.021207071760831014 -0.040810114419295496 -0.0033062679314252632 -0.0090010719316775782 0.042345658363398875 0.026548789734568978 -0.0080253961021885655 -0.0048606704379370392 0.010487637867993376 -0.081431790512986518 0.050730162344323204 -0.17796011797456734 0.022092017247815506 0.11485461053766742 0.0068616064578524011 -0.092499011761600317 -0.063740691568769992 0.028943521149202695 0.079722793813501253 -0.23779880467859354 0.085831221815703337 0.10585147839404291 -0.067586044833194164 -0.059675108478614847 0.053287179275916419 0.032350860360316112 -0.039189240311691437 0.0044743780451469524
leaf_weight=6345.6619058584238 466.63260313427963 241.50075337695307 42.549855311910505 21.134750092693139 1360.2611834464606 99.611921569419792 3.9862537806620884 76.447232847844134 47.734472969430499 11.972643710207196 19.437741036759693 7.8358499385649321 6.8566721779061481 3.4344058714486883 36.229881649604067 6.0054662870243183 129.69870139134582 17.81227517593652 7.9874334417982045 10.951809803955255 3.2450461580883703 2.0586826540529728 43.503690111276228 4.9981552185490719 16.620763592189178 8.3716197453541081 31.58350923681428 42.17545158113353 33.539364248106722 69.086731138871983
leaf_count=521552 18474 5110 2481 1131 41943 4317 269 2854 1054 175 516 348 171 230 800 126 4111 717 460 308 102 24 530 102 827 4067 562 511 951 1506
internal_value=-0.000428024 0.000377076 0.0110773 -0.00270975 -0.000321132 0.00968495 -0.00216267 0.00643515 0.0212095 0.0300433 0.000667696 0.042326 -0.0197548 -0.0651259 0.0517581 0.0351218 -0.00931778 -0.013443 -0.0492354 -0.0174479 -0.055674 -0.0994092 0.0695308 0.0277457 -0.0463207 -0.000341541 0.0296187 0.0146333 0.00248029 -0.00979538
internal_weight=9218.93 6814.47 428.852 2404.46 1766.07 405.81 200.101 176.059 205.709 157.975 46.578 111.397 14.6925 24.0414 96.7044 25.4432 638.387 508.688 42.0552 24.243 13.2912 10.0461 60.4745 16.9708 20.607 6385.62 39.9551 386.302 144.802 102.626
internal_count=616329 536740 10559 79589 55393 13450 8497 7171 4953 3899 1773 2126 519 1326 1607 642 24196 20085 1611 894 586 484 807 277 1096 526181 4629 8078 2968 2457
is_linear=0
shrinkage=0.1


Tree=197
num_leaves=31
num_cat=0
split_feature=3 20 4 17 4 4 4 1 1 20 3 20 1 0 4 19 1 1 6 8 4 17 1 0 19 4 4 1 4 1
split_gain=1.58878 2.34573 3.11329 2.48138 3.51927 2.58219 2.50304 1.63534 2.52948 2.66258 1.63132 1.61936 3.60378 8.80631 3.57477 6.74545 7.56131 5.44515 5.53543 5.26232 5.95454 4.58922 4.33794 3.58754 4.45065 6.05816 4.70998 4.51645 3.76407 3.57928
threshold=0.56156716417910457 0.19935507233883107 0.32629310344827595 1.0000000180025095e-35 0.03731343283582092 0.0083333333333333193 0.055762852404643411 361.50000000000006 416.00000000000006 0.51068369173353345 0.66604477611940316 0.78620839146698007 2049.5000000000005 14.728311919785602 0.36628352490421462 1.0000000180025095e-35 1973.5000000000002 1881.0000000000002 1.0000000180025095e-35 1.0000000180025095e-35 0.47600574712643684 1.0000000180025095e-35 1936.0000000000002 50.549127207752143 1.0000000180025095e-35 0.22235696517412934 0.08620689655172413 1673.0000000000002 0.35822325155830054 1267.5000000000002
decision_type=2 2 2 2 2 2 2 2 2 2 2 2 2 2 2 2 2 2 2 2 2 2 2 2 2 2 2 2 2 2
left_child=11 2 3 -2 5 -5 -6 -3 9 -9 -8 -1 13 -13 17 19 -17 18 23 -16 29 -20 -19 -15 28 26 27 -26 -25 -21
right_child=1 7 -4 4 6 -7 10 8 -10 -11 -12 12 -14 14 15 16 -18 22 21 20 -22 -23 -24 24 25 -27 -28 -29 -30 -31
leaf_value=-0.0016805935440668764 0.0079305304276097843 0.039457418372116963 -0.11930853836589515 0.011973634508410099 0.039357242939944748 -0.061416613494982147 -0.052827475998951261 -0.086865095211072496 0.017046341636473165 0.038050672114794959 -0.0010896796304502008 0.058110165522346727 -0.00046473665940544463 0.014330324797617314 0.040553465182413338 -0.13600104382034112 0.023993360001732935 0.078492111989783564 -0.017193901545388621 -0.01065733720161928 0.065524425587401722 -0.12653983988879436 0.017699615836428848 -0.01954797872827738 0.020879089378437306 -0.043053156991865474 0.060066840410990231 -0.13593687324241471 0.10352840174274254 -0.088099883596441497
leaf_weight=5714.7585640399575 200.23661605808593 27.648280155146495 2.1314975428067546 6.3643413017271113 13.252210835606091 19.431619045266416 7.4995155596116083 4.9529517857154124 70.584728471956623 2.6031731041148305 32.524414315943432 33.471623204852222 2510.7965759641447 248.8523256679764 19.170694983578869 8.6041850123292516 4.4980279235314802 17.969886669190601 13.28988014359493 12.188701517647138 5.657111261796671 5.3969537941156878 33.84457111939264 103.26292923092842 6.6402788591803965 11.629558024374999 27.950822704471648 2.5388106375467032 2.5461633288068688 11.693946328829041
leaf_count=497511 7894 1236 1507 464 825 1612 2897 912 4002 97 2493 683 70661 6635 990 1491 266 224 1115 435 507 294 1300 5356 170 1081 1039 70 77 353
internal_value=-0.000408399 0.00586051 0.00108871 0.0020075 -0.0129916 -0.0433099 0.00168835 0.0185554 0.0111597 -0.0438302 -0.0107841 -0.000684416 0.00116393 0.00834806 0.00523903 -0.0173795 -0.0810745 0.00818911 0.00443364 -0.00024671 -0.0267252 -0.0487742 0.0387832 0.00689827 -0.00506719 0.0199295 0.0396565 -0.0224941 -0.0165863 -0.0485765
internal_weight=9181.99 387.229 281.44 279.309 79.0721 25.796 53.2761 105.789 78.1409 7.55612 40.0239 8794.76 3080 569.206 535.735 61.8127 13.1022 473.922 422.108 48.7105 29.5398 18.6868 51.8145 403.421 154.569 48.7595 37.1299 9.17909 105.809 23.8826
internal_count=614197 23939 17692 16185 8291 2076 6215 6247 5011 1009 5390 590258 92747 22086 21403 4042 1757 17361 15837 2285 1295 1409 1524 14428 7793 2360 1279 240 5433 788
is_linear=0
shrinkage=0.1


Tree=198
num_leaves=31
num_cat=0
split_feature=6 10 4 20 1 4 4 20 20 1 1 13 4 13 5 4 4 1 5 1 1 1 20 1 1 18 1 8 8 1
split_gain=1.97619 3.79512 2.96516 4.97066 7.36112 5.71712 4.88643 4.30023 2.84073 5.34196 5.49922 6.11042 8.69963 6.00369 7.37558 5.23125 8.34185 5.98152 5.31912 4.22432 11.5 5.85678 17.8431 19.5131 9.58383 13.2788 7.74754 13.0656 12.4689 11.5525
threshold=1.0000000180025095e-35 1.0000000180025095e-35 0.2992537313432837 0.91565628707710289 7835.5000000000009 0.12076149425287359 0.29238505747126442 0.8227345909907019 0.72044748797222335 1047.5000000000002 1027.0000000000002 1.0000000180025095e-35 0.37334877337450689 1.0000000180025095e-35 1.5000000000000002 0.46654228855721402 0.26182306856521992 844.00000000000011 1.0000000180025095e-35 474.50000000000006 498.50000000000006 429.50000000000006 0.046371770698129693 456.50000000000006 407.50000000000006 1.0000000180025095e-35 456.50000000000006 1.0000000180025095e-35 1.0000000180025095e-35 436.50000000000006
decision_type=2 2 2 2 2 2 2 2 2 2 2 2 2 2 2 2 2 2 2 2 2 2 2 2 2 2 2 2 2 2
left_child=8 -2 3 4 6 7 -3 -6 19 10 11 15 -13 14 -12 16 18 -18 -10 21 -21 24 23 -23 -1 -26 27 -24 -28 -29
right_child=1 2 -4 -5 5 -7 -8 -9 9 -11 13 12 -14 -15 -16 -17 17 -19 -20 20 -22 22 26 -25 25 -27 28 29 -30 -31
leaf_value=0.00026828320771068624 0.00074038144968496485 0.0084723169354581195 0.029688230559558049 -0.029492831390503238 0.081276385805528817 0.09107222486173186 -0.12134612802512396 -0.11512607766724735 0.070172435404951147 0.00061746068558323549 -0.18744508528044759 -0.087150821349807853 0.064831096086551576 0.10382569432414934 0.03987364714434747 0.10889503026534507 0.011650545771715783 -0.061942062875353809 0.016984911809605468 -0.062912551237218645 -0.0042934119002640703 0.063190674612026917 0.020064194187299794 -0.056126355867431421 -0.008391799664426219 -0.11688155003460071 -0.087233407497814497 -0.16966518751332049 0.035175699885218702 -0.040487850451039253
leaf_weight=2083.1493557279719 1106.7471009509663 170.00890757047455 81.171153151022736 31.431096546177287 1.906395519850778 18.536602372885682 2.9497802549449252 2.6847814612556249 22.988651487510651 2868.0097458984819 1.6773987058550126 13.171795878501145 5.2744993838714427 14.1697419709526 9.5743783089565095 5.9589002239808897 22.932217956287786 21.305292566787102 103.2613693078747 33.959692152202479 2307.9065205172719 92.409611126087839 25.135110194707522 16.093364811014908 35.033954647056817 16.64051087165717 9.9552407436822232 9.3283858443610352 50.707667426322587 26.85025440773461
leaf_count=186045 71016 7052 3169 834 39 394 159 104 495 95372 108 1698 328 167 199 274 1087 1592 3627 6575 213791 2710 3416 2312 7078 1316 2024 355 885 1040
internal_value=3.7575e-05 0.00347504 0.0132797 0.00742562 0.0133434 0.0663283 0.00625829 -0.0335738 -0.00058657 0.00177017 0.0167759 0.0110699 -0.0436934 0.0605207 0.0059853 0.0167951 0.013576 -0.0237925 0.0266697 -0.0021328 -0.00514346 0.00084802 0.0159924 0.0454933 -0.000786994 -0.0433283 -0.0102499 -0.0353183 0.0150874 -0.0737952
internal_weight=9210.93 1415.44 308.689 227.518 196.086 23.1278 172.959 4.59118 7795.49 3088.32 220.314 194.893 18.4463 25.4215 11.2518 176.446 170.488 44.2375 126.25 4707.17 2341.87 2365.3 230.48 108.503 2134.82 51.6745 121.977 61.3138 60.6629 36.1786
internal_count=615261 82767 11751 8582 7748 537 7211 143 532494 104947 9575 9101 2026 474 307 7075 6801 2679 4122 427547 220366 207181 12742 5022 194439 8394 7720 4811 2909 1395
is_linear=0
shrinkage=0.1


Tree=199
num_leaves=31
num_cat=0
split_feature=3 5 20 20 0 4 4 17 4 0 0 1 4 0 4 1 4 3 8 20 1 1 1 4 1 1 6 1 13 4
split_gain=1.36895 2.0649 3.87469 2.53126 2.47359 2.3006 2.36362 2.22761 2.39258 2.03562 2.04296 1.99202 1.77331 2.14043 1.77348 1.61516 1.93044 1.89517 1.61295 1.60948 7.0428 7.95132 12.1229 8.21974 7.63778 7.21494 11.2911 6.00764 5.96709 14.9393
threshold=0.56156716417910457 2.5000000000000004 0.018750557627254524 0.77692050401218449 0.19676855565037307 0.64365671641791067 0.3680348258706469 1.0000000180025095e-35 0.27161069651741304 3.9330218071802223 2.8815361880604184 33.500000000000007 0.094851532567049826 6.1488476732804109 0.07276119402985072 666.50000000000011 0.032950191570881263 0.63992537313432851 1.0000000180025095e-35 0.49550456499008572 352.50000000000006 521.00000000000011 571.50000000000011 0.37334877337450689 326.00000000000006 706.50000000000011 1.0000000180025095e-35 298.50000000000006 1.0000000180025095e-35 0.24210199004975125
decision_type=2 2 2 2 2 2 2 2 2 2 2 2 2 2 2 2 2 2 2 2 2 2 2 2 2 2 2 2 2 2
left_child=19 2 4 5 18 6 -4 11 12 10 15 -3 13 -9 -15 -6 -17 -18 -2 28 24 23 -23 -22 27 26 -24 -21 -1 -30
right_child=1 7 3 -5 9 -7 -8 8 -10 -11 -12 -13 -14 14 -16 16 17 -19 -20 20 21 22 25 -25 -26 -27 -28 -29 29 -31
leaf_value=-0.0043861730518105907 0.052099000053918279 -0.0094468423091095457 0.0074697466169445009 -0.050385033375381166 -0.064281488992848773 0.23060319681479605 -0.11102445205111311 -0.073053061190949009 0.17084176091166958 0.037245344196717413 -0.11928189377253523 0.020264990836355204 -0.086005368889532585 -0.008966287972117187 0.095253066062184311 -0.11892850512437037 -0.076411153459561246 0.042366312831222969 0.36714514799332587 0.015025447073185367 -0.037558428439211457 0.045735899622105114 -0.056078438634306331 0.075638364372090011 0.059716719888211027 0.00030717918716553593 0.05289562587323391 -0.061534937640563697 0.015428364747811145 -0.012278494511353143
leaf_weight=2779.151733549048 1.1225767931900943 26.416187020251527 153.41912778634651 8.136723814532159 11.38788071903401 0.45808563812170078 1.702061765907273 3.7798374042031417 0.62202576673735066 2.8310973377083419 3.8367173916194579 154.77716921741376 4.0983332001778754 6.5414550360292179 2.1759142130613327 1.3022038415074328 1.7787916045926975 5.4871562542393804 0.19001454137469398 142.30238529737835 85.966525073177763 58.332710088903696 48.188973948455896 6.9321806494845069 37.763624142680783 4776.7080854598971 11.845171420776749 11.044831056085966 529.45422983394383 307.70711107815805
leaf_count=281465 214 1154 10726 386 2114 22 1647 338 56 59 127 6274 478 204 69 32 144 98 51 4994 6657 3392 7447 870 1152 200746 392 1237 45468 37504
internal_value=-0.000280784 0.00551621 -0.00188679 0.00398677 -0.0363076 0.00683039 0.00616957 0.012667 -0.0217063 -0.0429147 -0.0524529 0.0159333 -0.0289233 -0.0102038 0.0170476 -0.0396045 -0.00680638 0.0132882 0.097706 -0.000537873 0.000592499 -0.000129317 0.000420708 -0.0291116 0.0194318 -0.000125808 -0.0345771 0.00951119 -0.00215673 0.00524443
internal_weight=9185.46 390.063 191.652 163.716 27.9364 155.579 155.121 198.411 17.2176 26.6238 23.7927 181.193 16.5955 12.4972 8.71737 19.956 8.56815 7.26595 1.31259 8795.4 5179.08 4987.97 4895.07 92.8987 191.111 4836.74 60.0341 153.347 3616.31 837.161
internal_count=615517 24193 15620 12781 2839 12395 12373 8573 1145 2574 2515 7428 1089 611 273 2388 274 242 265 591324 226887 219504 211977 7527 7383 208585 7839 6231 364437 82972
is_linear=0
shrinkage=0.1


Tree=200
num_leaves=31
num_cat=0
split_feature=4 1 1 18 16 1 18 0 0 0 0 1 20 20 20 4 13 0 4 3 0 0 0 12 19 1 0 0 5 1
split_gain=1.40401 2.43831 1.99359 10.384 10.3888 5.04421 7.55331 4.49314 6.41576 2.84634 7.63594 8.84843 5.67669 3.60496 3.58365 3.14272 4.94387 3.3836 2.45779 2.4128 3.31274 4.56427 4.13413 3.45162 4.43043 4.30881 6.07783 5.16726 5.01513 3.94646
threshold=0.41218869731800772 66.500000000000014 24327.500000000004 1.0000000180025095e-35 1.0000000180025095e-35 23098.500000000004 1.0000000180025095e-35 19.210715033053194 29.789300053129214 34.828079358464599 18.735914370530313 28587.500000000004 0.93381963191493456 0.98592335930637953 0.99999855885341915 0.43010057471264374 1.0000000180025095e-35 30.217273527732505 0.42518656716417919 0.22201492537313436 15.922980495134411 19.458346668455334 15.108645180584869 1.0000000180025095e-35 1.0000000180025095e-35 2460.0000000000005 22.077739208933661 28.504126943894985 1.5000000000000002 2049.5000000000005
decision_type=2 2 2 2 2 2 2 2 2 2 2 2 2 2 2 2 2 2 2 2 2 2 2 2 2 2 2 2 2 2
left_child=-1 -2 5 9 7 19 -7 -5 -9 10 11 13 -13 -4 -11 16 17 -12 -14 -3 22 -22 -21 25 -25 26 -23 -27 -29 -28
right_child=1 2 3 4 -6 6 -8 8 -10 14 15 12 18 -15 -16 -17 -18 -19 -20 20 21 23 -24 24 -26 27 29 28 -30 -31
leaf_value=9.2978823626278849e-05 0.083595945481301226 -0.014290685562680676 -0.069774679404777856 -0.22063109997762653 0.040465790967241601 -0.040281160230882559 0.13103773167162044 -0.021922139410880975 -0.24300096310399427 0.022848454897766594 0.035154016023172835 -0.094784434138422358 -0.0035149537728085163 -0.3104015872563754 -0.053835938422585522 -0.089207319673388172 -0.18926645041807461 -0.097619862595146753 0.079981457694828492 0.0026714814238501753 0.045181305671345554 0.048250940703509784 -0.06983025834435487 0.099846581045512181 -0.12831617528348754 -0.01785199283383716 -0.029155419604774992 0.052531795014503668 0.0010218926467630753 -0.13545446829697547
leaf_weight=8537.0061735981217 3.9171766162435224 52.777674421584379 3.0574814591382196 4.1331153497449105 4.6231815767314393 3.8937435331754369 7.5900537353008986 4.4850166582036763 1.8558249017223714 67.599582352093421 8.4192230028856994 2.5889302539108057 4.482289339881393 0.78180532762780774 6.6979450788348904 12.727238927836877 1.4908483470790095 2.486114113475197 16.513815085403621 220.1170193544167 46.406046914828039 9.6026328085936239 8.1562224557237624 7.191991519473957 0.96527672069350945 31.143172554966441 27.681498919278969 44.008385943743633 33.131893384388604 3.9968877617066019
leaf_count=536761 591 27944 167 207 162 204 29 72 34 2362 369 877 36 23 167 793 15 153 145 28052 2966 1106 796 284 403 1513 4946 1299 1839 377
internal_value=0.000432265 0.00494026 0.00445779 -0.00599367 -0.0843936 0.00744474 0.0729496 -0.139506 -0.0866271 0.0033375 -0.0144746 0.0220113 0.0449291 -0.118774 0.0159353 -0.0543021 -0.0184647 0.00488526 0.0621565 0.00589429 0.00835801 0.0176141 8.09881e-05 0.00950305 0.0728473 0.00604825 -0.0214415 0.0165282 0.0304082 -0.0425673
internal_weight=9179.53 642.522 638.605 141.942 15.0971 496.663 11.4838 10.474 6.34084 126.845 52.5477 27.4243 23.585 3.83929 74.2975 25.1234 12.3962 10.9053 20.9961 485.179 432.401 204.128 228.273 157.722 8.15727 149.564 41.281 108.283 77.1403 31.6784
internal_count=614692 77931 77340 5582 475 71758 233 313 106 5107 2578 1248 1058 190 2529 1330 537 522 181 71525 43581 14733 28848 11767 687 11080 6429 4651 3138 5323
is_linear=0
shrinkage=0.1


Tree=201
num_leaves=31
num_cat=0
split_feature=20 0 0 0 8 1 1 1 4 19 4 4 1 3 4 4 0 17 1 3 20 18 4 0 4 3 4 4 20 20
split_gain=3.12809 3.22799 3.13386 2.55584 2.50558 2.87245 4.43192 3.4355 2.51344 2.84033 2.12694 1.93694 1.7227 1.70929 1.7799 4.96764 2.85726 4.84252 4.01429 3.25072 2.12472 2.09552 1.70231 2.94355 1.55494 4.07418 1.94413 2.10738 2.29326 1.99365
threshold=0.96371328872753381 8.4201711490531821 7.6246512480542989 67.68659019904031 1.0000000180025095e-35 3469.5000000000005 3685.0000000000005 3149.5000000000005 0.3109810144678905 1.0000000180025095e-35 0.016666666666666677 0.16417910447761203 1047.5000000000002 0.040702736318407963 0.070857279693486611 0.066858237547892746 45.616441709830262 1.0000000180025095e-35 18911.000000000004 0.32649253731343292 0.98592335930637953 1.0000000180025095e-35 0.40419061302681997 93.267398501328245 0.49813432835820909 0.22201492537313436 0.59060945273631849 0.65357587064676637 0.78149763904404612 0.52115977695809612
decision_type=2 2 2 2 2 2 2 2 2 2 2 2 2 2 2 2 2 2 2 2 2 2 2 2 2 2 2 2 2 2
left_child=24 2 -2 13 5 7 11 8 -5 -10 -6 -7 -12 -3 15 16 17 18 -15 -18 -20 -21 -8 -24 -1 26 -26 29 -29 -28
right_child=1 3 -4 4 10 6 22 -9 9 -11 12 -13 -14 14 -16 -17 19 -19 20 21 -22 -23 23 -25 25 -27 27 28 -30 -31
leaf_value=-0.00042318376725428608 -0.013963502258685992 0.056612235507453902 -0.1555537188609995 -0.013243424662655035 0.1240267850360372 -0.030716217990209828 0.0015028979466723371 0.08595640237339168 0.12480753150224755 -0.069568466447619812 0.051028426640514046 -0.20124379888740918 -0.086437736871327484 -0.11217540271066276 0.012199143078097198 -0.14378291276805977 0.060545251199941766 0.03055311046068836 -0.072092768027644485 -0.074108521838306296 0.016925730564134212 0.013881157653676923 -0.087591644219898415 -0.0063360178071077888 -0.037451315332578693 0.045173442956829631 -0.056415271056356797 0.011523094932887072 -0.04970591320779727 0.045075043497993586
leaf_weight=8293.7252422902275 4.6853179200552395 8.0329478125204314 2.345860585803166 13.554928543569991 0.61985715199261715 1.1489966455847018 201.26712117041461 8.1388438742142153 3.0354011189192525 0.99924951698631037 1.0502621197374535 1.5848068657796828 6.9063036107691005 7.0485576579812941 465.47100308671361 2.5151484601665279 12.595424314495176 11.183542659739034 4.276250676950438 3.6995079792104653 7.1887002559378743 10.085027444642037 5.9677575237583396 17.625527687137946 12.11509993439722 27.094350383871642 2.1907072311023539 17.010519596904491 9.5518956545420206 16.616378192484262
leaf_count=569436 47 119 57 472 6 29 3726 127 53 158 98 68 469 163 6276 63 79 251 79 77 74 159 230 521 7694 7470 3259 8242 1683 2882
internal_value=0.000285184 0.00625539 -0.0612032 0.00685276 -0.00123421 0.0005655 -0.00301476 0.0322366 0.00737999 0.076667 -0.0543925 -0.129572 -0.0682923 0.0108332 0.0101315 -0.00629454 -0.00012796 -0.0214026 -0.0527878 0.0238219 -0.0162768 -0.0097336 -0.0014761 -0.0268891 -0.00028561 0.0132047 -0.00186317 0.00764 -0.010495 0.0332531
internal_weight=9179.33 801.026 7.03118 793.995 261.899 253.323 227.594 25.7284 17.5896 4.03465 8.57642 2.7338 7.95657 532.096 524.063 58.5922 56.077 29.6971 18.5135 26.38 11.465 13.7845 224.86 23.5933 8378.3 84.579 57.4846 45.3695 26.5624 18.8071
internal_count=614067 13401 104 13297 5957 5384 4574 810 683 211 573 97 567 7340 7221 945 882 567 316 315 153 236 4477 751 600666 31230 23760 16066 9925 6141
is_linear=0
shrinkage=0.1


Tree=202
num_leaves=31
num_cat=0
split_feature=3 0 4 0 4 0 3 4 4 3 0 0 17 4 0 4 1 3 4 19 1 4 4 5 3 0 4 1 1 7
split_gain=1.28415 2.82262 5.50012 3.55717 1.90224 2.29379 2.485 2.04092 1.91225 1.47845 2.33586 2.53081 4.16041 2.37174 3.06478 2.96334 2.42114 2.36847 2.49708 2.12754 2.73715 2.44967 2.57304 3.21201 1.99575 4.65495 5.08071 3.37181 3.43291 4.98599
threshold=0.040702736318407963 14.920766595605043 0.011194029850746254 14.529459746242582 0.19657567049808433 26.968050425459641 0.02764303482587065 0.10833333333333332 0.014925373134328368 0.16977611940298512 1.3510479181286497 40.639317029662735 1.0000000180025095e-35 0.048507462686567158 16.733957169254566 0.058860153256704968 3149.5000000000005 0.0552860696517413 0.012954980842911886 1.0000000180025095e-35 2553.5000000000005 0.022388059701492557 0.011194029850746254 1.5000000000000002 0.27425373134328362 6.029524004688974 0.044776119402985114 67494.500000000015 32675.000000000004 2.5000000000000004
decision_type=2 2 2 2 2 2 2 2 2 2 2 2 2 2 2 2 2 2 2 2 2 2 2 2 2 2 2 2 2 2
left_child=1 3 -3 -1 5 8 -7 -8 -4 10 -2 12 17 14 16 -15 -14 18 -12 20 -13 22 23 -21 25 -11 -27 28 29 -28
right_child=9 2 4 -5 -6 6 7 -9 -10 24 11 19 13 15 -16 -17 -18 -19 -20 21 -22 -23 -24 -25 -26 26 27 -29 -30 -31
leaf_value=0.029456889638588668 0.071711747322944372 -0.22454205730597196 0.10374842841160314 0.16462497739640322 -0.017291523853343978 -0.059257590606907919 0.035439292474003799 0.13240808344634239 -0.053570216717620946 -0.077265171768834878 0.019384290838946001 0.11510569357369349 -0.011199316289516871 -0.16244649240876163 0.080722994688457228 -0.01347248219929733 0.064440331114787142 -0.028196640725166356 -0.11568019487883585 -0.082848681945097369 -0.036454309066818548 -0.010625303311476375 0.052984059362708072 0.053721413868892877 -0.00014561010422958474 0.035067644623844124 0.015390357541024403 -0.060528744935032845 0.051451732236250769 -0.033528777192955425
leaf_weight=20.697496460741608 3.5948346140403364 1.085376553935929 0.9469055593945076 2.1491167986278006 18.811339271587713 1.5619072751142073 4.9950625019846466 3.8384178128908388 4.1986203510023188 5.8769948491099049 1.7542000429239113 3.5726388672774183 21.146229342557493 1.4183235544478545 6.4702832093462339 22.794983224908719 5.2904905378818503 62.966490012305258 6.2309287282114383 3.8120470065623548 1.7879332493757827 61.176434211491141 14.329364866949616 3.1411919367965311 8708.0367990057493 66.747298130765557 59.044092037451264 8.4347213998553325 13.914443028625099 32.196106326431618
leaf_count=5225 822 29 15 90 4540 202 61 94 382 4287 73 347 571 102 57 9309 43 8362 1534 78 167 7397 175 42 546155 1901 17950 329 663 3450
internal_value=-3.20156e-05 0.0147641 -0.00290556 0.0421718 0.00409715 0.0299869 0.0570161 0.0775752 -0.0246196 -0.00012664 -0.00823451 -0.0095657 -0.0185313 0.00155622 0.0190354 -0.0221988 0.00393762 -0.034703 -0.0860088 0.00350934 0.0645553 -0.000459186 0.0287631 -0.0211518 7.34405e-05 0.0103171 0.0131713 0.000304542 0.00518413 -0.00187183
internal_weight=9172.02 58.2842 35.4376 22.8466 34.3523 15.5409 10.3954 8.83348 5.14553 9113.74 219.486 215.892 128.072 57.1203 32.907 24.2133 26.4367 70.9516 7.98513 87.8196 5.36057 82.459 21.2826 6.95324 8894.25 186.214 180.337 113.589 105.155 91.2402
internal_count=614452 10638 5323 5315 5294 754 357 155 397 603814 29079 28257 20051 10082 671 9411 614 9969 1607 8206 514 7692 295 120 574735 28580 24293 22392 22063 21400
is_linear=0
shrinkage=0.1


Tree=203
num_leaves=31
num_cat=0
split_feature=1 4 4 4 4 4 0 0 0 20 20 4 10 1 13 1 1 1 18 0 18 6 16 0 0 1 6 11 4 0
split_gain=2.97952 2.4201 1.5823 1.88362 1.73202 1.42568 1.29427 2.80385 1.40913 3.38965 1.22012 2.02002 2.18449 4.97187 2.15846 3.73418 7.10188 4.94677 3.21726 2.51148 1.91406 4.27079 3.83882 2.58291 2.77918 4.12891 2.603 6.88291 2.87572 2.50917
threshold=174508.00000000003 0.33553496883399109 0.28637702293132045 0.27847222222222229 0.17298564648024253 0.15671641791044788 32.057751292829899 22.983669228593588 13.234738271939881 0.99999855885341915 0.98592335930637953 0.11567164179104478 1.0000000180025095e-35 7835.5000000000009 1.0000000180025095e-35 23098.500000000004 33892.500000000007 10045.000000000002 1.0000000180025095e-35 48.497286359547495 1.0000000180025095e-35 1.0000000180025095e-35 1.0000000180025095e-35 30.668783987924492 31.598040432680918 15533.500000000002 1.0000000180025095e-35 1.0000000180025095e-35 0.45409482758620695 11.212210140899963
decision_type=2 2 2 2 2 2 2 2 2 2 2 2 2 2 2 2 2 2 2 2 2 2 2 2 2 2 2 2 2 2
left_child=10 2 3 4 5 -2 7 8 9 -3 -1 12 14 -14 15 17 -17 -12 -16 -20 22 29 23 26 25 -25 28 -28 -13 -22
right_child=1 6 -4 -5 -6 -7 -8 -9 -10 -11 11 20 13 -15 18 16 -18 -19 19 -21 21 -23 -24 24 -26 -27 27 -29 -30 -31
leaf_value=-0.00019404454830295614 0.0037437558693574958 0.067140450614070799 -0.051599959072988089 0.11016999041028996 -0.049268968622207601 0.094881275920134026 0.091320630796453583 -0.065102999497904795 0.07326260617145898 -0.19793155943542637 0.0046976697444484766 0.024070797909475132 0.088386810329714141 -0.14009152666678903 0.028712669246387591 -0.1304721226018194 0.025642558272481894 0.097425314974297503 -0.13136235910480767 -0.017131710897927532 -0.085661370165833362 0.062879011248578254 -0.13527569197929462 0.016543269769390034 -0.0075616164677818126 -0.20721279803493756 0.005160314216166635 -0.18089385964243976 -0.043376083534522006 0.0077305107133685217
leaf_weight=8662.8181479474151 5.9839386886451411 1.557770789193458 4.2280853833071879 1.9205569000914682 4.1226058457395984 2.4068110592197627 5.9707191484048954 2.3032980677671722 9.1688482039608044 0.69884672015905369 9.2519465892110038 72.594830281625036 1.5308398236520577 2.5206888195825741 16.864686851855367 3.2013000508304676 32.466740174801089 15.212924595805815 2.3238549125380841 11.2056641705567 2.9549966510385266 14.538332467665894 2.1788132467481764 1.5808765487745398 164.22244716068963 1.7240498340688644 10.460895715281366 2.4549797708168617 6.9245340414345256 108.72692389448639
leaf_count=606406 153 69 72 12 125 32 35 42 79 34 211 735 16 151 226 72 387 215 58 197 36 147 130 27 3478 42 130 31 85 1703
internal_value=0.000195323 0.0280063 0.00220051 0.0179601 0.00380771 0.0298857 0.052453 0.0355493 0.0558401 -0.0149491 7.86706e-05 0.00497054 0.018076 -0.0537627 0.0212912 0.0322691 0.0116309 0.0623583 -0.000428012 -0.0367522 0.00177893 0.0118962 -0.0030925 -0.00198464 -0.00938879 -0.100181 0.0114345 -0.0302039 0.0181975 0.00525945
internal_weight=9184.12 38.3615 18.662 14.4339 12.5134 8.39075 19.6995 13.7288 11.4255 2.25662 9145.76 482.94 94.5786 4.05153 90.5271 60.1329 35.668 24.4649 30.3942 13.5295 388.362 126.22 262.141 259.963 167.527 3.30493 92.4352 12.9159 79.5194 111.682
internal_count=615136 653 394 322 310 185 259 224 182 103 614483 8077 1533 167 1366 885 459 426 481 255 6544 1886 4658 4528 3547 69 981 161 820 1739
is_linear=0
shrinkage=0.1


Tree=204
num_leaves=31
num_cat=0
split_feature=2 4 0 2 2 20 0 2 2 6 2 0 0 20 3 0 6 20 0 2 2 7 20 4 4 2 2 20 20 19
split_gain=1.35452 2.68767 3.80848 3.29932 2.51733 5.66213 2.48569 2.4309 2.34817 2.30939 2.21047 4.15279 2.18914 2.52191 2.0776 2.0312 2.78799 2.32921 1.8922 4.43863 8.24934 5.45126 6.6063 5.24486 5.0721 4.06157 3.96154 5.23829 4.94663 4.555
threshold=4.4005842009683471 0.27694859038142633 3.7711572435287377 4.1026092131977068 4.6200466650627661 0.057527242825011898 6.3839766238424192 3.9607678160667752 3.5408542930527882 1.0000000180025095e-35 3.3140206880897671 0.68944780498555891 9.9901361248674103 0.10747110496006158 0.69216417910447781 11.534016257491627 1.0000000180025095e-35 0.037024150506160876 13.411604758315073 8.0805457684317705 7.8456113098779339 1.7500000000000002 0.68664547289247635 0.36628352490421462 0.14552238805970158 8.2621708936589169 7.8300273710961923 0.81844470631648092 0.80921537523939091 1.0000000180025095e-35
decision_type=2 2 2 2 2 2 2 2 2 2 2 2 2 2 2 2 2 2 2 2 2 2 2 2 2 2 2 2 2 2
left_child=1 3 10 7 5 -2 8 15 -4 -10 -3 -12 -8 -14 -9 17 -17 -1 19 20 26 22 -22 24 -24 -21 27 28 29 -6
right_child=4 2 6 -5 18 -7 12 14 9 -11 11 -13 13 -15 -16 16 -18 -19 -20 25 21 -23 23 -25 -26 -27 -28 -29 -30 -31
leaf_value=-0.0051719694578957953 -0.052679681924149104 0.030126003079115383 -0.0041553002175167553 0.016577893805827661 -0.0056304944178681947 0.05024590646962656 -0.035814263032862212 -0.051935513213408058 0.07490222124806728 -0.084094225063532035 -0.098693559606564452 0.0010532696234818873 0.096610497598115699 -0.040417303815241758 0.0028071259001580281 -0.12392756496554246 0.14808153539389224 0.029316468618595878 0.00029588140373774301 -0.036911046240742193 -0.071040705353917072 0.053675263496883133 0.012612133485149862 0.068737980523194103 -0.15841369512424286 -0.0084613010139292719 -0.098188283580291996 0.039093364163878451 -0.13498149284920199 0.0039145196810190337
leaf_weight=152.63773318809672 23.680849422278701 20.377096817072015 5.2772912588116041 86.972107776050507 1567.7288466183745 6.902791552936832 6.5887554873479512 19.755622224529361 24.845625588284751 0.94840030069462855 4.6893102669328064 37.974995435120945 3.7971203159540892 2.0782152529427549 10.681150138931118 2.5537070498830867 0.4420360093936323 22.464184887703595 5954.218743567857 60.300490053312387 9.3735681653870397 44.414211171635543 7.2814042223617452 13.471458824817089 2.2761171667370945 299.01134363384335 4.3080317528219885 30.313452853413764 2.8255268939537919 734.05610674222589
leaf_count=16909 7227 1215 283 7773 157553 1438 443 4629 862 66 1681 4893 71 306 551 193 12 2888 293363 2652 1963 1208 138 376 162 14852 313 564 101 90529
internal_value=-0.000549122 0.00512618 0.0187401 0.000216222 -0.000809613 -0.0294492 0.0414877 -0.00660764 0.0566216 0.0690562 0.00303092 -0.00991008 0.00376076 0.0481412 -0.0327247 -0.00214424 -0.0837913 -0.000747377 -0.000709276 -0.00286573 -0.0013235 0.0309217 -0.000266587 0.0285409 -0.0281176 -0.0132358 -0.00238238 -0.00220562 -0.00274884 -0.00258652
internal_weight=9162.25 402.083 106.577 295.507 8760.16 30.5836 43.5354 208.534 31.0713 25.794 63.0414 42.6643 12.4641 5.87534 30.4368 178.098 2.99574 175.102 8729.58 2775.36 2416.05 76.8168 32.4025 23.029 9.55752 359.312 2339.23 2334.92 2304.61 2301.78
internal_count=615214 42775 9820 32955 572439 8665 2031 25182 1211 928 7789 6574 820 377 5180 20002 205 19797 563774 270411 252907 3847 2639 676 300 17504 249060 248747 248183 248082
is_linear=0
shrinkage=0.1


Tree=205
num_leaves=31
num_cat=0
split_feature=8 5 19 20 0 4 0 4 4 2 20 2 4 0 17 4 2 3 4 20 2 4 4 2 2 0 2 2 2 20
split_gain=1.18264 5.68375 5.31334 7.713 12.9105 10.3935 8.97563 7.72456 6.92654 6.57136 10.7021 10.6569 10.3906 8.2445 7.3474 17.7227 12.687 15.4885 11.4393 11.698 10.3204 20.5576 6.61868 6.51638 6.37923 10.5678 10.2878 8.33461 15.8062 6.2742
threshold=1.0000000180025095e-35 2.5000000000000004 1.0000000180025095e-35 0.85965504547710581 16.946241795626953 0.26247605363984677 0.52239682280036837 0.16728855721393032 0.32419082747183631 6.8829500287054701 0.52642975449311058 6.7575093952856955 0.2992537313432837 6.8638254622722243 1.0000000180025095e-35 0.40357587064676625 7.2445845309701786 0.49813432835820898 0.39412134728655579 0.68664547289247635 7.4627884983387505 0.20457375478927206 0.22856800766283528 6.7147769581220773 7.4627884983387505 40.639317029662735 7.3158755469430679 7.0829675041017461 7.0707150840515016 0.88911681117536079
decision_type=2 2 2 2 2 2 2 2 2 2 2 2 2 2 2 2 2 2 2 2 2 2 2 2 2 2 2 2 2 2
left_child=-1 2 9 4 6 -5 8 -6 -4 11 -11 22 -13 -12 18 16 17 -16 24 -20 21 -18 23 -2 25 26 -15 28 -27 -7
right_child=1 -3 3 5 7 29 -8 -9 -10 10 13 12 -14 14 15 -17 20 -19 19 -21 -22 -23 -24 -25 -26 27 -28 -29 -30 -31
leaf_value=0.00069948951659695182 -0.0046740624994782744 -0.010206746643075269 0.043979529330158827 0.065876595565618465 0.00017273492660293985 -0.056557629732910279 0.026311195413338564 -0.064350471623871752 1.0287343814699843 -0.06054268758899202 0.067928226328621402 0.04639160614428002 -0.060116590457235081 0.027111188439548697 0.023888212700706592 0.031524543939822888 0.05437015717889887 -0.14800614499123954 0.055923298839122421 -0.080846625151951804 -0.051843851716751078 -0.14633646387094165 0.0071681466470173774 -0.063943128175959318 0.030520674602643062 -0.038180801231032388 -0.080292828517857462 -0.060466036390381783 0.10276356928200164 0.022113648645450082
leaf_weight=6100.4917757244848 814.82505977955043 625.91490585356041 0.12997657581581634 53.059837302425876 39.096102390467422 12.946988912764935 74.009277236138587 35.312990949689265 0.15856163229909725 40.048448658941197 14.342241257501881 83.532728293139371 10.287582366092463 99.155639598611742 7.0181236349017153 40.179007076112612 27.358486689452548 20.710879604332149 7.938833297463133 29.459125683177263 62.116452715708874 6.2734773680203935 699.37264566848989 18.982433898490854 81.814602717524394 26.692480526166037 9.7996989765670133 42.903226961498149 11.335694081149994 46.714444172626827
leaf_count=405549 62783 42938 55 738 2162 711 10008 5893 16 4414 457 1899 1484 3169 424 2468 355 1419 457 1872 2001 223 55867 865 1318 1409 442 2314 162 961
internal_value=-0.000103605 -0.00171442 0.000486083 0.0139489 -0.00100565 0.0336776 0.0284814 -0.0304486 0.585136 -0.00114777 -0.010851 0.00199608 0.0347128 -0.00676547 -0.00903149 -0.0261644 -0.0449361 -0.1045 3.97329e-05 -0.0518131 -0.0276862 0.0169317 -5.9574e-06 -0.00602338 0.00717695 -0.00288093 0.017451 -0.0302532 0.00383284 0.00504138
internal_weight=9141.98 3041.49 2415.58 261.428 148.707 112.721 74.2978 74.4091 0.288538 2154.15 527.146 1627 93.8203 487.098 472.756 163.656 123.477 27.729 309.099 37.398 95.7484 33.632 1533.18 833.807 271.701 189.887 108.955 80.9314 38.0282 59.6614
internal_count=614833 209284 166346 20544 18134 2410 10079 8055 71 145802 22904 122898 3383 18490 18033 6890 4422 1843 11143 2329 2579 578 119515 63648 8814 7496 3611 3885 1571 1672
is_linear=0
shrinkage=0.1


Tree=206
num_leaves=31
num_cat=0
split_feature=8 5 19 0 4 20 1 20 1 4 1 0 4 4 1 20 20 20 1 1 3 1 0 1 1 1 20 20 18 19
split_gain=1.56787 3.88445 4.79457 6.62699 9.04114 9.06713 5.91311 13.242 6.51577 5.27106 4.69816 5.45995 4.50725 6.02093 7.00996 4.58144 5.10908 5.58104 4.36554 4.35752 4.30465 4.44225 4.472 4.15799 27.7148 9.82854 9.66707 7.57443 6.56389 5.82616
threshold=1.0000000180025095e-35 2.5000000000000004 1.0000000180025095e-35 3.3771499773284614 0.21257183908045982 0.81404674505359609 1760.5000000000002 0.68664547289247635 1503.0000000000002 0.44493159203980109 2088.5000000000005 10.896377728113045 0.41333955223880608 0.33271144278606973 2460.0000000000005 0.91565628707710289 0.7677425132426462 0.88911681117536079 566.00000000000011 2460.0000000000005 0.48320895522388069 66.500000000000014 11.534016257491627 436.50000000000006 456.50000000000006 407.50000000000006 0.035652490117793111 0.027183335588928211 1.0000000180025095e-35 1.0000000180025095e-35
decision_type=2 2 2 2 2 2 2 2 2 2 2 2 2 2 2 2 2 2 2 2 2 2 2 2 2 2 2 2 2 2
left_child=-1 2 10 18 5 -5 7 8 -6 12 -2 -12 13 14 -8 16 -14 -18 -4 20 -3 22 -22 25 29 26 -23 -27 -28 -25
right_child=1 19 3 4 6 -7 9 -9 -10 -11 11 -13 15 -15 -16 -17 17 -19 -20 -21 21 23 -24 24 -26 27 28 -29 -30 -31
leaf_value=0.0010496294373189467 -0.00037291607768752595 0.034009453782993512 0.088484592454772193 -0.0057485385179283886 -0.0097032090329258417 0.054309551142040384 0.040403709602791257 -0.0904416367941836 0.12935104042588838 -0.079955128534602071 0.033410337434077661 -0.030762650846346058 0.15433794425664571 -0.05629676598863205 -0.2005271327426098 0.12644035702532491 -0.15465019996203153 0.039105331544430369 0.011599527998542821 -0.10862867277679895 0.012477859409085737 -0.038240467346428206 -0.11306584520032835 0.011910800375332658 -0.01939152601228614 -0.025278760222274117 -0.015560837788622354 -0.18117805710817581 0.028354047414554523 0.1041686814286206
leaf_weight=6124.5134268465563 2033.4165556872258 23.401598574413583 17.899381856346739 43.429364599200198 36.402367993814551 59.684197274094913 25.52676042003441 24.243902418282232 3.7135018995322744 5.7080903384776311 15.445168412072233 93.63315628633427 2.1026268017303646 11.971398094632603 1.2675883050542314 6.9963066810742012 2.2070906617445871 4.554330793209374 12.572204590745967 4.3387241711607194 101.86474655997881 123.67494786376483 2.9186376258730879 9.4183474264573288 169.67654960550135 5.8651522993459348 99.564592318049108 6.6499015026492998 51.71435849298723 25.0528937545605
leaf_count=405719 142451 4280 1950 3822 5510 940 683 3071 439 380 317 2966 65 683 55 53 233 70 2534 344 6305 11855 123 212 12829 362 4735 365 930 358
internal_value=0.000129649 -0.00173303 9.4122e-05 0.0129652 0.00710681 0.0290143 -0.0110092 -0.0320935 0.00316896 0.0114819 -0.00145749 -0.0216759 0.0210365 0.00266315 0.0290057 0.0659444 0.0181956 -0.0241411 0.0567628 -0.00876121 -0.00806212 -0.00971292 0.00898096 -0.0136973 -0.00278416 -0.0214474 -0.0175025 -0.108116 -0.000548636 0.0789617
internal_weight=9149.43 3024.91 2400.77 258.279 227.808 103.114 124.694 64.3598 40.1159 60.3342 2142.49 109.078 54.6261 38.7657 26.7943 15.8604 8.86405 6.76142 30.4716 624.14 619.802 596.4 104.783 491.617 204.148 287.469 274.954 12.5151 151.279 34.4712
internal_count=614639 208920 166222 20488 16004 4762 11242 9020 5949 2222 145734 3283 1842 1421 738 421 368 303 4484 42698 42354 38074 6428 31646 13399 18247 17520 727 5665 570
is_linear=0
shrinkage=0.1


Tree=207
num_leaves=31
num_cat=0
split_feature=3 17 20 20 8 4 4 4 4 3 1 3 20 3 4 4 4 5 4 5 20 4 4 4 4 20 4 1 5 4
split_gain=2.25385 2.77309 3.7464 4.17494 3.37685 2.5893 2.43567 4.68757 3.47985 3.29825 2.26859 2.10777 2.21878 2.03542 2.77848 3.2099 3.30503 2.70605 3.1762 2.2374 1.98523 1.97036 1.93997 1.89226 2.31526 1.83393 1.77872 1.76084 1.75768 1.83075
threshold=0.16977611940298512 1.0000000180025095e-35 0.71094166581115481 0.77692050401218449 1.0000000180025095e-35 0.51184701492537321 0.020833333333333325 0.011194029850746254 0.62593283582089565 0.12363184079601992 3873.5000000000005 0.19589552238805971 0.97394144385072001 0.06834577114427863 0.30838122605363993 0.07885536398467434 0.029508706467661686 1.0000000180025095e-35 0.022388059701492557 1.5000000000000002 0.67673906224717384 0.040637330588437111 0.052238805970149259 0.070857279693486611 0.49813432835820909 0.00015178034940451041 0.048507462686567158 3230.0000000000005 1.0000000180025095e-35 0.070857279693486611
decision_type=2 2 2 2 2 2 2 2 2 2 2 2 2 2 2 2 2 2 2 2 2 2 2 2 2 2 2 2 2 2
left_child=1 13 6 4 23 11 7 -3 20 10 -10 12 28 25 15 16 17 18 -15 -18 -8 -21 -23 -4 -25 -1 -14 -27 29 -2
right_child=5 2 3 -5 -6 -7 8 -9 9 -11 -12 -13 26 14 -16 -17 19 -19 -20 21 -22 22 -24 24 -26 27 -28 -29 -30 -31
leaf_value=0.1155889427702308 0.069341093941800228 -0.1107949367299098 0.042286851532387079 -0.0025103491248893964 0.10294173413463444 0.026036793734831185 -0.040993944207642519 0.073361933136876931 -0.0618292485997749 0.16143294442906936 0.27155347931387702 -5.1296145057928869e-05 0.094374273205014986 -0.060662804857531873 -0.063066427336698649 0.022125331130787632 -0.056400089142412374 0.010053639978884057 0.062203118435294739 -0.093913533624120693 -0.14854464109756083 0.091249125211373627 -0.02675630946381204 -0.16127916446990831 0.049356483400958065 -0.029670634626226589 0.016682367762945582 0.0056513214713704157 -0.017782602849336981 -0.066184754968509049
leaf_weight=1.2996140714003548 5.6515081743709805 1.806090419646355 7.9448368400335312 22.675425296460162 9.5848882997161127 38.481026058710995 18.209323115635023 5.8892399217002094 1.9538426620165417 1.6175652927449835 0.22792340195155691 8800.2339970390476 6.6362957656383497 13.126669762305935 15.436506438618379 17.019971209394498 34.395522346298094 31.022736298851669 2.5056076119653872 1.5681869930122037 1.8948558031624987 2.8209394162986428 2.7524046234320849 1.1349369375529934 0.96600185218267132 19.652385454548494 5.300529450236354 50.074195338631398 12.245685531859634 1.2101850337130597
leaf_count=155 183 87 74 2231 779 8889 6388 118 2298 726 59 564791 32 538 7656 2312 1915 745 56 66 482 71 120 196 453 9683 77 2486 857 369
internal_value=-0.00011855 -0.00919589 0.00726035 0.0267186 0.0604811 0.000153246 -0.0187914 0.0301404 -0.0345441 0.0532244 -0.0270016 4.04617e-05 0.0260515 -0.015541 -0.0234477 -0.0176349 -0.0253081 -0.00704217 -0.0409693 -0.0458246 -0.0511308 0.00510956 0.032972 0.0199685 -0.0644299 -0.00211038 0.0598753 -0.00430415 0.00492092 0.0454386
internal_weight=9135.34 265.58 73.9049 42.3061 19.6307 8869.76 31.5988 7.69533 23.9035 3.79933 2.18177 8831.28 31.0442 191.675 120.649 105.212 88.1921 46.655 15.6323 41.5371 20.1042 7.14153 5.57334 10.0458 2.10094 71.0262 11.9368 69.7266 19.1074 6.86169
internal_count=614892 39694 13891 3733 1502 575198 10158 205 9953 3083 2357 566309 1518 25803 13479 5823 3511 1339 594 2172 6870 257 191 723 649 12324 109 12169 1409 552
is_linear=0
shrinkage=0.1


Tree=208
num_leaves=31
num_cat=0
split_feature=1 1 20 20 20 0 5 0 7 1 1 7 20 7 1 20 0 20 1 0 5 0 1 0 20 20 20 5 5 20
split_gain=1.10179 5.54581 4.05501 3.54825 3.8245 3.49003 2.51384 2.43518 4.5114 2.25166 2.91182 5.94147 11.8277 5.33157 4.60132 4.26276 8.16323 3.67234 3.62098 5.57302 3.32949 3.20969 2.83408 6.11458 3.16512 2.73791 3.87962 3.45267 2.69099 2.64442
threshold=4575.5000000000009 5853.5000000000009 0.90454357557504406 0.74876153002464563 0.22849665766322161 106.70516706979716 1.0000000180025095e-35 12.876712585216536 1.7500000000000002 6201.5000000000009 7835.5000000000009 2.5000000000000004 0.52642975449311058 1.7500000000000002 8612.5000000000018 0.88911681117536079 36.584111632772526 0.61401581934296112 6608.5000000000009 37.849463689644921 1.5000000000000002 36.584111632772526 10045.000000000002 64.033483955566041 0.075827744083013349 0.88911681117536079 0.68664547289247635 1.0000000180025095e-35 1.5000000000000002 0.69150269515457052
decision_type=2 2 2 2 2 2 2 2 2 2 2 2 2 2 2 2 2 2 2 2 2 2 2 2 2 2 2 2 2 2
left_child=2 3 -1 4 6 -4 -2 -5 -9 -3 11 13 20 17 15 -12 -17 -11 19 -19 -13 -14 23 24 -16 26 27 -20 -29 -28
right_child=1 9 5 7 -6 -7 -8 8 -10 10 14 12 21 -15 22 16 -18 18 25 -21 -22 -23 -24 -25 -26 -27 29 28 -30 -31
leaf_value=-0.00027794914309054532 0.11689394875862245 0.02481036547457589 0.012807081901101894 0.037984351210158834 -0.098500320539993774 -0.017879819379147396 -0.034267784900778857 -0.011029615577589027 -0.095930081697273684 -0.13718377940794133 0.0496801308206401 -0.057864769844330803 0.0060105095102307559 -0.083807654612493565 -0.1107593825542067 -0.10512963958207311 0.02457858741728125 -0.078146682535880446 0.00089254724262968809 -0.0066422936534326973 0.00056771285265099002 0.10042695637861232 0.00019990052700915892 0.019118307592450142 -0.021524232068025818 -0.025892853198562927 0.14838191481480673 -0.1444305549896851 0.0015452088428592071 0.019415213823354566
leaf_weight=6316.8509196667728 1.1588000205811138 33.396687717686291 382.2758287487959 8.7461439830658474 10.937031091787501 41.040419939381536 21.738791773095727 85.88214237766806 6.7507767745846641 2.5183469966614203 35.120906429598108 12.470635893929282 4.7429439721163389 13.245973052224143 4.1081232048745724 6.0783610425423857 24.050243694335222 19.982390902820043 10.538065526379798 23.981193451210856 44.721596905845217 14.948482868727295 1752.1942748564124 43.285584520373959 122.50451403397892 37.005793799879029 1.6528522451408196 3.7909701988100997 1.8936583776958285 41.758771836874075
leaf_count=525100 24 2117 8057 142 1382 2461 821 2833 1041 264 1098 621 54 520 630 198 576 1055 335 603 1393 143 55322 1170 4301 988 31 143 58 1502
internal_value=-0.000297058 -0.00214223 0.000357006 -0.021813 -0.0498538 0.00983199 -0.0266178 -0.0124546 -0.0172169 -0.000962211 -0.00134982 -0.0119197 0.0108413 -0.023111 -0.000109242 0.0260066 -0.00158968 -0.0174935 -0.0153497 -0.0391426 -0.0121734 0.0776855 -0.000995799 -0.0133273 -0.0244196 -0.00452583 0.00873337 -0.0329908 -0.0958032 0.0243255
internal_weight=9129.37 2389.2 6740.17 135.214 33.8346 423.316 22.8976 101.379 92.6329 2253.99 2220.59 233.252 76.8837 156.368 1987.34 65.2495 30.1286 143.122 140.604 43.9636 57.1922 19.6914 1922.09 169.898 126.613 96.6401 59.6343 16.2227 5.68463 43.4116
internal_count=614983 79365 535618 6243 2227 10518 845 4016 3874 73122 71005 7710 2211 5499 63295 1872 774 4979 4715 1658 2014 197 61423 6101 4931 3057 2069 536 201 1533
is_linear=0
shrinkage=0.1


Tree=209
num_leaves=31
num_cat=0
split_feature=6 10 5 0 4 17 4 1 1 1 0 1 0 0 0 4 0 4 0 1 0 0 1 4 0 4 4 7 0 4
split_gain=1.46954 4.82081 4.83859 4.18316 3.55743 8.2685 4.71216 4.6998 5.96428 5.86809 3.60252 3.52688 8.4312 3.92003 3.78768 3.44269 3.17609 8.44312 4.00251 3.61093 3.16635 3.17086 2.88199 2.8191 2.65339 2.63936 2.70611 2.62636 2.4232 2.18139
threshold=1.0000000180025095e-35 1.0000000180025095e-35 2.5000000000000004 42.18679277863135 0.39962686567164191 1.0000000180025095e-35 0.30150254474752686 1723.5000000000002 1936.0000000000002 643.50000000000011 24.838949403228479 4509.0000000000009 28.913651331014915 26.21940392294896 53.990770619285101 0.19657567049808433 17.172010857955797 0.32481343283582104 14.920766595605043 826.50000000000011 21.787407554265702 21.253261803700934 94197.000000000015 0.094851532567049826 13.411604758315073 0.32419082747183631 0.070857279693486611 2.5000000000000004 19.458346668455334 0.32481343283582104
decision_type=2 2 2 2 2 2 2 2 2 2 2 2 2 2 2 2 2 2 2 2 2 2 2 2 2 2 2 2 2 2
left_child=-1 22 4 -4 6 -6 7 9 -9 10 15 13 27 20 -15 -3 17 -8 24 -18 21 -10 -2 -5 -19 26 -24 -13 -21 -27
right_child=1 2 3 23 5 -7 16 8 11 -11 -12 12 -14 14 -16 -17 19 18 -20 28 -22 -23 25 -25 -26 29 -28 -29 -30 -31
leaf_value=-0.00037310330516332572 -0.00075495848049615764 0.018296364458040369 0.061042289507828064 0.10927137580456246 0.084032524121381041 -0.089401446918483146 0.060927423038657808 0.063080797144893938 -0.051881898054648601 -0.064725236379246293 0.11578101234309364 0.057221291872473226 -0.022272792972654776 0.017465118209460985 -0.12200423683991191 -0.037862679219005407 0.12341585975271832 -0.071391400950781295 -0.2254939907617832 -0.073303942109653922 -0.13836375899618417 0.114752656789307 0.039134165698927102 -0.075722909809546768 0.064216608002352835 0.18067104072632562 -0.04338810770545086 -0.015199469413424462 0.047327571474417705 0.052671228499452417
leaf_weight=7729.4746409230229 1075.2151249510571 26.271124535596755 32.370779111515731 1.0401315535418678 3.8313155537471149 9.7299437668989412 12.163157014932951 22.074399565113708 9.3434128832304832 18.542918796883896 2.6113230115734032 37.274842625920428 28.982028254773468 23.447930694324899 2.1235721986740819 18.675813406342058 6.3161832671612492 5.992459797234913 1.3428381676785646 1.7645192167256052 3.7507922761142245 1.3009534683078516 12.866916724713525 3.9596550624119118 1.9004891458898781 1.8003290856431693 5.7493989544745991 5.784700392978265 29.584829917643219 5.1118741233949549
leaf_count=532512 70437 1969 896 13 195 1000 360 437 381 1271 35 848 754 495 72 1145 75 565 99 88 160 21 184 140 70 8 288 133 517 121
internal_value=0.00016863 0.00313641 0.0141479 0.0478935 0.00952524 -0.040403 0.012137 0.00481379 0.0155721 -0.0170088 0.00159576 0.00620915 0.019426 -0.0176148 0.00588296 -0.00503817 0.0369571 0.00619193 -0.0658925 0.0544357 -0.0593561 -0.0315158 3.34808e-05 -0.0372376 -0.0387393 0.0332411 0.0136483 0.0474921 0.0405377 0.0860096
internal_weight=9140.4 1410.92 310.18 37.3706 272.81 13.5613 259.248 200.184 134.083 66.1012 47.5583 112.008 72.0416 39.9667 25.5715 44.9469 59.0645 21.3989 9.23579 37.6655 14.3952 10.6444 1100.74 4.99979 7.89295 25.5285 18.6163 43.0595 31.3493 6.9122
internal_count=615289 82777 11739 1049 10690 1195 9495 7721 3301 4420 3149 2864 1735 1129 567 3114 1774 1094 734 680 562 402 71038 153 635 601 472 981 605 129
is_linear=0
shrinkage=0.1


Tree=210
num_leaves=31
num_cat=0
split_feature=4 15 20 1 1 20 20 13 5 1 1 1 1 1 0 4 1 1 0 1 1 20 1 14 1 1 4 20 0 0
split_gain=1.51077 2.40951 2.59631 1.92427 2.65449 4.04965 5.99192 5.42016 4.47383 2.79321 3.59688 6.38968 4.9962 5.14439 6.25004 3.95354 4.45056 5.9371 3.95293 3.6357 6.90316 3.57509 3.58654 3.45306 3.42595 3.17083 3.11511 3.04014 4.18457 4.57414
threshold=0.42518656716417919 1.0000000180025095e-35 0.67673906224717384 289.50000000000006 478.50000000000006 0.50044079361139437 0.055520433039996923 1.0000000180025095e-35 1.0000000180025095e-35 728.00000000000011 1004.0000000000001 978.50000000000011 1631.0000000000002 1936.0000000000002 10.896377728113045 0.4641019042717448 2354.5000000000005 2553.5000000000005 11.054770101423832 5853.5000000000009 2915.5000000000005 0.98592335930637953 24327.500000000004 1.0000000180025095e-35 800.50000000000011 931.00000000000011 0.42815377137302008 0.81404674505359609 10.441516387208273 8.6941201527862315
decision_type=2 2 2 2 2 2 2 2 2 2 2 2 2 2 2 2 2 2 2 2 2 2 2 2 2 2 2 2 2 2
left_child=-1 3 -3 -2 5 6 8 -7 -5 -6 11 24 18 14 -14 16 -15 -18 -12 20 -17 -19 -23 -20 -11 26 -26 -21 29 -29
right_child=1 2 -4 4 9 7 -8 -9 -10 10 12 -13 13 15 -16 19 17 21 23 27 -22 22 -24 -25 25 -27 -28 28 -30 -31
leaf_value=-0.00038396576907780849 -0.03639171131145183 0.012738599237968651 0.11879699736099369 0.17537041794889516 -0.035472789205741075 0.055241050069421628 -0.064642452650951504 0.26186761572718681 -0.082178118669968908 0.055214788873344058 -0.074153692930853221 0.10307683215224772 0.086375872126635334 -0.060404519208864374 2.8484068777252326e-05 0.0055669300061509525 0.076298599907475728 0.0014821219384592906 -0.015576044960523059 0.022454641716222315 -0.075813910896051828 0.065379827963430781 0.0063520682084152874 0.16602658521483715 0.12790873074118744 0.035359853271781282 -0.082879608202846733 -0.029338759381340382 -0.0044452418715430278 -0.20929725108700184
leaf_weight=8627.3367951816217 11.345149911138831 5.8228916055522841 3.8239474156871438 2.4175265596713893 17.405505409417856 6.869712946310754 5.7575552329653874 1.557310896925628 0.93545080869262154 9.1158349987636047 13.653243446513441 10.165792340012556 17.024060521325737 7.9581857291523184 16.514503434549624 21.273614201043529 14.95734760709456 117.19630620155112 26.781125827123109 39.75345234024644 20.436228548729559 20.496701532043517 20.678090395405889 1.0896321609616268 0.77383536961860766 5.4327209862967711 7.459179563798898 4.2118211807246544 63.144849061456625 2.1250516797590535
leaf_count=547460 5928 168 64 144 10188 990 3813 35 1269 3875 3279 603 779 958 2408 3744 474 6177 7776 2557 3778 134 197 31 83 1290 3747 168 2613 167
internal_value=-7.53648e-05 0.00529048 0.0547795 0.00430922 0.00528096 0.0434614 -0.00275433 0.0934256 0.103517 0.00381784 0.00537125 0.0371518 0.00280042 0.00653216 0.0438581 0.00276412 0.0127182 0.0160755 -0.0300712 -0.00919079 -0.0343066 0.0103877 0.0357359 -0.00847613 0.00773413 -0.0239382 -0.0630672 0.000399307 -0.0122195 -0.0896873
internal_weight=9123.51 496.177 9.64684 486.53 475.185 17.5376 9.11053 8.42702 3.35298 457.647 440.242 32.9474 407.294 365.77 33.5386 332.232 181.287 173.328 41.524 150.945 41.7098 158.371 41.1748 27.8708 22.7816 13.6657 8.23301 109.235 69.4817 6.33687
internal_count=614897 67437 232 67205 61277 6251 5226 1025 1413 55026 44838 9598 35240 24154 3187 20967 7940 6982 11086 13027 7522 6508 331 7807 8995 5120 3830 5505 2948 335
is_linear=0
shrinkage=0.1


Tree=211
num_leaves=31
num_cat=0
split_feature=1 0 0 7 20 4 0 4 1 0 15 4 20 1 4 20 4 1 1 1 19 13 1 1 1 1 20 20 5 7
split_gain=1.30858 1.93068 2.22554 3.0219 2.02817 2.63551 1.98615 1.89518 1.34094 1.92672 2.76392 5.84 2.94652 2.48057 3.61624 2.41404 4.08372 2.36316 15.169 6.56517 5.63602 7.99479 8.69219 24.1252 7.18976 7.75696 5.4861 5.80423 5.33001 5.30886
threshold=174508.00000000003 20.207739069736764 19.210715033053194 3.5000000000000004 0.97394144385072001 0.35245646766169164 40.639317029662735 0.33553496883399109 80.500000000000014 14.156343067793001 1.0000000180025095e-35 0.43010057471264374 0.19241669273147513 132.50000000000003 0.34850746268656724 0.31535310990944715 0.20457375478927206 706.50000000000011 701.00000000000011 1518.0000000000002 1.0000000180025095e-35 1.0000000180025095e-35 448.50000000000006 456.50000000000006 305.50000000000006 153.00000000000003 0.72044748797222335 0.80921537523939091 1.0000000180025095e-35 1.2500000000000002
decision_type=2 2 2 2 2 2 2 2 2 2 2 2 2 2 2 2 2 2 2 2 2 2 2 2 2 2 2 2 2 2
left_child=8 2 3 -2 -3 7 -7 -6 -1 17 13 12 -12 14 15 16 -11 18 20 26 -10 22 28 -24 25 -23 -19 -28 -22 -30
right_child=1 4 -4 -5 5 6 -8 -9 9 10 11 -13 -14 -15 -16 -17 -18 19 -20 -21 21 24 23 -25 -26 -27 27 -29 29 -31
leaf_value=0.005852397066657594 0.046848022936702351 -0.093846651198857239 0.13137515281326756 -0.11993414932569975 0.01183351470416801 -0.1183354086832888 0.014464687953469663 0.095924002423166885 -0.0049775140062718829 0.02777860703355128 0.1080117444179251 0.090916646693657288 -0.054714653593685207 0.0010015068878071254 0.11485502963167356 0.026555398418033511 -0.10907451382020553 -0.018268426296286059 0.052838667756412272 0.00053841478386613495 0.13862714523965622 -0.031876447592388578 0.09839651186386289 -0.0052061918130247064 0.015092925468014313 0.095883861753774488 0.035702507530626169 -0.11679660274184632 -0.015894627184366895 0.021501007928215271
leaf_weight=407.53955354347272 10.280715803441122 2.045613624854016 2.6186379527207455 1.2147414371138445 13.055756187764933 2.4401364750228813 2.0914897946640849 3.3724453914910546 1273.01666396991 5.0405693486100045 1.1674961217213482 3.4974784096702924 23.72523670096416 5706.8204470948986 3.9732372986618421 37.496539139363449 3.8427488091983832 413.75577776170394 52.994443536939798 671.20555289713411 2.4427711453899965 5.8399318723240894 31.665706194937229 77.453680320216336 75.243385969195515 25.515610011760145 31.267635360258282 2.7122977188555515 230.63380883552418 45.442907773191109
leaf_count=42794 241 73 19 50 201 56 16 11 133777 116 22 62 2448 279905 79 536 125 56109 1330 38787 244 335 437 17960 2433 475 1393 140 33703 1280
internal_value=0.000321865 0.0190596 0.0481764 0.0292239 0.00119616 0.010472 -0.0570439 0.0290959 0.000245703 -1.619e-05 0.001043 -0.0300821 -0.0470826 0.00119649 0.0232946 0.0154509 -0.0314214 -0.00210112 0.000122038 -0.00571767 -0.00145877 0.00760452 0.000934944 0.0248586 0.0318579 0.0720887 -0.0150962 0.0235299 -0.00843796 -0.00973921
internal_weight=9169.41 37.1195 14.1141 11.4955 23.0054 20.9598 4.53163 16.4282 9132.29 8724.75 5785.56 28.3902 24.8927 5757.17 50.3531 46.3799 8.88332 2939.19 1820.25 1118.94 1767.25 494.238 387.639 109.119 106.599 31.3555 447.736 33.9799 278.519 276.077
internal_count=615157 667 310 291 357 284 72 212 614490 571696 283293 2532 2470 280761 856 777 241 288403 191974 96429 190644 56867 53624 18397 3243 810 57642 1533 35227 34983
is_linear=0
shrinkage=0.1


Tree=212
num_leaves=31
num_cat=0
split_feature=20 1 5 17 1 19 0 1 4 6 13 0 0 4 4 3 4 8 3 5 4 4 18 4 1 1 1 10 4 7
split_gain=1.5108 2.85915 4.56705 3.67284 3.37301 3.10101 4.05937 5.72876 4.98322 4.83388 3.26293 5.81148 7.98874 5.32054 3.00551 4.46754 3.23953 2.96867 2.94882 2.80719 2.97635 3.71593 3.2929 2.74052 6.27678 8.53308 7.93614 8.68631 7.11631 12.8415
threshold=0.92759410062517034 1518.0000000000002 1.5000000000000002 1.0000000180025095e-35 3332.5000000000005 1.0000000180025095e-35 67.68659019904031 4203.5000000000009 0.13805970149253743 1.0000000180025095e-35 1.0000000180025095e-35 41.425433686275902 35.381685933110013 0.42123756218905478 0.39412134728655579 0.22201492537313436 0.17298564648024253 1.0000000180025095e-35 0.51119402985074636 1.0000000180025095e-35 0.36013681592039809 0.39619252873563227 1.0000000180025095e-35 0.32086442786069663 24327.500000000004 32675.000000000004 23098.500000000004 1.0000000180025095e-35 0.25047892720306525 1.7500000000000002
decision_type=2 2 2 2 2 2 2 2 2 2 2 2 2 2 2 2 2 2 2 2 2 2 2 2 2 2 2 2 2 2
left_child=-1 2 -2 -4 19 17 7 8 -7 -8 -9 12 -12 -14 15 -13 -17 23 -11 -3 -21 -22 -23 24 26 -26 28 -28 -6 -30
right_child=1 4 3 -5 5 6 9 10 -10 18 11 14 13 -15 -16 16 -18 -19 -20 20 21 22 -24 -25 25 -27 27 -29 29 -31
leaf_value=-0.00028622337895455686 -0.1448181190940134 0.044255648238106265 -0.051154332413980458 0.062867259813047846 0.0067169205252915511 0.024931532330449369 0.0083033767281005307 0.023087587066191531 -0.20786217575502799 -0.021244377737679562 -0.0028520406043897458 0.062594561055515974 -0.15232679789686099 0.044388490109102854 0.091466361413178598 -0.10080331275094363 0.010780073317379252 -0.10455775662676998 0.059238641393391994 0.015563288935054065 -0.11989289543658672 0.035939810962108659 -0.21642451512047101 -0.013245902656524956 0.050780461720572961 -0.0068491175398192857 -0.26619466030782352 -0.036823576635598869 -0.014931965361042288 -0.14869102981794688
leaf_weight=7779.2436020469504 3.2418452911078921 32.10825560358353 8.1405741961643781 4.3265146733028805 205.35587508592289 1.610320653766393 191.84214710665401 217.67951369128423 2.1435562747064978 107.37618662143359 58.111582528566942 11.967535671079535 6.2754718489013595 1.7606839344371108 7.5261792123783371 3.7449748227372774 8.5238885348662716 2.8798452708870164 4.7539390088058999 105.93573798824218 3.7764771092333813 4.873227544274414 0.57840473949909199 173.06539876613533 53.426438633003272 49.495668113726424 2.337077133357524 5.6245055907638744 66.839437721529976 8.0409111682092753
leaf_count=589632 145 347 999 131 3423 35 4674 2977 114 2096 817 179 139 15 88 91 135 95 111 2370 168 388 23 2625 513 1112 40 180 1072 252
internal_value=0.000250246 0.00333392 -0.0390801 -0.0115849 0.00383201 0.00206576 0.00693399 0.0148074 -0.107999 -0.00133758 0.0162682 0.00110685 -0.0157754 -0.109227 0.0362652 0.0191235 -0.0232799 -0.00328539 -0.0178322 0.0181084 0.0108185 -0.0436504 0.00916458 -0.00276845 0.00186769 0.0230662 -0.00570278 -0.104154 -0.00290575 -0.0292955
internal_weight=9132.61 1353.36 15.7089 12.4671 1337.65 1190.38 623.316 319.344 3.75388 303.972 315.59 97.9103 66.1477 8.03616 31.7626 24.2364 12.2689 567.065 112.13 147.272 115.164 9.22811 5.45163 564.185 391.12 102.922 288.198 7.96158 280.236 74.8803
internal_count=614986 25354 1275 1130 24079 20783 11471 4590 149 6881 4441 1464 971 154 493 405 226 9312 2207 3296 2949 579 411 9217 6592 1625 4967 220 4747 1324
is_linear=0
shrinkage=0.1


Tree=213
num_leaves=31
num_cat=0
split_feature=20 1 1 17 1 1 4 13 4 1 13 4 1 20 4 4 3 7 1 1 5 1 5 4 4 4 4 13 4 19
split_gain=1.74828 3.75716 10.2092 6.23594 6.22592 5.01253 7.43718 6.56222 5.55376 4.81465 5.72066 3.46352 3.42242 3.31906 3.5203 3.29338 2.86445 2.79177 4.23102 4.39255 4.10556 2.64506 2.62877 3.83913 4.19671 3.89156 2.5425 2.46058 14.172 4.65921
threshold=0.66631029720786594 1047.5000000000002 987.50000000000011 1.0000000180025095e-35 978.50000000000011 1160.0000000000002 0.27447318007662841 1.0000000180025095e-35 0.31238026819923376 1140.5000000000002 1.0000000180025095e-35 0.48628731343283593 62575.000000000007 0.7677425132426462 0.40357587064676625 0.37713015382855847 0.49813432835820898 4.5000000000000009 4021.0000000000005 1642.5000000000002 1.5000000000000002 1116.0000000000002 2.5000000000000004 0.46032052381769323 0.24056513409961691 0.16920426602619093 0.055762852404643411 1.0000000180025095e-35 0.27161069651741304 1.0000000180025095e-35
decision_type=2 2 2 2 2 2 2 2 2 2 2 2 2 2 2 2 2 2 2 2 2 2 2 2 2 2 2 2 2 2
left_child=12 2 4 22 16 6 9 8 -8 10 21 -6 17 -10 -15 -9 -2 27 19 -19 -20 -3 23 24 25 -4 -14 -1 -29 -30
right_child=1 5 3 -5 11 -7 7 15 13 -11 -12 -13 26 14 -16 -17 -18 18 20 -21 -22 -23 -24 -25 -26 -27 -28 28 29 -31
leaf_value=-0.0028974119997124993 0.047390026041776778 -0.12515287005728001 -0.037543799133398829 0.078606072366409555 -0.10885888834784925 0.0011016527783252932 0.079065284768079988 -0.099542777885771691 0.051861313931922087 -0.12955407775864392 0.0080529604708883245 0.1505648009536471 0.043147654183825615 -0.01457294466428982 -0.16242853281478684 0.0012220900772045283 0.0035351290570705476 0.023201688195226056 -0.053037528595254659 -0.074203680269590441 0.023551826532488798 -0.016051009949565164 0.062915038653871436 0.096453395907611483 -0.088592597643201265 0.08510642026623505 -0.085516071617773651 0.008598258588535284 -0.020541790111881716 0.01219468839842504
leaf_weight=3570.968924423556 15.766224094073548 7.4704410858976225 6.100271732546398 32.47869285318302 6.5824002635199568 3723.0851900245507 12.621465801727028 7.4179990155971591 5.2870812463806933 8.0015845985035394 11.989928583818255 0.55828299652785052 1.90866135060787 7.2802994379308057 2.0676120494026691 5.76387362688547 269.14902882702881 8.2078444180078822 7.4348622009711098 10.619865730710442 119.38614744461665 3.1630010220687836 7.9307407193700774 3.1389109459705642 6.3018814419046967 4.4917645631358027 7.8630679326088284 926.55686761065954 280.83623960646219 51.439066095823364
leaf_count=337108 2006 627 242 1107 753 129491 310 729 499 881 664 8 39 298 167 676 13286 173 1552 2280 4945 221 300 41 586 126 506 72371 38598 4896
internal_value=-1.32944e-07 0.00151699 0.0113925 0.0488019 0.00365048 0.000599492 -0.0257093 0.00244362 0.0304581 -0.0628834 -0.0393028 -0.0885763 -0.00126205 -0.0114615 -0.0472763 -0.0554826 0.00596191 -0.00114594 0.0124947 -0.0317403 0.0190618 -0.0926997 0.0141853 -0.00510616 -0.0239761 0.0144685 -0.0603849 -0.00155729 0.00224429 -0.0154739
internal_weight=9131.87 4146.65 352.498 60.4423 292.056 3794.15 71.0633 40.4383 27.2565 30.625 22.6234 7.14068 4985.22 14.635 9.34791 13.1819 284.915 4975.45 145.649 18.8277 126.821 10.6334 27.9636 20.0328 16.8939 10.592 9.77173 4829.8 1258.83 332.275
internal_count=615486 153018 18455 2402 16053 134563 5072 2679 1274 2393 1512 761 462468 964 465 1405 15292 461923 8950 2453 6497 848 1295 995 954 368 545 452973 115865 43494
is_linear=0
shrinkage=0.1


Tree=214
num_leaves=31
num_cat=0
split_feature=4 4 11 0 20 4 4 20 4 0 20 1 1 1 4 1 20 4 1 1 1 4 1 4 1 4 20 20 0 0
split_gain=1.39804 3.11186 1.09371 2.91435 4.06143 2.64573 3.20649 2.1437 5.58059 4.09779 3.52294 4.37462 3.75149 3.52981 3.51756 3.23521 3.08705 3.08675 12.9206 9.13126 7.75222 5.48693 4.94914 3.29801 2.93319 2.86324 7.62802 4.01766 3.26579 2.55698
threshold=0.60827114427860707 0.63591417910447767 1.0000000180025095e-35 0.96051794107304345 0.0011554746511978527 0.44493159203980109 0.48400383141762454 0.80467226748466358 0.15671641791044788 12.018316546824574 0.64027657963208373 62575.000000000007 67494.500000000015 14674.500000000002 0.16728855721393032 7136.0000000000009 0.65626515006646624 0.15357587064676623 17959.000000000004 15533.500000000002 24327.500000000004 0.19888059701492544 10045.000000000002 0.13777985074626864 14674.500000000002 0.1751865671641791 0.99999855885341915 0.94737100035896937 106.70516706979716 14.340531860547591
decision_type=2 2 2 2 2 2 2 2 2 2 2 2 2 2 2 2 2 2 2 2 2 2 2 2 2 2 2 2 2 2
left_child=2 -2 -1 4 -4 7 -7 8 16 -9 11 13 -12 14 -10 -16 -5 20 19 21 -11 -19 -23 -22 -24 26 27 -20 -27 -26
right_child=1 -3 3 5 -6 6 -8 9 10 17 12 -13 -14 -15 15 -17 -18 18 25 -21 23 22 24 -25 29 28 -28 -29 -30 -31
leaf_value=-0.00033960927866174883 0.055141922856468017 0.0014071084730502136 0.10772183761196091 -0.025242332354894804 -0.2302001560118726 -0.17394765391820902 0.058769399089292899 -0.070590677472031224 0.067741242661137013 0.047409047176291054 0.077464678481210081 -0.09189217475902367 -0.11037887871070817 0.057038760523089586 -0.023043526442977177 -0.2541778936706644 0.022643351286691666 0.026451143248914944 -0.051315281659415235 -0.23855107858688537 -0.046442313512134847 0.10191407345800058 -0.25887356230959757 0.030611857592747045 0.073606668747036808 0.0058068086900788102 0.088359871805754914 -0.24134034832335735 0.082051481797502782 -0.13605265697675037
leaf_weight=8708.998627975674 14.761965286100347 39.926194747758018 0.51367944505909591 32.496348892294918 1.1562495253092491 1.7201162724595627 0.9028291074628213 7.7254279467742881 4.5787530324887475 42.106681293837028 22.526684778582425 3.2217046016667146 1.1158552692941146 20.491059473890346 10.453983113942737 0.64282035830910977 22.985013112425804 5.1665686914930102 2.610887909308075 3.3224480492062858 17.673477763077248 0.94161060574697319 1.6320624363579552 8.1007041872944665 0.70024803042178962 104.32952369606937 2.3895301853772253 1.9388900902704334 5.9375515307765445 3.436015842249617
leaf_count=586582 3372 12483 61 1636 49 536 623 245 121 545 698 329 250 1239 2522 116 501 90 63 160 482 30 109 152 16 1980 23 32 259 133
internal_value=-2.87959e-05 0.0159117 -0.000125231 0.00551843 -0.126253 0.00618697 -0.0938454 0.00699053 0.0177252 0.000874598 0.0380841 0.0197677 0.068599 0.0297144 -0.00600406 -0.0364328 -0.00540408 0.00363115 -0.00525771 -0.0920052 0.0209694 -0.051009 -0.110652 -0.0222245 -0.145351 0.00599143 -0.0563129 -0.132295 0.00991236 -0.100558
internal_weight=9094.5 54.6882 9039.82 330.817 1.66993 329.147 2.62295 326.524 118.512 208.012 63.0309 39.3883 23.6425 36.1666 15.6756 11.0968 55.4814 200.286 132.405 15.199 67.8809 11.8765 6.70994 25.7742 5.76833 117.206 6.93931 4.54978 110.267 4.13626
internal_count=615437 15855 599582 13000 110 12890 1159 11731 7412 4319 5275 4327 948 3998 2759 2638 2137 4074 2895 538 1179 378 288 634 258 2357 118 95 2239 149
is_linear=0
shrinkage=0.1


Tree=215
num_leaves=31
num_cat=0
split_feature=4 3 20 0 3 0 1 20 20 0 4 1 1 20 20 4 20 20 0 0 0 20 4 0 12 4 20 0 0 1
split_gain=1.75484 1.86002 1.73038 2.50405 1.62665 1.26871 2.34085 2.29819 1.85716 1.56123 1.65057 1.55324 1.22325 1.57739 1.13996 1.12517 1.11812 2.23878 1.24643 1.19031 1.40733 1.25361 1.11079 1.02055 1.00768 1.00629 0.981447 2.63825 2.55657 3.80213
threshold=0.49813432835820909 0.22201492537313436 0.43088811327011112 9.5433360994580294 0.12363184079601992 97.128639846686283 2049.5000000000005 0.6458013785127773 0.73006254226115963 18.735914370530313 0.51974502487562202 4509.0000000000009 10045.000000000002 0.92759410062517034 0.98592335930637953 0.66147388059701506 0.94737100035896937 0.98592335930637953 93.267398501328245 6.1488476732804109 6.6257613015646504 0.23629354976228015 0.51184701492537321 12.018316546824574 1.0000000180025095e-35 0.50394900497512451 0.0087427913135088957 0.68944780498555891 2.4885560066707528 521.00000000000011
decision_type=2 2 2 2 2 2 2 2 2 2 2 2 2 2 2 2 2 2 2 2 2 2 2 2 2 2 2 2 2 2
left_child=26 2 -2 4 -4 6 7 -5 -8 -9 22 -7 13 -10 -15 16 19 18 -18 -3 -21 -22 25 -23 -12 -11 28 -28 29 -1
right_child=1 15 3 5 -6 11 8 9 12 10 24 -13 -14 14 -16 -17 17 -19 -20 20 21 23 -24 -25 -26 -27 27 -29 -30 -31
leaf_value=0.0038799616778051496 -0.06456153053364215 -0.058795322894418592 -0.12335053950182713 -0.037347889962526026 0.25630014760750092 -0.052356121687213236 0.012185802506249576 0.14037065638340648 -0.048758155174121014 0.26738823441708165 0.03109834663377602 0.031368248271641211 -0.072066404222837818 0.085158359200139408 -0.10878103859749025 -0.12962856767540895 -0.12552665174558011 0.058359322991340584 -0.0060837749196272009 0.23163546525493284 0.11333982985875644 -0.1110665295331697 0.39113375993869903 0.040348053644120044 -0.09932101535576314 -0.10685811652095778 -0.067617809111687216 0.00019697749200646683 -0.016933826783730142 -0.016590289678510645
leaf_weight=394.35055788726095 3.5405819830002647 1.0991642960307242 0.13781434786233149 4.6991378961338368 0.62317420302133442 2.4617156292879399 8.1967747847538721 1.5002807734235819 4.5908735885168417 0.14743318733235256 9.8984217410725215 22.183678931149188 8.5114433456619718 1.8701673513860444 0.36169705120846618 0.42536390607710828 1.5149543576408171 3.2118828004458919 2.0639252228429541 0.40831288794652465 2.3975732777289549 0.45404576968940347 0.20165318437830138 22.70598493124271 0.63014754856703881 0.14013870177586796 5.7406996997360684 8362.7927906671448 122.0791336856546 117.85312818677266
leaf_count=50839 9963 1973 182 4887 96 1511 1092 308 1711 62 2607 825 766 146 45 105 38 65 62 142 1989 420 62 2836 294 106 1944 508077 10225 11969
internal_value=1.21894e-05 0.0129291 0.00354874 0.00719399 0.187546 0.00509523 -0.00573725 0.022283 -0.0262392 0.0446677 0.0316359 0.0230054 -0.046779 -0.0152326 0.0537284 0.0319997 0.0340304 -0.00225016 -0.0566444 0.0431333 0.0474481 0.0445055 0.211192 0.0373796 0.0232926 0.0850116 -0.000136992 0.000150457 -0.00392951 -0.000830046
internal_weight=9106.79 103.976 69.6951 66.1546 0.760989 65.3936 40.7482 17.2172 23.531 12.5181 11.0178 24.6454 15.3342 6.82274 2.23186 34.2812 33.8558 6.79076 3.57888 27.0651 25.9659 25.5576 0.489225 23.16 10.5286 0.287572 9002.82 8368.53 634.283 512.204
internal_count=615347 32293 24663 14700 278 14422 12086 8326 3760 3439 3131 2336 2668 1902 191 7630 7525 165 100 7360 5387 5245 230 3256 2901 168 583054 510021 73033 62808
is_linear=0
shrinkage=0.1


Tree=216
num_leaves=31
num_cat=0
split_feature=1 1 0 20 20 5 11 7 0 1 20 20 3 0 1 0 0 20 1 11 0 20 20 7 7 1 1 0 7 0
split_gain=1.40328 5.2337 4.8273 7.13533 6.05844 4.5017 4.58825 4.13903 9.15392 3.11995 3.07948 6.17106 5.2689 3.9268 5.85967 4.65899 4.62198 3.46877 3.26544 7.33317 6.23113 5.84105 4.07755 4.07632 4.0541 4.99124 3.21907 3.14123 3.3607 3.09669
threshold=15533.500000000002 16489.000000000004 4.0197801389944017 0.83662031597016284 0.90454357557504406 2.5000000000000004 1.0000000180025095e-35 4.5000000000000009 67.68659019904031 13382.000000000002 0.8644051347692755 0.34002687304659512 0.24813432835820901 10.744082540554487 23098.500000000004 7.2400644154277742 11.054770101423832 0.52115977695809612 67494.500000000015 1.0000000180025095e-35 40.639317029662735 0.8318254483245543 0.66631029720786594 4.5000000000000009 3.5000000000000004 20091.500000000004 32675.000000000004 20.463442869473706 1.7500000000000002 59.411781967137578
decision_type=2 2 2 2 2 2 2 2 2 2 2 2 2 2 2 2 2 2 2 2 2 2 2 2 2 2 2 2 2 2
left_child=7 2 -2 -4 -5 6 -6 -1 -9 -10 11 27 26 14 15 -12 -15 -14 19 21 -21 23 -22 24 25 29 -13 28 -3 -19
right_child=1 10 3 4 5 -7 -8 8 9 -11 13 12 17 16 -16 -17 -18 18 -20 20 22 -23 -24 -25 -26 -27 -28 -29 -30 -31
leaf_value=-0.00020354378795149532 -0.13774799821286932 0.051402856315760061 0.032636346539769427 -0.13778962066590769 -0.089264561401442455 0.091993410958298993 -9.7214730019700907e-05 0.0090895076311197729 0.0031180138480349242 0.12435462526841352 0.035574865254640306 -0.012377030475611887 -0.15662143071355453 0.09148095893184667 -0.016783171919441824 -0.21594169951241959 0.00076409654183396682 0.057655181019444425 -0.080572633239465702 -0.11488479551082037 0.00027108256317415278 -0.0027104796805694819 0.077312672277828398 -0.03180038992363475 -0.13671007246471026 -0.10665683446098256 0.036275205731579906 0.09722057669038292 -0.017774212192230996 -0.054211361834309468
leaf_weight=7711.4296443080802 4.1875444352626792 12.99945730046602 14.487792461848583 6.5387054173916104 11.450015276204798 2.7065804093144825 11.634640527423471 122.52795740282454 2.6988969965605039 9.9417111570946872 0.98245842539472805 33.73777754335606 2.0869265956771406 5.6504749497398725 16.216368335677544 2.941510186647065 929.34927601505478 4.3182941270642932 10.487169320978863 3.0691687037542605 15.115642205812039 36.533285592508037 12.593426386825739 41.026449911048985 8.9596875475253928 9.7739163879305107 22.783450765607995 5.4070873802993438 15.274448808282614 5.7957472042180598
leaf_count=569094 222 793 716 329 305 19 181 7350 184 186 18 2684 401 73 539 96 19159 339 1081 356 377 2685 369 4023 970 558 1194 203 305 307
internal_value=-0.000394536 -0.00351191 -0.0348824 -0.0256817 -0.0518154 -0.0300189 -0.0443243 0.00010053 0.0174481 0.0984694 -0.00217306 -0.0123005 -0.0187804 0.000371273 -0.0433164 -0.152969 0.00131232 -0.0285988 -0.0267896 -0.0226781 0.0203107 -0.0351126 0.0352855 -0.0520538 -0.0808578 -0.0556959 0.00723447 0.0273863 0.0140312 -0.00644879
internal_weight=9092.71 1246.11 51.0053 46.8177 32.3299 25.7912 23.0847 7846.6 135.169 12.6406 1195.1 239.962 206.281 955.14 20.1403 3.92397 935 149.76 147.673 137.186 30.7782 106.407 27.7091 69.8741 28.8476 19.888 56.5212 33.681 28.2739 10.114
internal_count=615116 38302 1772 1550 834 505 486 576814 7720 370 36530 16645 15344 19885 653 114 19232 11466 11065 9984 1102 8882 746 6197 2174 1204 3878 1301 1098 646
is_linear=0
shrinkage=0.1


Tree=217
num_leaves=31
num_cat=0
split_feature=15 0 1 20 20 20 4 4 1 20 5 4 17 4 4 4 5 20 20 4 0 4 4 5 3 20 20 3 3 20
split_gain=1.13824 3.13303 3.78071 2.06027 4.11019 3.94328 2.87777 2.52433 1.67567 1.4742 1.7705 1.26078 1.55711 1.54897 1.6235 1.20644 1.15285 1.13685 1.66976 1.62439 1.25568 1.12453 2.36393 2.21982 1.21078 1.08853 1.3901 1.18499 1.35588 1.26322
threshold=1.0000000180025095e-35 18.735914370530313 4509.0000000000009 0.68161890165561989 0.67673906224717384 0.58630365786571892 0.48400383141762454 0.26560444901927155 3685.0000000000005 0.57524180914986833 1.5000000000000002 0.32419082747183631 1.0000000180025095e-35 0.49023631840796028 0.4641019042717448 0.048507462686567158 2.5000000000000004 0.69150269515457052 0.38735015236272391 0.13805970149253743 64.033483955566041 0.60827114427860707 0.66147388059701506 1.0000000180025095e-35 0.06834577114427863 0.66631029720786594 0.62495714042578265 0.1105721393034826 0.095988805970149263 0.92759410062517034
decision_type=2 2 2 2 2 2 2 2 2 2 2 2 2 2 2 2 2 2 2 2 2 2 2 2 2 2 2 2 2 2
left_child=21 2 3 4 5 7 -7 9 -3 10 -2 12 -9 14 -13 -12 -14 18 20 -19 -10 -1 23 24 -23 26 -25 28 -27 -29
right_child=1 8 -4 -5 -6 6 -8 11 17 -11 15 13 16 -15 -16 -17 -18 19 -20 -21 -22 22 -24 25 -26 27 -28 29 -30 -31
leaf_value=-2.6549849902955352e-05 -0.10424374266956796 -0.073758691858061928 0.12730624773182339 -0.16715375233222851 0.19243195249033843 -0.14462383456079841 0.10246661862277387 0.079711886262322423 -0.11998329057451135 0.15792778201548402 0.14726774894808889 -0.0029395226533184861 -0.12734728009640933 0.12822685647685123 -0.19232939508817359 -0.022485522766714075 0.09794471822901564 -0.067491843459240503 -0.10552044857709041 0.036099676111898037 0.12825396611108128 -0.11757409592938704 -0.0050964362911416761 0.0085488281647865001 0.14518578528564971 0.041560313497995167 -0.13672675386945554 -0.012102739620016567 0.13472232292791245 0.061611937198029182
leaf_weight=8994.2025583256018 2.9704004022060104 10.14326534420252 2.3655760674737385 0.7574121356010427 1.0662664417177428 2.990249273658264 0.55955209396779526 6.643592050066216 0.29762798862065976 0.38440087332855988 0.45809511630795885 3.8239927919348702 0.68549120935494989 0.77383964415639628 0.51339173223823298 4.8645824530976824 0.33968595205806196 2.1496831334661692 2.5740213202661835 5.1165763803874142 0.64619095087982714 0.18950568239233723 28.686167742936959 4.0640991549571508 2.3505084070347975 5.515333244446083 0.78605628730656452 6.1772528946748917 2.1796057746687465 3.7275003317918163
leaf_count=595185 491 1099 81 65 4 251 7 172 64 27 24 234 114 4 28 330 18 170 451 369 36 117 9516 3562 605 451 249 959 167 127
internal_value=-2.36781e-05 -0.0150514 0.00611519 -0.00456973 0.00015318 -0.00804525 -0.105675 0.00810609 -0.0445818 -0.0335187 -0.0423927 0.0363689 0.062011 -0.002104 -0.0253565 -0.00787574 -0.0526982 -0.0171387 -0.0638021 0.00545269 0.0499737 5.95734e-05 0.0144908 0.0369752 0.125582 0.0269501 -0.0149957 0.0385096 0.0679486 0.0156386
internal_weight=9098 50.1239 29.1965 26.831 26.0735 25.0073 3.5498 21.4575 20.9274 8.67748 8.29308 12.78 7.66877 5.11122 4.33738 5.32268 1.02518 10.7841 3.51784 7.26626 0.943819 9047.88 53.676 24.9899 2.54001 22.4498 4.85016 17.5997 7.69494 9.90475
internal_count=614977 4039 1850 1769 1704 1700 258 1442 2189 872 845 570 304 266 262 354 132 1090 551 539 100 610938 15753 6237 722 5515 3811 1704 618 1086
is_linear=0
shrinkage=0.1


Tree=218
num_leaves=31
num_cat=0
split_feature=4 12 4 20 15 5 20 20 16 4 20 2 7 2 2 2 18 8 7 20 19 20 4 20 2 20 2 2 2 2
split_gain=1.98338 5.06698 8.03636 5.50993 4.06717 3.95982 3.46545 2.97545 3.17197 2.74036 2.60699 6.88297 3.49203 4.24266 3.10451 3.17728 5.27722 3.88502 2.87522 2.47946 4.19332 2.53453 2.50481 4.96228 5.84157 4.63325 4.22555 3.24749 2.46674 2.39516
threshold=0.38469291473666162 1.0000000180025095e-35 0.48000478927203072 0.99999855885341915 1.0000000180025095e-35 1.5000000000000002 0.0023571731661578975 0.1794445347237473 1.0000000180025095e-35 0.35066049065019739 0.91565628707710289 9.1796233979849244 3.5000000000000004 10.896154630416175 7.439850924861779 7.8083229678354042 1.0000000180025095e-35 1.0000000180025095e-35 1.7500000000000002 0.029428922624601138 1.0000000180025095e-35 0.010836216462614939 0.42518656716417919 0.73474227287083338 6.8569869167006479 0.8318254483245543 6.8373276340512641 7.0400983700390167 9.1796233979849244 7.7645017871885065
decision_type=2 2 2 2 2 2 2 2 2 2 2 2 2 2 2 2 2 2 2 2 2 2 2 2 2 2 2 2 2 2
left_child=9 4 3 5 6 19 -2 8 -8 -1 -9 14 13 -13 -12 16 -16 18 -17 21 22 -3 23 24 26 27 -21 -24 -4 -18
right_child=1 2 28 -5 -6 -7 7 10 -10 -11 11 12 -14 -15 15 17 29 -19 -20 20 -22 -23 25 -25 -26 -27 -28 -29 -30 -31
leaf_value=-0.00031152826901238381 -0.073817522445031175 -0.067174363245244839 -0.10557069869934865 -0.092256713901121751 0.059562623401346784 -0.07051788489377557 0.024907865458743458 -0.0040542411701250903 -0.033864099206721579 -0.0081423794958065034 0.13754387303115051 -0.0023868577915926639 -0.025178895798710306 0.043173368385583367 0.029248843008529753 0.03167841801954701 -0.17452903129266364 0.086048736502847264 -0.034435425525006419 0.057020208478192037 -0.10673097411795995 0.19216666779927671 -0.024716120611807481 0.10846604121724845 -0.097900525732430743 -0.059513967151305483 0.43376385795411443 0.079766293465215674 0.060213660888002431 -0.011692369254872308
leaf_weight=7598.7512496577219 6.0876337767149371 0.45062141331436523 5.0921319676563135 2.8204930885694912 12.172300313715821 2.5416720937355413 85.434013031990617 554.7524850761838 10.289024794545183 474.80139087598945 2.6109238184289998 128.08873105168459 51.763683024561033 24.320113187772222 6.7822677187359641 60.606057012919337 2.5279383258894086 12.078573181410318 7.3787326922756611 3.5395714600163077 1.6064816003909062 2.3014983763205237 3.839053033210809 17.195065356529085 2.9642007396469126 4.336858390714041 0.32504768343642343 13.214639359212013 1.0895362326409666 1.4055230617523196
leaf_count=472728 1715 236 5735 20 423 1309 19513 65329 2446 35445 126 1965 1363 432 379 1150 84 133 369 1104 355 150 825 404 571 84 18 401 24 5
internal_value=-0.000245387 0.00389244 0.0317681 0.0438902 0.00212358 0.0512304 0.00139079 0.00187373 0.0185906 -0.000772057 -3.73503e-06 0.00754771 -0.00273837 0.00488326 0.0300355 0.0269434 -0.0241943 0.0337877 0.0245027 0.0574475 0.0520478 0.149703 0.0576644 0.0798249 0.0077062 0.0327758 0.0887076 0.0562457 -0.0763507 -0.116343
internal_weight=9101.17 1027.61 61.3169 55.1352 966.298 52.3147 954.126 948.038 95.723 8073.55 852.315 297.563 204.173 152.409 93.39 90.7791 10.7157 80.0634 67.9848 49.773 47.0209 2.75212 45.4144 24.0239 6.82882 21.3906 3.86462 17.0537 6.18167 3.93346
internal_count=614841 106668 11236 5477 95432 5457 95009 93294 21959 508173 71335 6006 3760 2397 2246 2120 468 1652 1519 4148 3762 386 3407 2097 1693 1310 1122 1226 5759 89
is_linear=0
shrinkage=0.1


Tree=219
num_leaves=31
num_cat=0
split_feature=1 4 0 1 5 4 4 0 1 16 8 0 19 7 4 4 4 5 19 1 0 0 0 1 5 1 0 1 1 7
split_gain=1.55717 4.0463 3.16573 2.06116 3.05223 2.02526 1.93678 2.56677 2.35735 3.77852 3.67408 6.3216 6.69942 4.1072 3.05954 3.07103 2.73138 2.68868 2.51346 4.34281 1.86162 2.60612 1.79319 1.78657 1.75441 1.70163 1.57254 1.55862 1.9192 3.40649
threshold=80.500000000000014 0.39962686567164191 2.0511334406773551 100.50000000000001 1.5000000000000002 0.38777985074626875 0.13805970149253743 21.253261803700934 47.500000000000007 1.0000000180025095e-35 1.0000000180025095e-35 4.0197801389944017 1.0000000180025095e-35 1.7500000000000002 0.18308457711442794 0.23656609195402303 0.21257183908045982 2.5000000000000004 1.0000000180025095e-35 72.500000000000014 6.3839766238424192 11.534016257491627 1.6375168272200065 72.500000000000014 1.0000000180025095e-35 19.500000000000004 10.138568267923121 10.500000000000002 30.500000000000004 1.2500000000000002
decision_type=2 2 2 2 2 2 2 2 2 2 2 2 2 2 2 2 2 2 2 2 2 2 2 2 2 2 2 2 2 2
left_child=1 5 -3 4 22 6 -1 8 10 18 13 -12 25 26 -14 16 -16 -15 24 -20 -17 -22 -2 -7 -10 -13 27 -8 -29 -30
right_child=3 2 -4 -5 -6 23 7 -9 9 -11 11 12 14 17 15 20 -18 -19 19 -21 21 -23 -24 -25 -26 -27 -28 28 29 -31
leaf_value=-0.0046185265695776528 -0.051799525930364756 -0.056188446891032875 0.10157856690674563 0.00010293673620875328 -0.04304246083376858 -0.15878818766852298 -0.019691777940683095 -0.15001736277131292 -0.057451342268704124 -0.12269646248007127 -0.042929759752221075 0.055733218223973174 0.091689105347968647 -0.018097536817206064 0.012894627216533894 0.08985761950622323 -0.1407219232449706 0.099161985647346948 -0.052373244026723415 0.04214121586323101 -0.029865184872755995 0.098151814130888637 0.077353524289729816 0.14677082266539287 0.032502431369947564 -0.087340048308537949 0.11602094199149791 0.030258237035074888 -0.036862309030525918 0.06247634513336673
leaf_weight=131.59738933228618 1.494711085390011 1.5452181288583213 7.1896977117139613 8658.4092030080756 22.700683056113121 1.2505780829196727 17.693565783265512 0.99594852572772552 2.2199033342603789 1.7905323806480726 36.556899997878645 0.96079970477148791 8.2524966835044342 2.516141853295264 2.8026275010779527 5.1452007971238327 1.9717964204028247 8.7748510269448161 10.578543425795942 8.9956284323488944 4.9458470912650228 2.3438357505947351 3.8286573237310222 0.22591880243271578 93.037551044088104 6.1666005781153217 1.3179931323684275 30.482843697598582 13.249780165293489 4.6682231444865456
leaf_count=13130 1810 832 475 563674 5600 339 1428 66 1573 335 6230 30 149 42 61 130 65 123 1322 637 103 27 1302 6 8753 490 127 2576 3536 68
internal_value=0.00029865 0.00634194 0.0736694 1.53009e-05 -0.027061 0.00486632 0.00530101 0.0102183 0.0108217 0.0214519 0.00243674 -0.0143814 0.0176428 0.0172125 0.0416312 0.0176266 -0.0505477 0.0730313 0.0236996 -0.00893759 0.0438025 0.0112958 0.0410895 -0.112035 0.0304061 -0.0680532 0.00786339 0.00570662 0.0149913 -0.0109814
internal_weight=9093.71 407.276 8.73492 8686.43 28.0241 398.541 397.065 265.468 264.472 116.622 147.85 69.1461 32.5892 78.7034 25.4618 17.2093 4.77442 11.291 114.832 19.5742 12.4349 7.28968 5.32337 1.4765 95.2575 7.1274 67.4124 66.0944 48.4008 17.918
internal_count=615039 42653 1307 572386 8712 41346 41001 27871 27805 12620 15185 7285 1055 7900 535 386 126 165 12285 1959 260 130 3112 345 10326 520 7735 7608 6180 3604
is_linear=0
shrinkage=0.1


Tree=220
num_leaves=31
num_cat=0
split_feature=1 1 20 6 4 4 5 3 0 3 0 4 1 4 4 4 11 4 20 10 0 5 20 6 4 1 5 20 4 3
split_gain=1.49157 1.47714 3.09228 2.42389 3.73349 2.65435 2.42464 2.31251 2.14814 1.75086 2.07515 1.69065 1.65287 2.32315 1.61673 1.58696 1.8874 2.07301 2.12818 1.57982 1.63892 2.13728 1.55952 1.71414 1.70265 1.58111 1.50447 1.49725 1.41246 1.3795
threshold=174508.00000000003 94197.000000000015 0.92759410062517034 1.0000000180025095e-35 0.040637330588437111 0.26766169154228864 1.5000000000000002 0.32649253731343292 101.64407639166049 0.12363184079601992 33.117013706452944 0.31296641791044782 134377.00000000003 0.28740671641791055 0.029508706467661686 0.041666666666666664 1.0000000180025095e-35 0.2584770114942529 0.99999855885341915 1.0000000180025095e-35 34.828079358464599 1.0000000180025095e-35 0.91001430758476776 1.0000000180025095e-35 0.33553496883399109 105495.50000000001 1.0000000180025095e-35 0.94737100035896937 0.012954980842911886 0.56156716417910457
decision_type=2 2 2 2 2 2 2 2 2 2 2 2 2 2 2 2 2 2 2 2 2 2 2 2 2 2 2 2 2 2
left_child=1 29 19 4 14 15 9 -8 11 10 -5 12 13 -7 28 -6 17 18 27 20 -3 -22 23 24 -23 -24 -11 -17 -4 -1
right_child=-2 2 3 6 5 8 7 -9 -10 26 -12 -13 -14 -15 -16 16 -18 -19 -20 -21 21 22 25 -25 -26 -27 -28 -29 -30 -31
leaf_value=-0.00084958576051345997 0.019893271070930987 -0.13197206270007197 -0.11520339616709262 -0.11460837657134665 0.12181762080758003 -0.060180984033671892 0.078407940145111321 -0.061942480285275783 0.061342532572327815 0.096783323005644184 0.059420874157992201 -0.023579988989579227 -0.041360830274392656 -0.26821559313396953 -0.1656086028519542 -0.062539171110280678 -0.014117592339397224 0.12774663411798357 -0.041035731823051091 -0.0077228000633939742 0.060982469265472433 -0.016592638641572763 -0.040952320277068036 0.07530152415557631 -0.17957103462700602 -0.19887740552079056 0.029958820547704018 0.077933690080842333 -0.0023121661454928409 0.0052750458173687611
leaf_weight=8525.1787142870053 35.230213960981928 3.3495485747407674 2.0819900613278142 1.4128936133347498 1.3275495111010993 1.1933250096626644 1.5338036420289425 5.0040495404973617 2.456772683071903 5.6844016606919459 1.3303135922178624 21.167031418823171 3.2968524917960167 0.97568558156490315 1.884599244687706 0.89468917273916115 14.664855080889538 2.1786592788994321 3.59635677956976 5.4432772346481206 1.4547313689254222 1.8269188061822208 1.0882989140227439 1.0624521933496001 0.98749083798611526 1.5185434441082177 8.2715100536588579 4.99445491284132 2.3698024749755859 384.33831498137442
leaf_count=586750 648 683 51 48 11 35 32 93 98 84 24 502 62 47 35 63 319 11 108 500 69 70 67 24 59 59 150 137 39 24140
internal_value=-0.00064279 -0.000723066 -0.0126269 -0.00500045 -0.0151708 -0.00704147 0.0226096 -0.0290158 -0.0281297 0.0428214 -0.0302132 -0.0363831 -0.0859645 -0.153761 -0.087974 0.0151395 0.00976064 0.0397817 0.0195777 -0.0519732 -0.0733116 -0.0485603 -0.0731382 -0.032922 -0.0737768 -0.132947 0.0571772 0.0565928 -0.0551085 -0.000585382
internal_weight=9047.8 9012.57 103.051 86.3196 63.0826 56.7462 23.237 6.53785 29.0897 16.6991 2.74321 26.6329 5.46586 2.16901 6.33639 27.6566 26.329 11.6642 9.4855 16.7313 11.288 7.93844 6.4837 3.87686 2.81441 2.60684 13.9559 5.88914 4.45179 8909.52
internal_count=615018 614370 3480 1949 1518 1393 431 125 744 306 72 646 144 82 125 649 638 319 308 1531 1031 348 279 153 129 126 234 200 90 610890
is_linear=0
shrinkage=0.1


Tree=221
num_leaves=31
num_cat=0
split_feature=20 1 17 1 1 1 4 20 20 3 13 4 1 1 8 1 1 1 20 1 12 0 1 1 0 18 1 1 1 18
split_gain=1.72403 6.95595 4.70809 16.8678 6.61314 8.22936 5.04409 4.72762 4.81666 4.59413 4.47641 8.33168 5.41566 14.7229 13.078 11.1232 11.8641 18.7254 10.9307 13.3224 29.8951 9.35439 8.739 8.53618 9.42182 7.5314 6.58476 4.90113 35.7253 15.2486
threshold=0.49550456499008572 216.50000000000003 1.0000000180025095e-35 237.50000000000003 549.00000000000011 602.00000000000011 0.13805970149253743 0.044599135067900392 0.022150443092980039 0.35261194029850756 1.0000000180025095e-35 0.26766169154228864 714.50000000000011 693.50000000000011 1.0000000180025095e-35 673.50000000000011 636.50000000000011 505.50000000000006 0.14396916586045092 652.00000000000011 1.0000000180025095e-35 6.6257613015646504 793.00000000000011 859.50000000000011 8.0174438635109553 1.0000000180025095e-35 666.50000000000011 436.50000000000006 407.50000000000006 1.0000000180025095e-35
decision_type=2 2 2 2 2 2 2 2 2 2 2 2 2 2 2 2 2 2 2 2 2 2 2 2 2 2 2 2 2 2
left_child=2 -2 10 -4 6 -6 7 8 -5 -7 12 -12 13 15 -14 16 17 27 26 -20 -21 -15 -16 24 -24 -19 -18 28 -1 -30
right_child=1 -3 3 4 5 9 -8 -9 -10 -11 11 -13 14 21 22 -17 18 25 19 20 -22 -23 23 -25 -26 -27 -28 -29 29 -31
leaf_value=0.0026947100483817894 0.040657353114334549 0.00089242294411735691 -0.00050260857065495426 -0.080981607812464496 0.027398757283824376 0.034099184716982665 -0.057051838605164641 -0.02175582952607898 0.50325129977597916 -0.07534802474579072 0.013013242101320856 -0.010120531895012178 -0.0022084201927397625 0.015367962596711677 -0.095206981312978819 -0.077775427066336986 -0.039156719437235241 -0.015581989282295742 0.10474984317562525 -0.1139984732991344 0.30274946627230936 0.091629095418682305 -0.063416057553914912 -0.042368232649231369 0.038532630680144411 -0.078294626308984691 0.046212706635636175 0.017997227674679841 -0.015008488856375936 -0.14591812299104065
leaf_weight=941.08388415786521 44.370349211036228 5134.6413658746751 711.10347657655802 0.23869506300252297 33.859947016888327 4.9335382093495381 99.125091136835181 51.123695691687317 0.34518975646642502 17.228087668416265 580.77811757394375 212.69794523124074 671.897032586362 37.450040597286716 20.389154304881231 18.32390423994002 20.597310231342817 35.458823546987333 31.988654039276298 8.1420416821856616 2.1827269310597321 28.193452913172223 12.509392163367009 93.577729068114422 32.923414234537631 41.635505597660085 16.095595828257501 155.09565631810983 14.309804189462737 23.5272961568553
leaf_count=68270 1059 227722 81255 180 2867 1609 26227 9871 75 4246 37404 23429 66045 2356 3674 3368 4224 11694 570 1486 275 1852 1100 11772 1002 8088 699 8373 2507 1404
internal_value=3.58266e-05 0.0012331 -0.00154727 -0.00781374 -0.0329472 -0.00360847 -0.0438441 -0.0185244 0.264414 -0.0509833 0.000370907 0.00681204 -0.00194655 0.00190783 -0.00831762 -0.000410679 0.000688155 -0.00176115 0.0382342 0.0728716 -0.0258951 0.0481216 -0.034069 -0.0251016 0.0104623 -0.0494505 -0.00170883 0.00148094 -0.00113582 -0.0964087
internal_weight=9095.83 5179.01 3916.82 917.958 206.854 56.0216 150.833 51.7076 0.583885 22.1616 2998.86 793.476 2205.38 1374.08 831.297 1308.44 1290.12 1211.11 79.0063 42.3134 10.3248 65.6435 159.4 139.011 45.4328 77.0943 36.6929 1134.02 978.921 37.8371
internal_count=614703 228781 385922 126330 45075 8722 36353 10126 255 5855 259592 60833 198759 115166 83593 110958 107590 100336 7254 2331 1761 4208 17548 13874 2102 19782 4923 80554 72181 3911
is_linear=0
shrinkage=0.1


Tree=222
num_leaves=31
num_cat=0
split_feature=7 4 5 20 1 0 20 4 3 1 3 0 20 1 7 0 7 15 7 0 1 0 19 4 4 20 20 20 4 0
split_gain=1.1198 0.956778 1.5498 1.12794 1.78825 1.03454 0.955002 0.857295 2.88954 6.40011 3.63802 3.05795 4.01281 4.27694 3.30398 2.96534 2.96054 2.72026 2.60047 2.98932 2.90032 3.83066 4.70531 2.80032 2.94967 3.33966 2.88128 2.7994 2.56007 2.61112
threshold=11.500000000000002 0.83062810945273646 1.0000000180025095e-35 0.01795700428909516 793.00000000000011 56.555823294905601 0.22849665766322161 0.14172885572139313 0.51119402985074636 1936.0000000000002 0.61380597014925387 23.590134092139383 0.36199550496186472 13382.000000000002 5.5000000000000009 5.7968099260894306 5.5000000000000009 1.0000000180025095e-35 3.5000000000000004 22.983669228593588 1004.0000000000001 7.6246512480542989 1.0000000180025095e-35 0.31296641791044782 0.37988184079602 0.95533903296776679 0.940221888383869 0.88421228964015974 0.25447796934865907 26.968050425459641
decision_type=2 2 2 2 2 2 2 2 2 2 2 2 2 2 2 2 2 2 2 2 2 2 2 2 2 2 2 2 2 2
left_child=1 7 -3 4 -4 -5 -2 -1 11 10 -10 14 13 28 17 -12 -11 18 -9 20 -20 -22 23 26 25 -25 27 -23 -13 -30
right_child=6 2 3 5 -6 -7 -8 8 9 16 15 12 -14 -15 -16 -17 -18 -19 19 -21 21 22 -24 24 -26 -27 -28 -29 29 -31
leaf_value=0.0014315500752120735 -0.084411892795168197 0.19388877932529344 0.11052286996864924 -0.14186333189706055 1.697869219633114 0.040993362686644684 -0.013066052001131015 0.0014635517438139848 -0.06526259443418278 0.019609830330819422 -0.03664515974695344 -0.040688132022953329 -0.0020039217653955604 0.026103789909448307 0.037016601763935272 0.038686088020808529 -0.061789714918209393 0.031353369765840626 0.046484463960759219 0.071534604069727323 -0.068237592214563311 -0.03261086242706452 0.0067630363914532509 -0.14931389547429894 -0.078109904035976993 -0.53030445119016356 0.040283070112016171 -0.24079505112163116 0.018331202800665559 -0.025085147022786559
leaf_weight=2881.1891480779841 2.7720815380489494 0.64923103051114539 0.023356806170341193 0.3763625689025506 0.010194972954195691 1.7391050364676628 5.8049359302676748 3305.930718621642 28.778174778850371 39.109973383252509 16.335666787155791 59.858121000761457 2502.0650648050596 18.243366959155537 26.115687242687272 7.6831555421667863 5.044444830477004 29.877879587729694 5.7057464700192204 3.597798421047627 17.285941300091508 2.519540588604285 34.049684683806845 0.84584325738251187 5.6931822339829523 0.31604380672797561 3.873474913300015 0.8685732316225766 19.727977977772753 46.509717733844809
leaf_count=166985 763 51 86 444 55 149 681 288568 7777 1973 2669 5983 117847 643 1999 549 545 1611 102 105 2408 211 2683 119 396 16 45 48 2158 7809
internal_value=-9.13204e-06 2.50433e-05 0.0584899 0.0175852 0.592851 0.00846135 -0.0361249 6.98839e-06 -0.000657155 -0.017785 -0.0412813 -0.000384173 -0.0029392 -0.0191518 0.00158331 -0.0125482 0.0103103 0.00131199 0.00104649 -0.0173972 -0.0218937 -0.0278545 -0.0133618 -0.0619032 -0.107744 -0.252947 -0.0186291 -0.0859807 -0.0256994 -0.0121542
internal_weight=9072.6 9064.02 2.79825 2.14902 0.0335518 2.11547 8.57702 9061.22 6180.04 96.9514 52.797 6083.08 2646.4 144.339 3436.68 24.0188 44.1544 3410.56 3380.69 74.7558 71.158 65.4523 48.1663 14.1167 6.85507 1.16189 7.26159 3.38811 126.096 66.2377
internal_count=615478 614034 785 734 141 593 1444 613249 446264 13513 10995 432751 134440 16593 298311 3218 2518 296312 294701 6133 6028 5926 3518 835 531 135 304 259 15950 9967
is_linear=0
shrinkage=0.1


Tree=223
num_leaves=31
num_cat=0
split_feature=0 1 4 5 8 1 1 1 1 12 1 1 1 18 1 1 4 18 1 13 1 10 1 4 1 1 3 3 1 1
split_gain=1.45294 3.16451 3.08043 2.85563 7.27314 6.19009 8.2565 8.34521 7.18376 4.86771 4.2505 7.01225 5.51691 3.9008 3.83258 5.41132 3.26114 3.07626 8.44531 3.04003 4.06585 2.67199 4.12775 2.79387 2.72307 4.14029 3.85962 2.72213 2.61378 6.36473
threshold=6.6257613015646504 42.500000000000007 0.31691542288557223 2.5000000000000004 1.0000000180025095e-35 748.00000000000011 436.50000000000006 456.50000000000006 111.50000000000001 1.0000000180025095e-35 498.50000000000006 505.50000000000006 666.50000000000011 1.0000000180025095e-35 429.50000000000006 436.50000000000006 0.13275862068965522 1.0000000180025095e-35 36.500000000000007 1.0000000180025095e-35 54.500000000000007 1.0000000180025095e-35 10.500000000000002 0.30438218390804606 270.50000000000006 263.50000000000006 0.69216417910447781 0.71828358208955234 345.00000000000006 368.00000000000006
decision_type=2 2 2 2 2 2 2 2 2 2 2 2 2 2 2 2 2 2 2 2 2 2 2 2 2 2 2 2 2 2
left_child=3 2 -2 -1 9 6 8 16 17 13 -9 -12 -13 21 19 -16 -8 -6 -19 -15 -21 22 -5 24 25 27 -26 -24 -10 -30
right_child=1 -3 -4 4 5 -7 7 10 28 -11 11 12 -14 14 15 -17 -18 18 -20 20 -22 -23 23 -25 26 -27 -28 -29 29 -31
leaf_value=-0.0060460889150745975 0.048694374177554275 0.00052438122140049676 -0.071899229319599522 -0.030768650470973703 -0.016154881407150382 -0.091762960785088638 -0.044540734543357913 -0.083601449238221326 -0.045981086708588692 -0.023516548132080747 0.15467755952418638 -0.080808621886836185 0.030608952533082767 0.036834840709782365 0.13500970763270176 -0.0035931856119347295 0.083901455371826125 -0.086482890269652113 0.032670871546255038 0.022947734192711487 -0.059084143847865339 0.053035070889097959 0.025071445754065298 -0.0067322478194472056 0.005960896041282345 0.079845165618079528 0.061082472499767351 -0.040100732385581775 0.044365373745208096 -0.048509895881099434
leaf_weight=1019.7357372083698 21.651945959994922 7190.7239671626776 2.3478654844802795 20.969329809653573 53.700143894249777 9.2959238992771116 2.1826246068812933 6.0497634880302966 74.935136438554764 44.346786067124413 2.9439832220086855 7.1143378641572808 11.840808514447415 5.8516938034445038 3.6351716630160835 12.512447764514944 20.958173097576946 6.8065396122401571 47.181198803358711 7.749756059376522 27.419871096324641 16.916227894253097 154.53547215846265 53.357454993662031 185.54994602951047 13.589231347461462 13.636391508742234 6.686210452578961 12.299022241582863 18.444058344786754
leaf_count=137162 784 403745 159 873 7287 1341 75 1007 8184 18277 176 1229 443 173 40 804 346 613 1638 539 3209 358 6915 5327 11856 675 545 223 370 1296
internal_value=2.86872e-06 0.000645375 0.0368969 -0.00248901 0.00182657 -0.0115582 -0.00873887 0.0273703 -0.0173851 0.0082916 -0.00940524 0.0110919 -0.0112088 0.0109918 -0.013659 0.0276093 0.0717869 0.000791939 0.0176485 -0.0299038 -0.0410081 0.0140209 0.0125488 0.0146743 0.0177283 0.0268367 0.00973455 0.0223686 -0.0359078 -0.0113544
internal_weight=9074.97 7214.72 23.9998 1860.24 840.508 273.752 264.456 51.0897 213.366 566.756 27.9489 21.8991 18.9551 522.409 57.1689 16.1476 23.1408 107.688 53.9877 41.0213 35.1696 465.24 448.324 427.355 373.997 174.811 199.186 161.222 105.678 30.7431
internal_count=615669 404688 943 210981 73819 24005 22664 3276 19388 49814 2855 1848 1672 31537 4765 844 421 9538 2251 3921 3748 26772 26414 25541 20214 7813 12401 7138 9850 1666
is_linear=0
shrinkage=0.1


Tree=224
num_leaves=31
num_cat=0
split_feature=3 0 1 1 4 4 4 20 3 0 4 1 0 0 17 0 3 4 5 0 0 20 4 4 4 3 4 4 20 13
split_gain=1.49036 2.161 3.20465 3.30748 4.50552 3.512 3.1416 2.97939 4.61257 3.10128 2.92445 2.42256 2.38288 2.32617 1.95853 2.80343 3.03156 5.35783 2.55358 3.6403 2.81003 2.57543 2.08828 2.49732 4.78808 2.19571 2.52863 1.95357 2.91434 2.55417
threshold=0.48320895522388069 101.64407639166049 2013.5000000000002 666.50000000000011 0.058860153256704968 0.07885536398467434 0.16728855721393032 0.32154975984495543 0.14365671641791047 9.5433360994580294 0.07885536398467434 1685.0000000000002 23.288057653076411 55.187617783717165 1.0000000180025095e-35 10.744082540554487 0.14365671641791047 0.041666666666666664 1.5000000000000002 1.1849232864319958 7.3697276401885423 0.56977839954494269 0.012954980842911886 0.033582089552238813 0.048507462686567158 0.06834577114427863 0.066858237547892746 0.040637330588437111 0.74416403913925067 1.0000000180025095e-35
decision_type=2 2 2 2 2 2 2 2 2 2 2 2 2 2 2 2 2 2 2 2 2 2 2 2 2 2 2 2 2 2
left_child=1 2 3 4 12 14 -7 11 9 -9 -3 -8 -1 -6 18 16 22 -18 19 -5 -20 -22 -16 -24 -25 -26 -27 -17 29 -29
right_child=-2 10 -4 5 13 6 7 8 -10 -11 -12 -13 -14 -15 15 27 17 -19 20 -21 21 -23 23 24 25 26 -28 28 -30 -31
leaf_value=0.011799001660621781 -0.0011045292837749846 0.063882816053422026 -0.004367959260436741 0.08660982470659917 -0.036070124049625903 0.059956959513287181 0.036803491219545015 0.18254339316895193 -0.03676862868355571 0.02470873325335441 0.011021357251104423 0.14821002802050168 0.11161642669440826 0.094914667790487961 -0.070780945990718505 0.049041836321294413 -0.17159484800552188 0.037923188947124098 -0.072853713657149627 -0.032417881723177507 0.081201705785080486 0.0032916797366571585 0.073424825394251422 -0.14688620342700251 0.14620481570078456 -0.12408244393337531 0.074916238644487251 -0.11273640362802036 0.10006983869638791 0.0063370759022903693
leaf_weight=26.168444052716954 8303.4017843289839 12.142647041939197 372.72444010071376 2.7794028650387181 37.308324572882157 27.66124754089833 17.422087767365159 1.3561953594598914 16.780669665517053 15.170264005128955 75.777615507569863 2.1981492499271544 2.6321659684181204 1.4069423669279775 2.5942884171381619 26.649091179482639 2.7900487199658519 2.1696457683574408 2.7664035488269318 34.015402004006319 7.2513302600709748 10.2268225394655 6.0450986786745471 1.938162844860926 1.3888347130268797 1.1077716839499787 1.507454785518348 2.4584489585831744 2.3137196982279411 6.7407613706891425
leaf_count=2164 498761 224 29683 144 37581 4902 11729 297 10516 7760 5436 918 44 132 38 409 169 129 279 2489 419 296 68 63 22 50 46 128 23 199
internal_value=-0.000725244 0.00362775 0.00159505 0.0100508 -0.00902931 0.0166458 0.0326456 0.018372 0.000162136 0.037661 0.018322 0.0492849 0.0209216 -0.03131 0.00540836 0.0183978 -0.0124046 -0.07994 -0.00773225 -0.0234268 0.0207928 0.035615 0.0105665 0.0281717 -0.0178649 0.0445878 -0.00937669 0.0341705 -0.000252448 -0.0254848
internal_weight=9026.89 723.492 635.572 262.847 67.5159 195.331 80.5886 52.9274 33.3071 16.5265 87.9203 19.6202 28.8006 38.7153 114.743 57.7033 19.5413 4.95969 57.0394 36.7948 20.2446 17.4782 14.5816 11.9873 5.94222 4.00406 2.61523 38.162 11.5129 9.19921
internal_count=615118 116357 110697 81014 39921 41093 36122 31220 18573 8057 5660 12647 2208 37713 4971 1344 585 298 3627 2633 994 715 287 249 181 118 96 759 350 327
is_linear=0
shrinkage=0.1


Tree=225
num_leaves=31
num_cat=0
split_feature=4 15 1 20 1 20 4 1 0 0 4 12 16 1 1 1 0 4 20 0 0 15 20 0 1 1 4 12 4 18
split_gain=1.45493 2.75296 1.94538 3.66983 5.3502 3.65189 5.6951 3.06965 2.68535 3.56772 2.49419 4.90849 3.80732 5.50874 6.43235 5.06769 4.22417 3.52186 3.35663 4.415 7.1569 2.85613 3.05602 5.7978 4.51661 3.55421 2.71046 2.67751 8.13146 6.22666
threshold=0.22056992337164752 1.0000000180025095e-35 139.50000000000003 0.30258554447136893 137.50000000000003 0.14396916586045092 0.30838122605363993 153.00000000000003 14.340531860547591 11.212210140899963 0.38469291473666162 1.0000000180025095e-35 1.0000000180025095e-35 3685.0000000000005 37272.500000000007 3230.0000000000005 83.486017277617677 0.29238505747126442 0.68161890165561989 31.598040432680918 25.5096740799769 1.0000000180025095e-35 0.16668612546032643 5.2532427124012955 15533.500000000002 173.50000000000003 0.40357587064676625 1.0000000180025095e-35 0.47600574712643684 1.0000000180025095e-35
decision_type=2 2 2 2 2 2 2 2 2 2 2 2 2 2 2 2 2 2 2 2 2 2 2 2 2 2 2 2 2 2
left_child=1 -1 3 5 -5 -2 8 -4 9 -7 11 -9 21 15 16 -14 18 -13 -15 20 -20 22 -12 24 25 -24 -16 -25 29 -29
right_child=2 -3 7 4 -6 6 -8 10 -10 -11 12 17 13 14 26 -17 -18 -19 19 -21 -22 -23 23 27 -26 -27 -28 28 -30 -31
leaf_value=0.00097831448385844017 0.0043645084531157884 -0.039395110956725279 -0.050432094971433021 0.033865257003868124 -0.1341328727459716 -0.045075492790478268 -0.11508846988561619 -0.0029772529711566548 -0.087795026098179366 0.0555799480954196 0.021435440247400295 -0.05335825706376416 -0.042325471846970525 0.20665025086782146 0.014212015819602226 -0.18114350071797097 -0.17564915737265999 -0.0092674735801105031 0.015652505314732012 0.078212486140495321 -0.20794987801080855 0.049490736209169828 0.13108068873731787 0.00071455833002572865 0.13080365240932001 -0.10721455089587793 -0.16879389075132084 -0.014363481314170798 -0.092273608547184555 0.066047273392770625
leaf_weight=4765.5519844505479 249.60873472590174 16.949226953205653 13.223828085205239 56.948942100803833 1.9609368387609709 6.1909426271449837 6.6529103162756646 2845.2084979719712 3.3054081540612961 8.1665310912649129 81.826928833234888 33.086156050913814 20.09342010424098 1.0652581613976604 1.1525459634140127 3.0257763678819165 1.0099999345839012 40.041797126339588 11.36997662036447 9.1327640041708928 1.6376045446377236 13.406499947072005 0.67090638145054882 771.26556283238006 1.0085110147701914 9.3324471339237771 2.7175399990810547 14.456145598574947 5.2773997329286422 28.84563574808999
leaf_count=292334 28714 1905 4477 966 51 925 1352 167873 157 248 22548 6925 6269 72 68 585 64 7806 366 165 86 429 103 61773 55 3660 213 959 1808 2264
internal_value=-0.000360569 0.000835231 -0.00170883 0.00563027 0.0282731 0.000760733 -0.0362331 -0.00233375 -0.00653137 0.0121773 -0.00217048 -0.00363475 0.00220203 -0.0243421 0.00541668 -0.0604936 0.0245484 -0.029216 0.0332618 0.0249194 -0.0124982 0.00366969 0.00299662 0.00118067 -0.0708976 -0.0912325 -0.114293 0.0021488 0.0249195 0.0392024
internal_weight=9024.19 4782.5 4241.69 332.834 58.9099 273.925 24.3158 3908.86 17.6629 14.3575 3895.63 2918.34 977.295 51.2049 28.0857 23.1192 24.2156 73.128 23.2056 22.1403 13.0076 926.09 912.684 830.857 11.0119 10.0034 3.87009 819.845 48.5792 43.3018
internal_count=615220 294239 320981 32413 1017 31396 2682 288568 1330 1173 284091 182604 101487 7888 1034 6854 753 14731 689 617 452 93599 93170 70622 3818 3763 281 66804 5031 3223
is_linear=0
shrinkage=0.1


Tree=226
num_leaves=31
num_cat=0
split_feature=2 2 0 4 4 2 10 18 4 2 5 2 2 4 4 18 2 12 0 4 4 4 20 0 20 3 20 9 2 7
split_gain=1.5693 5.05278 8.18714 5.27024 5.2 7.05877 4.49397 5.04122 4.46364 4.27311 3.84479 3.64144 3.59428 5.84228 6.22036 5.07964 4.61111 4.16356 4.38728 4.14642 7.48716 4.0478 3.60055 5.47773 9.30398 3.31951 3.25077 5.39818 4.93367 5.34877
threshold=9.2149288532632188 9.0610621597356573 21.787407554265702 0.47200670498084296 0.22056992337164752 9.1796233979849244 1.0000000180025095e-35 1.0000000180025095e-35 0.35444187110424896 9.0981228795483613 2.5000000000000004 9.0981228795483613 9.5708741489416926 0.15466954022988508 0.36628352490421462 1.0000000180025095e-35 9.4200610636594693 1.0000000180025095e-35 16.946241795626953 0.40738119746097107 0.43308457711442799 0.39962686567164191 0.85965504547710581 31.598040432680918 0.68664547289247635 0.40485074626865675 0.52115977695809612 1.0000000180025095e-35 9.5181035408774814 3.5000000000000004
decision_type=2 2 2 2 2 2 2 2 2 2 2 2 2 2 2 2 2 2 2 2 2 2 2 2 2 2 2 2 2 2
left_child=1 -1 3 8 5 9 7 -6 -3 -4 -10 -9 13 26 16 17 22 18 21 -17 -21 -16 23 -15 -25 -20 -2 -28 -29 -30
right_child=12 2 4 -5 6 -7 -8 11 10 -11 -12 -13 -14 14 15 19 -18 -19 25 20 -22 -23 -24 24 -26 -27 27 28 29 -31
leaf_value=-0.0004834360058461318 -0.011390753583223032 -0.042826750882758002 -0.060184359552785775 0.058646325484426602 0.027871798102014917 -0.086970487857796736 0.09653563805616884 0.053476691753736254 -0.13041629337974636 0.010039095186036039 0.077189862531045386 -0.052692997297040224 -3.5678068909125882e-05 -0.067498237500162206 0.04827091466836203 0.096377282581372972 0.003490491507705576 -0.15780470899040511 -0.013552887838074349 -0.13060609331863882 0.059507929693512908 -0.1085641351885758 -0.067664190941762722 -0.048959214104856957 0.070724196848293841 0.041161473235053009 0.011971144899576647 0.064529759066838249 -0.066824221991014759 0.040486432071830288
leaf_weight=7115.587214449235 23.469423390954034 25.422393842949532 11.49608922365587 3.6458421139250268 37.856446114950813 14.57565333729144 6.0378019359195596 3.9696395592764047 11.983136051800098 35.189134283922613 0.9638040126301356 17.350248796632513 1335.9857855508999 13.812980647373477 2.3677382915629996 13.404977898520885 68.362752701126738 1.5399221965344612 17.868359955376945 2.7151092326967037 8.7390983283985388 5.3959028967874474 21.163031872361898 13.088146965776106 12.894604450964833 29.22358388183784 91.19047189905541 53.522222967527341 6.623123212950305 15.550236809300259
leaf_count=553241 1062 1504 394 141 1395 538 145 76 634 891 21 474 41964 1116 133 269 2598 230 747 159 250 467 816 755 324 972 2063 926 186 328
internal_value=-0.000244657 -0.00088872 -0.0180045 -0.0562498 -0.00529933 -0.0262202 0.0143533 0.00596816 -0.0671672 -0.00725321 -0.114962 -0.0329248 0.00245634 0.0107602 -0.000716905 0.0209658 -0.0143405 0.00436564 0.00891813 0.0586251 0.0144432 -0.0607329 -0.0343372 -0.0166143 0.0104367 0.0204009 0.0234566 0.0283572 0.0480975 0.00843303
internal_weight=9020.99 7284.08 168.49 42.0152 126.475 61.2609 65.2141 59.1763 38.3693 46.6852 12.9469 21.3199 1736.92 400.932 210.576 81.2547 129.322 56.3955 54.8556 24.8592 11.4542 7.76364 60.9588 39.7957 25.9828 47.0919 190.355 166.886 75.6956 22.1734
internal_count=614819 559454 6213 2300 3913 1823 2090 1945 2159 1285 655 550 55365 13401 8836 3227 5609 2549 2319 678 409 600 3011 2195 1079 1719 4565 3503 1440 514
is_linear=0
shrinkage=0.1


Tree=227
num_leaves=31
num_cat=0
split_feature=4 1 0 1 1 1 1 1 1 4 13 4 3 1 0 7 0 0 4 0 4 0 1 4 1 1 16 1 1 1
split_gain=1.74691 2.59149 2.63318 2.28808 2.71806 2.98373 4.6821 5.02308 3.55161 3.94453 3.51245 3.28179 3.25622 4.11884 3.73275 3.08324 3.06542 2.58438 2.54531 2.48087 2.98202 2.74791 2.47154 4.76206 2.44516 2.66092 2.41713 2.70835 2.30465 3.23136
threshold=0.42518656716417919 289.50000000000006 8.4201711490531821 512.50000000000011 728.00000000000011 1004.0000000000001 1586.5000000000002 1701.5000000000002 978.50000000000011 0.45009578544061307 1.0000000180025095e-35 0.4641019042717448 0.40485074626865675 8937.5000000000018 50.549127207752143 4.5000000000000009 6.7479954012188346 51.660680889015815 0.47200670498084296 11.850278798175015 0.45653914336364165 24.838949403228479 23098.500000000004 0.46654228855721402 1973.5000000000002 2354.5000000000005 1.0000000180025095e-35 24327.500000000004 800.50000000000011 931.00000000000011
decision_type=2 2 2 2 2 2 2 2 2 2 2 2 2 2 2 2 2 2 2 2 2 2 2 2 2 2 2 2 2 2
left_child=-1 2 -2 -3 -5 8 17 10 28 -10 16 12 13 -9 15 -14 -8 -7 -12 -18 -21 -22 23 -13 -25 -26 27 -24 -6 -30
right_child=1 3 -4 4 5 6 7 11 9 -11 18 22 14 -15 -16 -17 19 -19 -20 20 21 -23 26 24 25 -27 -28 -29 29 -31
leaf_value=-0.00070880069711965464 -0.017507779766577896 0.040641484213143036 -0.13875842750399933 -0.036288602263461936 0.051437329247859168 -0.038200818964643307 -0.1433577223074726 -0.12890449297230691 -0.13467147690151457 0.10665424549100938 -0.10267019060942723 -0.11822066007632832 0.015662106175395919 -0.0017568780659640349 0.080097664754354314 -0.10471654354835179 0.13001406438807853 0.049118603491885716 0.050846320728625077 0.094863860258420002 -0.16431758154984508 0.12788999700245304 0.087869953097877707 0.030314802765669408 -0.097312290469627333 -0.012203225613464968 0.096085443117274114 0.0003449067320504628 -0.055900750583389662 0.039125587259566809
leaf_weight=8531.1271995116986 8.4516194238994995 18.85918122332896 2.2727015882592232 15.335965120603758 10.205245479897714 33.83819355606829 0.55796083452878775 3.3805685081288166 0.73532383347628538 8.5850824911030923 1.9489133568567911 4.2281140773320649 168.0960705782727 10.341999552125342 9.0351253597764281 2.1549702849006271 7.9306618355330993 3.7668105627381001 2.4224397955404129 3.0343985981307924 1.0692942766472695 0.46038658276665945 3.8032959722913793 13.168276773261821 3.8348872374735938 87.288300550539134 3.1904232769884393 50.194720089282782 7.5276729126708215 6.8210055813669896
leaf_count=547945 4902 6704 1003 9646 3917 8696 110 1063 135 445 288 347 6325 479 171 600 167 1976 704 117 104 37 39 1681 1995 7813 87 2352 3857 1339
internal_value=-0.000374481 0.00541616 -0.0432033 0.00649834 0.00510747 0.00652575 0.00418963 0.00755321 0.0350594 0.0876151 0.059987 0.00500633 0.013869 -0.0330798 0.0174624 0.0141384 0.0859699 -0.0294542 -0.0175971 0.0962107 0.037473 -0.0763721 -0.00531644 -0.0141821 -0.00996426 -0.015785 0.0115069 0.00650965 0.0151098 -0.0107276
internal_weight=9023.67 492.54 10.7243 481.815 462.956 447.62 413.746 376.141 33.8743 9.32041 17.4241 358.717 193.009 13.7226 179.286 170.251 13.0527 37.605 4.37135 12.4947 4.56408 1.52968 165.708 108.52 104.291 91.1232 57.1884 53.998 24.5539 14.3487
internal_count=615044 67099 5905 61194 54490 44844 35151 24479 9693 580 1527 22952 8638 1542 7096 6925 535 10672 992 425 258 141 14314 11836 11489 9808 2478 2391 9113 5196
is_linear=0
shrinkage=0.1


Tree=228
num_leaves=31
num_cat=0
split_feature=3 1 1 4 13 4 4 20 18 20 18 0 4 4 8 4 1 4 4 19 20 0 5 20 4 0 5 20 20 1
split_gain=1.39142 1.10463 5.08038 5.37828 12.1509 8.66325 7.93056 5.8396 6.53316 4.48323 3.88754 3.79075 3.57277 3.47406 3.08773 4.55146 3.911 8.46363 3.743 3.79715 6.61683 5.77719 3.76155 3.43403 3.21956 2.72578 2.79314 4.98375 3.79039 2.88012
threshold=0.74440298507462699 3332.5000000000005 3685.0000000000005 0.38777985074626875 1.0000000180025095e-35 0.43308457711442799 0.18308457711442794 0.89441734684883911 1.0000000180025095e-35 0.91565628707710289 1.0000000180025095e-35 13.411604758315073 0.35066049065019739 0.42123756218905478 1.0000000180025095e-35 0.30150254474752686 4357.0000000000009 0.34850746268656724 0.13805970149253743 1.0000000180025095e-35 0.56977839954494269 35.381685933110013 1.0000000180025095e-35 0.67152095087446095 0.35822325155830054 1.1849232864319958 1.0000000180025095e-35 0.69150269515457052 0.62495714042578265 3469.5000000000005
decision_type=2 2 2 2 2 2 2 2 2 2 2 2 2 2 2 2 2 2 2 2 2 2 2 2 2 2 2 2 2 2
left_child=1 9 3 4 12 11 10 -8 -9 -1 -6 13 25 -5 16 -16 17 18 -4 20 22 -21 -20 -19 -25 -3 27 28 -27 -28
right_child=-2 2 14 5 6 -7 7 8 -10 -11 -12 -13 -14 -15 15 -17 -18 23 19 21 -22 -23 -24 24 -26 26 29 -29 -30 -31
leaf_value=8.8622798781946925e-05 -0.028844592979331757 -0.15115272944393754 0.0026507854265585798 -0.11901229572051351 -0.079129307959612052 -0.095549106274317772 -0.0099855985662638293 -0.027535891677551057 -0.18427969969386776 0.014832874691728582 -0.17215557592973163 0.073880397396384231 -0.12448505123226593 0.081554878824275687 -0.074384472254722417 0.008110973468421814 -0.0015688517814734411 -0.15695003747006753 -0.0065207230322743177 0.068793201489587563 0.049543526372550592 -0.03216728804149576 -0.18020153363387756 -0.14315318933959753 -0.013906688296915852 -0.068030864053274326 0.076907977727254093 -0.07866951035670211 0.086852022126166384 0.0051562134115045802
leaf_weight=5972.4717018779738 16.932423502788879 1.1692497816402454 64.039300250064116 2.1746682800585471 11.595932655240178 4.8502341035782583 26.104691298154648 5.9546772600151581 4.8048016559332609 213.60252514728927 7.3330728991422793 16.374730895913672 2.3507657928275867 1.4324768956284968 13.835327764973046 12.945898918551391 2411.0748474030988 1.8871442014133197 3.9857141128450158 8.2409234054212011 84.675341860274784 18.152076624333858 1.8147696282248942 2.0128118660068131 45.38921873383515 2.4525803721044239 6.1577877840027204 10.039817968674468 4.4415238869842142 61.134454507613555
leaf_count=512007 697 170 1803 158 662 607 1034 126 137 5965 336 334 155 59 472 226 82298 281 93 448 1645 971 41 102 2003 191 80 605 134 1540
internal_value=-0.000205257 -0.000151509 -0.00178557 -0.0186327 -0.0260665 0.0243374 -0.0625538 -0.0355376 -0.0975321 0.000597736 -0.115168 0.0534377 -0.00286609 -0.0393626 -0.000722406 -0.0345066 -0.000379851 0.0120737 0.0220823 0.03273 0.0424655 -0.000643488 -0.0608594 -0.0246614 -0.0193948 0.000481836 0.00258687 -0.0337148 0.0317524 0.0117221
internal_weight=9039.43 9022.5 2836.42 168.371 143.539 24.8321 55.7932 36.8642 10.7595 6186.07 18.929 19.9819 87.7462 3.60715 2668.05 26.7812 2641.27 230.197 180.908 116.869 90.4758 26.393 5.80048 49.2892 47.402 85.3954 84.2262 16.9339 6.8941 67.2922
internal_count=615380 614683 96711 6328 5170 1158 2295 1297 263 517972 998 551 2875 217 90383 698 89685 7387 5001 3198 1779 1419 134 2386 2105 2720 2550 930 325 1620
is_linear=0
shrinkage=0.1


Tree=229
num_leaves=31
num_cat=0
split_feature=20 0 18 4 2 4 8 4 4 2 2 0 9 18 0 4 18 4 20 4 4 2 4 0 6 20 4 2 0 4
split_gain=1.94185 3.36034 3.68937 2.73631 3.94246 3.4146 2.66726 3.37045 4.06452 4.94668 2.4783 3.87804 3.09682 6.65327 3.89508 5.00716 3.4848 6.33977 4.29272 5.551 4.00609 3.47076 3.02057 2.87796 2.65746 3.4735 4.91241 3.43697 6.74602 7.63068
threshold=0.96371328872753381 8.4201711490531821 1.0000000180025095e-35 0.40357587064676625 8.9124042694967169 0.44493159203980109 1.0000000180025095e-35 0.33271144278606973 0.2992537313432837 7.8300273710961923 8.2621708936589169 28.100148878328277 1.0000000180025095e-35 1.0000000180025095e-35 101.64407639166049 0.39619252873563227 1.0000000180025095e-35 0.31637931034482764 0.98592335930637953 0.31296641791044782 0.21072761194029857 10.526005181502923 0.39412134728655579 55.187617783717165 1.0000000180025095e-35 0.99999855885341915 0.28247126436781617 10.761919367532974 32.573803405163282 0.15357587064676623
decision_type=2 2 2 2 2 2 2 2 2 2 2 2 2 2 2 2 2 2 2 2 2 2 2 2 2 2 2 2 2 2
left_child=-1 2 -2 6 5 -5 10 8 9 -8 11 -3 13 24 15 16 17 20 19 -18 -14 -16 23 -15 -12 26 -26 28 29 -27
right_child=1 3 -4 4 -6 -7 7 -9 -10 -11 12 -13 14 22 21 -17 18 -19 -20 -21 -22 -23 -24 -25 25 27 -28 -29 -30 -31
leaf_value=-0.00029327433126577268 -0.1510489354865146 -0.11671014640536903 -0.0018986122171939391 0.087325252161619404 0.011433879545034328 -0.0030337029191662796 -0.012801961294225637 -0.12891109141075094 0.077571731021790394 -0.14867708955381803 0.0096481195615690032 0.025247268624433345 0.0097550946918163392 -0.048813055369409851 -0.048078045079291247 -0.11507889182936844 0.032330641831279983 0.056423150566765917 0.076251921804366726 -0.14871441571306118 -0.051146681872848293 0.00936374514431439 0.048436047258639141 -0.01386411210278957 -0.06167157876842732 -0.015447743664482339 0.059931375658957432 0.012335941031216689 -0.021821384524680673 -0.26051852807582171
leaf_weight=8267.4979825042501 2.8761656056158236 1.9775604913011182 3.9171892334707081 13.741677950602027 113.97387451370014 6.0117469426841117 18.387807885534141 2.918491495307534 3.9655062053352585 3.1363959670998147 205.77611792515381 71.589228522905614 58.33358931663679 42.461013426771387 17.4217699454166 2.6566941265482447 10.807964137056841 25.646510397316888 22.877472207183018 2.0082259464543304 13.255215134122407 26.547734867781401 5.2578861552756271 52.938925064634532 5.0716453483328214 2.1142290181014713 9.6298329245764744 7.0939344875514498 9.4760154089890403 3.1837359252385795
leaf_count=601929 59 31 40 127 1629 374 677 110 83 135 3356 1462 735 819 433 43 135 273 209 46 284 484 53 990 130 52 93 128 192 66
internal_value=0.000152753 0.00497271 -0.0650458 0.00560002 0.018582 0.0598255 0.00282027 -0.0271163 -0.0154611 -0.032601 0.00424689 0.0214313 0.00182764 -0.00374217 0.0124676 0.020855 0.0235718 0.0137619 0.0502954 0.00396188 -0.00152134 -0.0133961 -0.0253525 -0.0294193 0.00523366 -0.0196065 0.0179814 -0.0448763 -0.0723476 -0.16272
internal_weight=9032.55 765.054 6.79335 758.261 133.727 19.7534 624.534 28.4082 25.4897 21.5242 596.125 73.5668 522.559 343.003 179.555 135.586 132.929 97.2353 35.6937 12.8162 71.5888 43.9695 100.658 95.3999 242.346 36.5694 14.7015 21.8679 14.774 5.29796
internal_count=615177 13248 99 13149 2130 501 11019 1005 895 812 10014 1493 8521 5879 2642 1725 1682 1292 390 181 1019 917 1862 1809 4017 661 223 438 310 118
is_linear=0
shrinkage=0.1


Tree=230
num_leaves=31
num_cat=0
split_feature=2 7 0 20 20 4 3 0 0 4 6 9 4 20 4 0 6 0 2 0 4 0 4 20 3 2 2 7 4 4
split_gain=1.53071 3.11958 4.63128 4.87055 3.11421 3.04491 3.16548 3.01761 3.08861 2.85257 3.23098 2.78448 4.41053 3.43881 5.90745 4.21647 3.29549 3.05316 4.42849 3.36979 2.64186 2.84243 3.85913 3.77428 2.94028 2.8371 4.36511 3.24051 2.86607 2.59137
threshold=10.526005181502923 4.5000000000000009 16.541631156087053 0.91565628707710289 0.99999855885341915 0.30438218390804606 0.16977611940298512 30.217273527732505 37.18684609972977 0.033582089552238813 1.0000000180025095e-35 1.0000000180025095e-35 0.36628352490421462 0.94737100035896937 0.38383084577114435 64.033483955566041 1.0000000180025095e-35 17.827942801454949 11.044020383552853 14.156343067793001 0.20057471264367818 64.033483955566041 0.3702825670498085 0.940221888383869 0.32649253731343292 10.896154630416175 10.761919367532974 8.5000000000000018 0.044776119402985114 0.12476053639846747
decision_type=2 2 2 2 2 2 2 2 2 2 2 2 2 2 2 2 2 2 2 2 2 2 2 2 2 2 2 2 2 2
left_child=-1 11 5 7 9 6 -3 -4 -9 -5 -11 12 17 14 15 -13 -16 18 -2 -20 25 22 -22 -24 -23 26 -12 28 -27 -10
right_child=1 2 3 4 -6 -7 -8 8 29 10 20 13 -14 -15 16 -17 -18 -19 19 -21 21 24 23 -25 -26 27 -28 -29 -30 -31
leaf_value=0.00040248138866858028 -0.21232044974413056 -0.041307785100454811 -0.11480882804977428 -0.03759421069160155 0.028935782562721554 -0.10728623869937355 0.15299767053074756 0.036917443921577968 -0.0058431865174299004 0.015916327276602426 -0.023574309531838009 0.041742259012022061 0.02894567114568139 0.054183374218222814 -0.017564000996059922 -0.030042918383730965 -0.13978055120123395 0.0009257007896024957 0.041153608172780409 -0.11567703617637688 0.02271668736736368 0.030495670853246195 0.022826159014608494 -0.2353511603275055 -0.08131327015525433 0.030443814175550948 0.077364475940317076 0.049644089911595635 -0.065826276947697909 -0.077530455339817617
leaf_weight=8491.1749530963698 1.5983437091344956 1.0597776776994576 4.8340873935376321 23.254244747105986 32.050206631480251 0.72038135099865019 4.0143969916316555 5.6153782745823291 8.8358161484939064 67.313466899388004 7.69887206144631 40.125026464636903 63.477684393204981 30.644411706132814 6.9352270958479476 10.278367626015095 3.2356106850784272 168.54505799522667 3.3091897784997855 2.3380660531838657 10.988107755198145 2.8031291272491243 1.0237870540004217 1.2669779416173694 14.614136909134684 4.0820282124914291 9.6598248081281781 4.9368480971315867 12.756502259755505 11.745552959968334
leaf_count=599320 145 74 1086 331 530 321 164 477 249 1347 134 304 2244 216 181 119 135 4816 197 180 230 74 48 46 452 42 86 107 287 1196
internal_value=0.000736381 0.00580141 -0.00316146 -0.00545003 0.000478001 0.0851022 0.112416 -0.0422147 -0.0288189 -0.00520834 0.000283043 0.0120194 0.00635182 0.0268854 0.0130754 0.0271037 -0.0564443 -0.00180678 -0.0653688 -0.0237771 -0.0147868 -0.0367487 -0.00189792 -0.119967 -0.0633188 0.00243973 0.0325964 -0.0216003 -0.0424883 -0.0467543
internal_weight=9050.94 559.761 229.274 223.479 192.448 5.79456 5.07417 31.0308 26.1967 160.398 137.144 330.487 239.268 91.2186 60.5742 50.4034 10.1708 175.791 7.2456 5.64726 69.8302 30.6961 13.2789 2.29076 17.4173 39.1341 17.3587 21.7754 16.8385 20.5814
internal_count=615138 15818 7281 6722 3714 559 238 3008 1922 3184 2853 8537 7582 955 739 423 316 5338 522 377 1506 850 324 94 526 656 220 436 329 1445
is_linear=0
shrinkage=0.1


Tree=231
num_leaves=31
num_cat=0
split_feature=1 0 0 20 0 4 4 20 1 1 0 0 4 20 4 20 0 4 4 20 4 4 12 20 0 1 1 20 4 20
split_gain=1.53424 2.53325 2.55093 3.67077 3.33827 4.7717 2.53266 3.11956 2.37728 5.83011 6.77143 8.20373 9.54375 5.04236 4.42981 3.56722 3.34248 5.38425 7.11745 4.05963 8.20659 3.48335 3.19788 3.15357 3.94629 3.14945 2.8799 3.54379 4.83281 4.3162
threshold=37272.500000000007 20.207739069736764 29.789300053129214 0.88421228964015974 33.69417009994774 0.42123756218905478 0.29393978383942371 0.96371328872753381 15533.500000000002 16489.000000000004 4.0197801389944017 13.595428464155423 0.14172885572139313 0.90454357557504406 0.28740671641791055 0.34002687304659512 10.28910483923246 0.40357587064676625 0.4641019042717448 0.79101610049150872 0.22856800766283528 0.32876243781094538 1.0000000180025095e-35 0.87408394402281786 39.877151738390872 24327.500000000004 20959.500000000004 0.94737100035896937 0.28838601532567054 0.99999855885341915
decision_type=2 2 2 2 2 2 2 2 2 2 2 2 2 2 2 2 2 2 2 2 2 2 2 2 2 2 2 2 2 2
left_child=8 -2 3 -3 5 6 7 -4 -1 10 14 22 13 -13 -10 -11 17 21 -19 20 25 -17 -12 -14 -25 -18 27 -21 -29 -30
right_child=1 2 4 -5 -6 -7 -8 -9 9 15 11 12 23 -15 -16 16 19 18 -20 26 -22 -23 -24 24 -26 -27 -28 28 29 -31
leaf_value=-0.00046273769812495494 0.02420252473947182 -0.10507998240020877 -0.042304228000359351 -0.01068450358502581 0.0021796930748127969 -0.13238758136632231 0.071839144519464063 0.053701921117070353 -0.21613271548213234 0.027576226576772646 -0.006541948159783588 -0.1164627552008871 -0.04157620477762998 0.025739799128604621 0.083805841705661258 -0.067209910596151792 -0.097477592759660031 0.049718717567159704 -0.12980352696653583 0.025261571592859633 0.001319004089664213 -0.22117087015902714 0.087750595672117765 -0.19206206936242398 -0.048945394075029978 -0.035578855532017416 -0.0061275743353664119 0.010366522331315655 -0.09905920448944229 -0.0023523409939717257
leaf_weight=7779.0390243410911 58.243427661167516 4.5249190991598871 5.8123997631482842 45.990620850861887 414.24693271049182 1.5999283280689258 16.113224967033602 8.1025189734064025 3.1713112156721759 33.608850589123904 9.455183510159257 3.2066635746741694 3.4493497712246599 11.212915540556422 0.58291071240091685 4.1367349048960049 15.01701840868918 7.19586403910216 3.1863642854732461 77.139197653828887 47.153840606086305 2.2791696373897139 5.8048821142874649 7.0428208550147229 2.6522394339554012 18.160819268639898 353.14638891242794 48.681351977516897 9.044597823638469 9.4238218329846859
leaf_count=576317 2945 1092 316 1229 9774 126 325 104 165 1308 592 93 223 195 47 251 979 300 191 3163 3034 124 89 294 72 1474 9013 595 218 108
internal_value=-0.000622349 0.00447265 0.00215767 -0.01914 0.00457059 0.0358853 0.044851 0.0135992 -0.000956621 -0.00665046 -0.0407866 -0.0294974 -0.0620637 -0.00588358 -0.169562 -0.00411931 -0.00591096 -0.0498834 -0.00537767 -0.0046325 -0.0254914 -0.121903 0.0293266 -0.123694 -0.15291 -0.0635956 -0.00126395 0.0106397 -0.00615732 -0.0497129
internal_weight=9008.43 554.634 496.391 50.5155 445.875 31.6281 30.0281 13.9149 8453.79 674.752 46.5783 42.8241 27.564 14.4196 3.75422 628.174 594.565 16.7981 10.3822 577.767 80.3317 6.4159 15.2601 13.1444 9.69506 33.1778 497.435 144.289 67.1498 18.4684
internal_count=614756 15911 12966 2321 10645 871 745 420 598845 22528 1770 1558 877 288 212 20758 19450 866 491 18584 5487 375 681 589 366 2453 13097 4084 921 326
is_linear=0
shrinkage=0.1


Tree=232
num_leaves=31
num_cat=0
split_feature=0 5 8 4 4 0 20 1 1 1 1 1 5 4 1 3 4 20 16 1 1 18 5 13 1 1 18 4 1 20
split_gain=1.27998 1.10096 1.42313 1.01789 2.28354 0.909323 5.71785 3.14493 9.50188 6.47811 6.41955 6.64198 7.62212 5.04881 4.64867 4.45213 4.38001 4.05449 3.53691 4.86396 4.25444 3.99093 4.77397 2.88647 9.47698 8.40093 3.58346 3.87418 3.50452 2.84824
threshold=1.0000000180025095e-35 2.5000000000000004 1.0000000180025095e-35 0.19657567049808433 0.18857758620689657 4.0197801389944017 0.096322059873980514 521.00000000000011 429.50000000000006 388.50000000000006 456.50000000000006 498.50000000000006 2.5000000000000004 0.4641019042717448 656.50000000000011 0.48320895522388069 0.44098258706467669 0.03179903472787806 1.0000000180025095e-35 10.500000000000002 313.50000000000006 1.0000000180025095e-35 2.5000000000000004 1.0000000180025095e-35 436.50000000000006 436.50000000000006 1.0000000180025095e-35 0.14552238805970158 448.50000000000006 0.033098089618974848
decision_type=2 2 2 2 2 2 2 2 2 2 2 2 2 2 2 2 2 2 2 2 2 2 2 2 2 2 2 2 2 2
left_child=1 3 -3 4 -1 6 7 8 9 18 17 13 -13 -12 16 -16 29 23 -2 -20 21 22 -21 25 -25 -10 27 -27 -28 -9
right_child=5 2 -4 -5 -6 -7 -8 14 10 -11 11 12 -14 -15 15 -17 -18 -19 19 20 -22 -23 -24 24 -26 26 28 -29 -30 -31
leaf_value=-0.062925514282946696 -0.0036664034066972795 0.0042352478621285666 -0.08622223076532029 -0.10324542899073666 0.13354537426499033 0.00037331088893155224 -0.064072185961304609 -0.060213641762313579 -0.057165927299088565 -0.046409323525146068 -0.054544921938232849 -0.04950718948455253 0.082535528330142618 0.21480670024940141 0.027793582255195976 -0.010605085805284138 0.12648982871285341 -0.072771010620797161 -0.047181102260699374 -0.073126500151357215 -0.058802453787636759 0.089541295242742847 0.024853271499913294 0.12451852248979865 -0.052125810157424207 -0.047759821877228353 0.036969718920437704 0.10297738060416439 -0.14718803985906559 0.015624752804128958
leaf_weight=2.9968827653156054 616.8528751784761 11.850842287876729 2.0383778364048348 2.8825558645985438 0.73707380983978499 7816.2995057287717 14.933961872045982 32.696550591404957 7.1103115149162468 32.109058939840907 17.914242734637813 6.5153011102520404 13.287123455193068 0.72403027598920644 34.572554822101665 238.47426092129899 1.4815210948636366 2.5265727383448384 11.571978431078604 5.2466271147895887 6.3442560922994735 8.9178947983309609 95.305506675853394 14.999856764450671 3.80828319149441 1.8830070663243557 10.003823168342933 18.04214229201898 1.1523892290424562 5.8361349517217596
leaf_count=870 85669 1091 909 814 27 465024 7312 6808 636 3574 3933 1366 535 163 7711 20539 678 254 450 935 672 166 3097 153 383 68 224 257 100 927
internal_value=-7.72507e-05 -0.025033 -0.00904026 -0.0586046 -0.0241426 -2.05085e-05 -0.00258075 -0.00180736 0.00127222 -0.00243102 0.0306189 -0.00123564 0.0390915 -0.0440816 -0.010408 -0.00574314 -0.0422398 0.0511898 -0.000533648 0.0146363 0.020813 0.0254271 0.0197409 0.0566845 0.0887515 0.0408925 0.0633248 0.0887321 0.017947 -0.0487272
internal_weight=9039.12 20.5057 13.8892 6.61651 3.73396 9018.61 1202.31 1187.38 874.315 776.348 97.9671 38.4407 19.8024 18.6383 313.061 273.047 40.0142 59.5264 744.239 127.386 115.814 109.47 100.552 56.9998 18.8081 38.1917 31.0814 19.9251 11.1562 38.5327
internal_count=615345 3711 2000 1711 897 611634 146610 139298 102635 94563 8072 5997 1901 4096 36663 28250 8413 2075 90989 5320 4870 4198 4032 1821 536 1285 649 325 324 7735
is_linear=0
shrinkage=0.1


Tree=233
num_leaves=31
num_cat=0
split_feature=1 4 0 0 1 20 7 4 4 4 13 4 16 20 0 4 1 4 4 4 4 20 20 0 1 20 20 0 7 3
split_gain=1.13718 2.31086 3.52506 2.42239 1.60148 3.49701 2.89425 5.77193 4.3645 3.85002 5.55968 3.31246 3.84373 2.69951 3.66899 2.66999 2.57091 3.11419 2.50126 2.48482 2.95753 3.24996 2.37875 3.60104 2.37522 6.28339 3.30299 4.79979 2.3458 2.27408
threshold=134377.00000000003 0.12593283582089551 78.264908328995872 71.622793959741003 37272.500000000007 0.54222679260630957 2.5000000000000004 0.07885536398467434 0.17913557213930356 0.46032052381769323 1.0000000180025095e-35 0.012954980842911886 1.0000000180025095e-35 0.89965401021936353 47.521315307063404 0.12593283582089551 67494.500000000015 0.016666666666666677 0.17123756218905478 0.13675766283524909 0.26371268656716423 0.98592335930637953 0.97394144385072001 49.513267308007926 67494.500000000015 0.8644051347692755 0.96371328872753381 56.555823294905601 6.5000000000000009 0.16977611940298512
decision_type=2 2 2 2 2 2 2 2 2 2 2 2 2 2 2 2 2 2 2 2 2 2 2 2 2 2 2 2 2 2
left_child=4 3 -3 -2 -1 -6 8 11 18 24 -11 12 -8 15 19 -9 17 -13 -7 29 21 -21 23 -16 -10 -26 -27 -28 -19 -15
right_child=1 2 -4 -5 5 6 7 13 9 10 -12 16 -14 14 22 -17 -18 28 -20 20 -22 -23 -24 -25 25 26 27 -29 -30 -31
leaf_value=-0.00031337047442382503 -0.030840074527462558 -0.016951358595769302 0.054619410130130219 -0.16056393204988623 -0.13042683408898748 -0.0061547036771942044 -0.042474765742826971 0.028277536318714713 0.031907717873291074 -0.18445433167850844 0.035140329976073373 -0.11707846043778643 0.089835448824062469 0.019091887227085335 -0.18050663944330442 -0.076019747583460986 0.045174346213727845 0.026870215659953425 -0.10400572480328246 0.075299444769118332 0.0055540253471076037 -0.088594458613015917 -0.00077123296128318072 -0.026404433310142552 -0.093332209734296151 0.034205564701548063 -0.18140453988126334 0.00010978432188038864 -0.062619915817541671 -0.09226371483617668
leaf_weight=8469.4468923460299 5.1738251252099863 47.621580879524117 8.0441234291065467 1.9943471061997113 1.8842566348903336 47.491354372992646 13.356828139629213 3.153253142227185 120.6919006586977 2.1755376924047587 2.452833735384047 1.9139362303540135 2.6276078857481471 3.4676599983358756 1.5531252200016741 11.076463532343039 42.453512443054933 22.348297601100061 2.7643880899995557 13.134260235354301 31.395031311738421 1.3326729701366282 48.061956954654306 64.105655008403119 5.6547503256660994 33.066379355528625 1.7499916753731657 8.6953348175156844 3.3709705383516839 3.8925561170326537
leaf_count=599333 207 1265 203 58 438 1175 239 219 1941 204 26 44 28 69 60 2862 576 354 80 316 819 44 987 1786 571 821 44 191 60 158
internal_value=-8.45693e-05 -0.0134906 -0.00660883 -0.0669322 9.40847e-06 0.00554478 0.00606554 -0.000968106 0.0144293 0.0219082 -0.0680788 0.0203537 -0.0207249 -0.0110976 -0.00753385 -0.0529079 0.0297224 0.00598313 -0.0115371 0.0141363 0.0227924 0.0602018 -0.0176757 -0.0300496 0.0243602 0.00583288 0.0187203 -0.0303008 0.0151409 -0.0398001
internal_weight=9026.15 62.8339 55.6657 7.16817 8963.32 493.871 491.986 267.244 224.742 174.487 4.62837 86.0712 15.9844 181.173 166.943 14.2297 70.0867 27.6332 50.2557 53.2222 45.862 14.4669 113.721 65.6588 169.858 49.1665 43.5117 10.4453 25.7193 7.36022
internal_count=615178 1733 1468 265 613445 14112 13674 8621 5053 3798 230 1301 267 7320 4239 3081 1034 458 1255 1406 1179 360 2833 1846 3568 1627 1056 235 414 227
is_linear=0
shrinkage=0.1


Tree=234
num_leaves=31
num_cat=0
split_feature=4 20 3 0 3 9 3 3 12 20 0 1 0 0 5 20 7 7 0 1 20 0 0 1 1 1 20 20 4 1
split_gain=1.12448 1.42834 1.40544 2.21354 1.30458 2.62085 1.53935 1.49373 1.34168 3.09477 1.62393 2.02193 1.51493 1.16012 1.12559 1.02103 1.01051 2.6527 1.70042 1.57422 2.33008 1.30483 1.28095 1.00501 1.70077 2.44069 1.93293 1.84788 1.65782 1.92931
threshold=0.0074626865671641599 0.96371328872753381 0.1105721393034826 2.4252524171104421 0.40485074626865675 1.0000000180025095e-35 0.48320895522388069 0.24813432835820901 1.0000000180025095e-35 0.74876153002464563 56.555823294905601 1462.5000000000002 52.824586311600378 40.639317029662735 1.5000000000000002 0.43088811327011112 1.7500000000000002 3.5000000000000004 4.9411918451962888 5853.5000000000009 0.88421228964015974 28.913651331014915 23.901401759135322 2862.5000000000005 1791.5000000000002 1741.0000000000002 0.81404674505359609 0.81404674505359609 1.0000000180025095e-35 4203.5000000000009
decision_type=2 2 2 2 2 2 2 2 2 2 2 2 2 2 2 2 2 2 2 2 2 2 2 2 2 2 2 2 2 2
left_child=1 2 3 -1 5 -4 -6 13 10 14 12 -12 16 -7 -10 -16 19 18 -18 20 23 -19 -20 24 25 26 -8 -26 -25 -30
right_child=-2 -3 4 -5 6 7 8 -9 9 -11 11 -13 -14 -15 15 -17 17 21 22 -21 -22 -23 -24 28 27 -27 -28 -29 29 -31
leaf_value=0.072471543915575531 0.00029986191609385329 0.048735803662110257 0.063281032259203548 -0.099633414468887738 -0.089881669846292533 -0.062158194969180902 0.0062174366767041474 -0.10271449026200702 0.11956567234433318 -0.18874565217283953 -0.082861459060471931 0.060914089721217715 -0.12260538626826632 0.061642797799506627 0.057882847061976488 -0.12582946442594292 0.0040666970732384762 -0.0084335506948866584 -0.22341089455868426 0.063488547665385045 -0.12059894287535873 0.11959763236451251 -0.083625333219967291 0.063329046911070594 0.0008738645860087692 -0.23316762087966 -0.13273635808409337 0.12123741053595252 -0.035997650227015482 -0.24659071308548139
leaf_weight=1.0270047727972262 8924.7208909814144 8.994835564400999 10.804769335343734 2.7440047648269683 1.6993361029308278 1.2222386845387521 38.46149314329341 1.643415969563647 2.8529517933930029 0.46999470691662271 1.1188310869038085 7.7777250539511442 1.0380548459943373 1.9882316160947082 1.4123109331703743 0.38499100867193181 1.3299007782479728 3.4577940038288943 1.0097150783985855 4.150494701229035 1.5676345815882076 1.0340746033471075 1.8689870014786718 0.8379466016776852 2.5409990687621749 0.44401588337495823 1.0278481524437655 2.5611100876703858 1.3386936956085262 0.64444571360945713
leaf_count=32 609408 135 356 128 79 108 3281 68 250 35 59 179 52 43 166 34 66 128 43 77 50 27 46 16 106 21 45 35 76 39
internal_value=0.000422293 0.010591 0.00710624 -0.052762 0.00949053 0.0358602 0.00426572 -0.0251787 0.00633462 0.0558002 0.00282712 0.0428329 -0.00279436 0.0145113 0.0805161 0.0185308 -0.000797244 -0.032407 -0.0894519 0.00433615 -0.000631292 0.0210406 -0.132656 0.00329848 0.00692547 -2.08109e-05 0.00260068 0.0612929 -0.0546023 -0.104432
internal_weight=9032.17 107.454 98.459 3.77101 94.688 15.6587 79.0293 4.85389 77.33 5.12025 72.2098 8.89656 63.3132 3.21047 4.65025 1.7973 62.2752 8.70047 4.2086 53.5747 49.4242 4.49187 2.8787 47.8566 45.0355 39.9334 39.4893 5.10211 2.82109 1.98314
internal_count=615188 5780 5645 160 5485 575 4910 219 4831 485 4346 238 4108 151 450 200 4056 310 155 3746 3669 155 89 3619 3488 3347 3326 141 131 115
is_linear=0
shrinkage=0.1


Tree=235
num_leaves=31
num_cat=0
split_feature=1 13 1 20 1 0 3 19 3 0 0 0 20 1 20 0 0 0 20 20 0 0 20 0 20 6 3 0 0 0
split_gain=1.51707 1.89255 1.85052 3.14831 2.23109 5.75264 5.43387 2.1952 2.10565 3.70918 2.83329 2.33054 1.8004 2.80991 4.06772 2.7982 2.24934 2.07383 1.80024 1.91936 1.66466 2.08362 3.09998 3.04403 3.32387 2.32067 2.91964 2.36329 4.21219 2.20675
threshold=62575.000000000007 1.0000000180025095e-35 53973.000000000007 0.98592335930637953 47190.500000000007 17.377199619196432 0.49813432835820898 1.0000000180025095e-35 0.49813432835820898 46.516252163017782 18.956048041070726 23.590134092139383 0.66631029720786594 67494.500000000015 0.85059515696560528 86.46692445718601 101.64407639166049 128.52565582794094 0.53697557151943986 0.52115977695809612 97.128639846686283 69.580935400151077 0.98592335930637953 57.973155683127395 0.97394144385072001 1.0000000180025095e-35 0.16977611940298512 29.789300053129214 37.18684609972977 26.968050425459641
decision_type=2 2 2 2 2 2 2 2 2 2 2 2 2 2 2 2 2 2 2 2 2 2 2 2 2 2 2 2 2 2
left_child=2 12 4 8 -1 -6 -7 -5 -4 10 -10 -12 16 17 15 -15 -2 -14 19 -8 21 23 -23 25 -25 26 27 -16 -29 -28
right_child=1 -3 3 7 5 6 18 -9 9 -11 11 -13 13 14 20 -17 -18 -19 -20 -21 -22 22 -24 24 -26 -27 29 28 -30 -31
leaf_value=-0.00012718044054014417 -0.051642400240014742 0.098170520835850719 -0.0083521770096528433 0.067457865699301359 -0.18946676762422932 -0.040761158310819175 -0.17551355203147814 -0.013948171196608372 -0.19525727302677529 -0.11721540411168208 0.091161083642973303 -0.032553477266764698 0.037441136621701544 -0.047525997370050782 -0.17341916878821981 -0.23321607548270565 0.12790060222282595 -0.087424496175061109 0.044124287869595546 0.063612801749103359 0.024318158040649657 -0.0028013178544089514 -0.067005466827391613 0.0033384665311375281 0.071024738242272609 0.020554918651461779 0.019175492499417929 0.043422249658464036 -0.10578991414270343 -0.01629413869592311
leaf_weight=8627.7892957121767 8.4899345175363088 2.2707594074308863 12.73096533198259 5.5415413593873355 1.2795158844583046 10.160936099186072 0.77852163507486583 8.2353579865302891 0.86359639340662653 7.1038681033533058 1.9474582685506883 6.9813732399488799 37.273277205182239 4.8748079400902489 1.5746839780185817 0.97360416641458858 0.7602641452103861 1.3793328022584308 42.142033653028193 0.59007045981707051 40.932893049088307 33.352831989643164 9.709532786975613 14.69031246006489 14.334445630665867 39.846687250596005 29.165343423432205 3.4294810251449235 4.2197881275496911 44.006225275370525
leaf_count=602581 517 18 538 82 232 582 162 118 164 137 50 222 870 800 144 33 41 74 764 30 1021 752 224 403 120 1245 1195 60 110 1457
internal_value=0.000134766 0.00723405 -0.000102213 -0.020699 7.4848e-07 0.0200867 0.0250824 0.0187961 -0.0390645 -0.0622055 -0.0222988 -0.00557022 0.00651957 0.00795474 0.00394208 -0.0784384 -0.0368859 0.0329853 0.0404587 -0.0724139 0.00598999 0.0021294 -0.0172778 0.00765421 0.0367667 0.000741856 -0.00883979 -0.061858 -0.038892 -0.00215635
internal_weight=9017.43 291.284 8726.14 43.4042 8682.74 54.9511 53.6716 13.7769 29.6273 16.8963 9.79243 8.92883 289.013 279.763 241.111 5.84841 9.2502 38.6526 43.5106 1.36859 235.262 194.329 43.0624 151.267 29.0248 122.242 82.3955 9.22395 7.64927 73.1716
internal_count=614746 9084 605662 1311 604351 1770 1538 200 1111 573 436 272 9066 8508 7564 833 558 944 956 192 6731 5710 976 4734 523 4211 2966 314 170 2652
is_linear=0
shrinkage=0.1


Tree=236
num_leaves=31
num_cat=0
split_feature=1 4 13 18 0 4 0 1 1 3 18 1 10 4 3 4 13 20 5 20 8 20 0 18 1 12 20 4 20 20
split_gain=1.27092 1.72167 2.0653 3.41627 3.09863 2.33541 1.93982 1.66235 1.81949 1.85781 1.80129 4.25401 2.38206 1.97359 1.7286 2.15603 2.13605 2.25944 2.19213 1.70538 1.74269 1.641 1.63768 1.6129 5.27395 6.07766 4.66495 3.86194 6.20196 3.81592
threshold=80.500000000000014 0.040637330588437111 1.0000000180025095e-35 1.0000000180025095e-35 0.4046279612896177 0.2731672099273747 4.4567328399135393 122.50000000000001 111.50000000000001 0.49813432835820898 1.0000000180025095e-35 100.50000000000001 1.0000000180025095e-35 0.0074626865671641599 0.61380597014925387 0.022388059701492557 1.0000000180025095e-35 0.35681467881536183 2.5000000000000004 0.014403908899675666 1.0000000180025095e-35 0.073294228665561026 2.2990148251201892 1.0000000180025095e-35 47.500000000000007 1.0000000180025095e-35 0.039960705629244198 0.28838601532567054 0.02504608084661292 0.0041730054682082322
decision_type=2 2 2 2 2 2 2 2 2 2 2 2 2 2 2 2 2 2 2 2 2 2 2 2 2 2 2 2 2 2
left_child=1 -1 23 4 -4 -5 21 8 10 -10 13 12 -12 -2 -9 16 18 -18 22 20 -13 -6 -16 -3 25 -25 27 28 29 -26
right_child=7 2 3 5 6 -7 -8 14 9 -11 11 19 -14 -15 15 -17 17 -19 -20 -21 -22 -23 -24 24 26 -27 -28 -29 -30 -31
leaf_value=-0.014216788552183592 0.12600500326228556 -0.00015437567710292307 -0.048559639088992093 0.010497536728503645 0.038147005596150023 -0.073821633292172339 0.087695443155567654 -0.00038464099029947502 0.12742769233276399 -0.035706016407771352 -0.085918996245033893 -0.043910208644815242 0.019018759160710566 -0.023967559645590684 -0.15501039909548164 0.015097989901016878 -0.052333680618532885 0.10513397030681636 0.027061007526449545 0.00099446719780322255 0.066135248776798758 -0.091010056743689255 -0.015837879515961203 -0.053020857931249776 0.067461012278833263 0.093723130169776195 -0.12756586013560092 0.069372051378731633 -0.21392598273860985 -0.0014385118572639503
leaf_weight=40.394598516446422 0.9013696359761515 226.16941212660822 3.8716832993086419 9.7107080225250666 34.123087208994548 4.963945801020599 8.4863982927054149 8322.9476612849539 0.71337510572629881 32.589803336624755 5.6566753269871679 1.607506463420578 3.5025746172759682 33.09770002692494 1.1746980634052313 140.95921778573938 13.64445877957041 0.97641798481345254 14.831203372566961 9.6778294397518021 13.732172403251752 1.0129212724859815 3.0172338339907583 16.58513208990917 12.620444967120418 3.4011808338691472 1.7923469630768512 21.870452797011239 1.1354043362662185 22.139999236154836
leaf_count=3361 105 32526 572 860 1468 562 108 542272 201 5551 1206 254 64 12128 126 7710 675 20 570 291 758 39 154 1472 521 418 20 276 53 684
internal_value=-7.11736e-05 0.00538023 0.00753204 0.0241474 0.0371776 -0.0180248 0.0447872 -0.000330004 -0.0130532 -0.0322116 -0.00369451 0.0125178 -0.0457899 -0.0199915 -0.000178061 0.00966913 -0.0130763 -0.0418176 0.00901378 0.033865 0.0546031 0.0344236 -0.054838 0.00415322 0.016401 -0.0280486 0.0313171 0.0362468 0.0160644 0.0235768
internal_weight=9007.31 408.278 367.883 62.1687 47.4941 14.6747 43.6224 8599.03 101.479 33.3032 68.1758 34.1768 9.15925 33.9991 8497.55 174.603 33.644 14.6209 19.0231 25.0175 15.3397 35.136 4.19193 305.714 79.545 19.9863 59.5586 57.7663 35.8958 34.7604
internal_count=615025 42940 39579 3609 2187 1422 1615 572085 20558 5752 14806 2573 1270 12233 551527 9255 1545 695 850 1303 1012 1507 280 35970 3444 1890 1554 1534 1258 1205
is_linear=0
shrinkage=0.1


Tree=237
num_leaves=31
num_cat=0
split_feature=3 4 0 1 20 20 20 0 20 20 0 1 0 0 0 0 8 4 0 0 0 0 4 0 20 4 0 0 20 0
split_gain=1.10382 2.37383 1.59664 3.17594 1.55086 1.51711 2.2214 1.33339 1.94096 1.57603 2.76802 2.05324 2.12768 1.30687 1.81476 1.20269 1.17868 3.30581 1.7323 2.54892 2.34052 2.23377 1.61732 1.57662 1.3462 1.26407 1.17518 1.18525 1.04416 1.03163
threshold=0.040702736318407963 0.73628731343283593 6.7479954012188346 908.00000000000011 0.97394144385072001 0.80921537523939091 0.76274102862302162 0.84941830646427696 0.005256615060442873 0.016456273794206677 1.1849232864319958 949.50000000000011 2.8815361880604184 1.3510479181286497 0.90382758972146715 1.6956462483747639 1.0000000180025095e-35 0.041666666666666664 14.529459746242582 14.920766595605043 19.703638117624184 20.721643089376453 0.0039490049751244047 24.53950841572669 0.83662031597016284 0.14273460284782988 22.983669228593588 22.365803085000014 0.0041730054682082322 1.0000000180025095e-35
decision_type=2 2 2 2 2 2 2 2 2 2 2 2 2 2 2 2 2 2 2 2 2 2 2 2 2 2 2 2 2 2
left_child=1 2 5 -4 16 6 7 -1 13 10 -10 12 -11 14 -9 -13 18 -18 22 -20 -21 -22 -5 26 -19 -26 27 -23 -16 -2
right_child=29 -3 3 4 -6 -7 -8 8 9 11 -12 15 -14 -15 28 -17 17 24 19 20 21 23 -24 -25 25 -27 -28 -29 -30 -31
leaf_value=-0.17047217848175511 -0.022810398241750844 -0.047884984943645292 -0.11697427674900418 0.10749353753626543 0.064084119392054578 -0.17066610274065347 0.14249659250889571 0.22027978989632319 0.083745588306289004 0.13601737461650742 -0.16461741621564363 0.05367999162944416 -0.0057688448125776913 0.15583063807677289 -0.16901387771120205 -0.12782217648674629 -0.17360290454903718 0.11092713369880827 0.15048766137927996 -0.1362312767472291 0.13178700414738498 -0.15453056160384146 -0.1047312519997714 0.0071764901123162854 -0.18446154647006316 0.04004134003459376 -0.2041439018944825 0.09914046768335219 0.15512841234592337 0.00037561087022481703
leaf_weight=0.30394802806767529 19.231183707686796 5.6026422561862992 1.8648936746003517 0.41977997380309107 5.8424679203890255 0.30428516864776689 2.389297263289337 0.26997266251419061 0.75343470956795489 2.5221693374332972 1.1096254883850631 0.59424490392848361 1.8236046504662224 2.0231641527425381 0.43519402847414312 0.94668706335141906 0.60995612759143014 3.3942202641046606 1.1891944257222373 1.1897835984709697 1.3618446580403567 0.34354443975826388 2.4838122318124078 17.958329649435655 0.28961923718452487 1.8711286524485329 0.63225015994612477 0.39709052014222834 0.12878832861315459 8930.1383053585705
leaf_count=390 3633 2148 1690 12 88 11 10 24 57 108 582 33 487 157 142 414 15 168 42 473 92 91 1230 1771 11 190 93 37 27 600967
internal_value=0.000415707 0.0140425 0.0205334 0.0104349 0.0166905 0.0501124 0.0551634 0.0360389 0.0419566 0.0159829 -0.0641777 0.0413525 0.07652 0.112409 0.00706803 -0.0578277 0.00807531 0.0473842 -0.00125406 0.00790715 0.000158804 0.00800079 -0.0740494 -0.000719697 0.0716494 0.00994974 -0.104008 -0.0185252 -0.0949943 0.000325787
internal_weight=9008.42 59.055 53.4523 39.8479 37.983 13.6044 13.3001 10.9108 10.6069 7.74977 1.86306 5.88671 4.34577 2.85712 0.833955 1.54093 32.1406 6.16492 25.9756 23.072 21.8828 20.6931 2.90359 19.3312 5.55497 2.16075 1.37289 0.740635 0.563982 8949.37
internal_count=615193 10593 8445 6003 4313 2442 2431 2421 2031 1681 639 1042 595 350 193 447 4225 384 3841 2599 2557 2084 1242 1992 369 201 221 128 169 604600
is_linear=0
shrinkage=0.1


Tree=238
num_leaves=31
num_cat=0
split_feature=4 12 4 18 0 4 1 1 0 4 4 0 1 1 1 20 20 20 20 4 1 1 4 20 1 1 0 8 3 11
split_gain=1.64556 6.28598 5.01305 2.94066 3.1577 2.9333 11.4093 2.7603 2.99257 2.64024 2.94354 2.57461 2.75105 2.70122 4.75901 4.05472 2.43872 2.1818 2.15952 5.9559 1.85256 3.11642 5.30961 4.01559 3.10276 8.44034 6.71538 4.73695 4.10778 3.11873
threshold=0.38469291473666162 1.0000000180025095e-35 0.47600574712643684 1.0000000180025095e-35 23.901401759135322 0.38383084577114435 27142.500000000004 14340.000000000002 34.269177493652457 0.47200670498084296 0.46654228855721402 8.0174438635109553 2049.5000000000005 4575.5000000000009 7136.0000000000009 0.85965504547710581 0.67673906224717384 0.51068369173353345 0.80921537523939091 0.45653914336364165 37272.500000000007 43138.000000000007 0.026119402985074626 0.85965504547710581 4357.0000000000009 4203.5000000000009 26.571394952235355 1.0000000180025095e-35 0.49813432835820898 1.0000000180025095e-35
decision_type=2 2 2 2 2 2 2 2 2 2 2 2 2 2 2 2 2 2 2 2 2 2 2 2 2 2 2 2 2 2
left_child=5 -2 3 4 9 20 7 16 -9 10 18 12 -5 -13 15 -15 17 -7 19 -3 24 22 -22 -24 25 29 -27 -26 -28 -1
right_child=1 2 -4 11 -6 6 -8 8 -10 -11 -12 13 -14 14 -16 -17 -18 -19 -20 -21 21 -23 23 -25 27 26 28 -29 -30 -31
leaf_value=-0.00047614048204728306 0.0016421199656741223 -0.074836594936366393 -0.046753768754742381 0.032174679458420612 -0.10413898079892976 -0.07557494946284711 -0.20863579039541205 -0.034268269842337384 0.15498403523287249 0.16777100928883415 -0.19165010758144907 0.10354909167338743 -0.15437023955368592 -0.16088641110951937 0.068695213526342599 0.13952672277924547 -0.10514963150933246 0.093512650991522034 0.06254199426430089 0.12804758768643076 -0.08912785498994133 0.0015067775081986895 -0.10033655325994846 0.031417812339661531 -0.0048826454590007303 -0.076465737440505693 -0.0035309289495910594 -0.17864817382020118 0.068168744098074704 0.028851768776470124
leaf_weight=5958.2845724953804 957.37402958469738 4.8872506343614095 6.6597179938480613 4.3966128024330819 2.0468319802457691 1.2836284816221435 3.2992730746336738 1.4027283987961712 2.0663284545298666 1.2418997686909286 0.65260107251379018 15.075843051774427 0.96386685618199397 1.7957847656216466 11.971555463387631 0.59919955581426609 2.6446553069981746 1.8819109097457838 7.5332694368553348 2.0555037729354808 4.0742311794310799 359.83860897241539 2.3798018259112714 82.695575756253675 1475.5537027537248 4.4543874427617984 10.293837816105222 1.5704833571799088 35.709855294320732 36.480929822242615
leaf_count=439305 95562 1797 5923 780 413 885 136 38 27 45 60 1480 97 159 191 5 245 224 118 148 83 10549 352 953 50969 377 636 117 460 3238
internal_value=-0.000179846 0.00360807 0.0350401 0.0452754 0.0129623 -0.000662475 -0.0489151 0.0078742 0.078459 0.0276037 0.0160974 0.0623751 -0.00136793 0.0739806 0.0429523 -0.0857262 -0.0342695 0.0249475 0.025463 -0.0147698 -0.000586334 0.00565361 0.0223916 0.0277323 -0.000958779 4.51431e-05 0.0407733 -0.00506739 0.0521251 -0.000297667
internal_weight=9001.17 1017.25 59.8799 53.2202 18.4174 7983.91 12.5785 9.27925 3.46906 16.3705 15.1286 34.8029 5.36048 29.4424 14.3665 2.39498 5.81019 3.16554 14.476 6.94275 7971.34 448.988 89.1496 85.0754 7522.35 6045.22 50.4581 1477.12 46.0037 5994.77
internal_count=615372 106778 11216 5293 2581 508594 1555 1419 65 2168 2123 2712 877 1835 355 164 1354 1109 2063 1945 507039 11937 1388 1305 495102 444016 1473 51086 1096 442543
is_linear=0
shrinkage=0.1


Tree=239
num_leaves=31
num_cat=0
split_feature=3 1 20 3 10 5 0 5 1 1 20 3 20 1 4 0 8 0 1 20 13 1 4 16 4 16 4 20 0 8
split_gain=1.48956 1.29416 3.17525 3.98769 2.96501 3.8995 2.40772 3.19225 2.46414 2.05027 8.69732 4.7773 3.37932 2.86543 7.0116 2.55779 2.54821 2.47896 2.45303 5.06707 3.73115 3.08323 6.78788 6.43555 2.54346 2.26581 2.22913 2.95435 2.05168 1.94298
threshold=0.48320895522388069 196.50000000000003 0.47064215217813715 0.53544776119402993 1.0000000180025095e-35 2.5000000000000004 15.310911954832546 1.5000000000000002 192.50000000000003 235.50000000000003 0.08704064505949459 0.56156716417910457 0.48573718321573106 223.00000000000003 0.12076149425287359 2.948889919569099 1.0000000180025095e-35 3.3072283446008739 237.50000000000003 0.59178459903652192 1.0000000180025095e-35 252.50000000000003 0.089552238805970186 1.0000000180025095e-35 0.26247605363984677 1.0000000180025095e-35 0.13383084577114429 0.35681467881536183 6.3839766238424192 1.0000000180025095e-35
decision_type=2 2 2 2 2 2 2 2 2 2 2 2 2 2 2 2 2 2 2 2 2 2 2 2 2 2 2 2 2 2
left_child=-1 2 4 6 -2 -6 -4 -8 -9 10 11 25 13 16 15 -15 26 -13 19 20 -11 22 -20 -24 -25 -3 27 -12 -18 -14
right_child=1 9 3 -5 5 -7 7 8 -10 18 12 17 29 14 -16 -17 28 -19 21 -21 -22 -23 23 24 -26 -27 -28 -29 -30 -31
leaf_value=0.0042399443363817756 0.00036508780207758864 -0.064496540217032522 0.14246021689662652 -0.090249682657155106 0.0053231910649157903 0.060398862270427171 -0.016528118133017973 0.031055996321615938 0.098138506034876061 0.020347989520180867 0.15917238571218795 -0.051476947691810049 -0.043066017747659203 0.31898439654663535 -0.11032827695349678 0.0050782159211006503 -0.11224763699941456 0.18319618816905708 0.045193892651386375 -0.17741917055919168 0.12330351270290013 -0.00070593658844824206 -0.076393972834872897 0.068831358518145966 -0.085488191278638451 -0.15320747326093465 -0.088341417183427778 -0.051908787429722075 0.0029496080964527341 0.035638075250554131
leaf_weight=721.88607936949302 1068.0880970603503 20.963231748777623 2.047060528129804 2.6311233649030319 38.785683905909536 19.228909583238419 10.303342816419898 21.176742176059637 7.385513322427868 31.781979337349185 0.97992063133278717 0.75175906263029801 3.5343275264604044 0.26729026221437635 8.8514541893018741 8.9947906488814606 1.5714085422841879 1.1218982619320739 9.4314739088877086 1.196916677057742 3.9584250857587895 6842.5247550155345 23.475458059278029 5.089318983256816 1.3516933259088544 3.3375887254369436 6.1864276439591777 2.0507220253057312 95.823775890472461 27.881305050337687
leaf_count=116328 93653 5177 46 116 2778 439 261 451 58 1956 301 517 229 39 1556 827 865 215 1326 40 623 374676 5660 200 88 256 1814 362 3980 548
internal_value=-0.000116422 -0.000496652 0.00258553 0.029082 0.00156097 0.023578 0.0367563 0.0311888 0.0484019 -0.00100433 -0.0114719 -0.0648177 -0.00252935 -0.00991265 -0.0466848 0.0141371 -0.00366502 0.0890393 -0.000728499 0.0249729 0.0317508 -0.000866447 -0.0287788 -0.0520995 0.0364463 -0.0766805 -0.0539208 0.0163417 0.00109097 0.0267837
internal_weight=8992.66 8270.77 1169.65 43.5438 1126.1 58.0146 40.9127 38.8656 28.5623 7101.13 182.316 26.1745 156.141 124.726 18.1135 9.26208 106.612 1.87366 6918.81 36.9373 35.7404 6881.87 39.3479 29.9165 6.44101 24.3008 9.21707 3.03064 97.3952 31.4156
internal_count=615385 499057 97802 932 96870 3217 816 770 509 401255 16686 6165 10521 9744 2422 866 7322 732 384569 2619 2579 381950 7274 5948 288 5433 2477 663 4845 777
is_linear=0
shrinkage=0.1


Tree=240
num_leaves=31
num_cat=0
split_feature=4 12 5 20 0 1 4 20 20 4 4 20 20 1 0 4 1 19 13 20 1 1 1 4 1 20 4 4 1 1
split_gain=1.03001 6.14691 3.33411 2.82158 2.92847 3.00853 2.75717 4.41617 3.39233 3.10929 2.74298 2.4787 2.04451 1.99563 1.94605 1.87467 3.21949 1.8471 5.00237 6.90467 9.90293 13.9247 8.29264 6.0634 4.91833 4.88305 4.68645 4.38967 5.44476 4.55153
threshold=0.39172885572139315 1.0000000180025095e-35 1.5000000000000002 0.014403908899675666 8.2859500782050688 1760.5000000000002 0.43308457711442799 0.70119613646520029 0.80921537523939091 0.43010057471264374 0.42913557213930359 0.010836216462614939 0.0023571731661578975 553.50000000000011 21.522794736655303 0.47600574712643684 9696.5000000000018 1.0000000180025095e-35 1.0000000180025095e-35 0.73949172190507462 3685.0000000000005 4910.5000000000009 1027.0000000000002 0.43703358208955234 3873.5000000000005 0.79556783744981563 0.40419061302681997 0.43010057471264374 2862.5000000000005 3149.5000000000005
decision_type=2 2 2 2 2 2 2 2 2 2 2 2 2 2 2 2 2 2 2 2 2 2 2 2 2 2 2 2 2 2
left_child=-1 12 3 11 10 13 8 -8 9 -7 -5 -3 -2 -6 -9 -12 -17 18 23 22 27 24 -20 25 -22 -14 -23 28 -21 -29
right_child=1 2 -4 4 5 6 7 14 -10 -11 15 -13 17 -15 -16 16 -18 -19 19 20 21 26 -24 -25 -26 -27 -28 29 -30 -31
leaf_value=-0.00058704211537547206 -0.067428575585025144 -0.038668286628463257 -0.062667293348737607 -0.098112540557215883 -0.12953812155631825 -0.13267317412761667 0.0829274875764624 -0.15348939807867801 0.065087942114933045 0.14891773538212491 0.045525090303582594 0.23959575180336457 -0.0086454901660730273 0.079179614080719371 -0.0011263545111906603 -0.14267464918621903 0.10378037250485495 0.006414554968060592 0.0253546117920407 0.029105849837051334 -0.21111406547012279 0.059218401574185245 -0.04913659767477558 0.0059145796346304442 -0.065959761473699127 -0.043761606779926479 -0.0033083887055011794 0.035046236706199795 0.094308464074683906 -0.058730532369878075
leaf_weight=8045.9669559612403 4.3664434342917948 0.43089831803081224 3.3356241126575688 2.6246112872104268 0.46829327041632751 1.7315106875030353 1.9782880060956802 2.4717809640569617 12.121258323255459 0.50692523969337333 6.5892114643793303 1.2451488910519399 88.278899910239488 21.047362987726046 1.2684965957305392 1.5503034045977986 0.80541271623224009 378.34178527720724 24.797507276049146 25.551831571472576 2.9855382151436052 16.678790948528331 37.611750143500103 112.27498123097121 10.701456155191407 71.809191622676735 42.61286199427559 21.977385160324051 25.676643030717969 6.770020089679746
leaf_count=513512 1555 284 5891 710 177 213 71 129 244 7 647 40 10740 1884 48 393 13 40270 6557 879 175 263 6654 17412 547 2286 1194 818 256 453
internal_value=-0.000223092 0.00293036 0.0344014 0.0403056 0.0362781 0.0486563 0.0208159 -0.0379057 0.044201 -0.068903 -0.00822295 0.168056 0.000827006 0.0746368 -0.101816 0.0181524 -0.0584124 0.00117113 -0.00289633 0.00849272 0.0199302 -0.00670666 -0.0195385 -0.0119019 -0.0976222 -0.0243972 0.0142804 0.0442365 0.0617866 0.0129618
internal_weight=8974.58 928.61 58.1751 54.8395 53.1635 41.5939 20.0783 5.71857 14.3597 2.23844 11.5695 1.67605 870.435 21.5157 3.74028 8.94493 2.35572 866.069 487.727 215.364 152.955 72.9786 62.4093 272.363 13.687 160.088 59.2917 79.9759 51.2285 28.7474
internal_count=614322 100810 10751 4860 4536 2773 712 248 464 220 1763 324 90059 2061 177 1053 406 88504 48234 17796 4585 2179 13211 30438 722 13026 1457 2406 1135 1271
is_linear=0
shrinkage=0.1


Tree=241
num_leaves=31
num_cat=0
split_feature=3 1 20 1 4 20 1 20 0 0 17 0 4 1 4 9 3 5 20 20 0 4 20 4 0 4 3 4 4 4
split_gain=1.5927 1.69596 4.02398 3.00842 2.71391 2.33911 2.32969 2.11638 4.16504 3.3127 3.48421 2.64049 3.12794 2.35497 2.51781 2.26371 2.00256 3.62537 2.39894 3.14019 4.2767 5.6203 2.39307 2.34814 1.96531 1.9114 2.26515 2.73753 4.12448 3.01223
threshold=0.48320895522388069 388.50000000000006 0.490380395617937 292.50000000000006 0.07276119402985072 0.41576978188243507 464.50000000000006 0.71566995138112877 5.3574194573176195 5.6840281132715713 1.0000000180025095e-35 73.752792421305742 0.12198383084577115 2553.5000000000005 0.070857279693486611 1.0000000180025095e-35 0.22201492537313436 1.5000000000000002 0.73474227287083338 0.8227345909907019 37.849463689644921 0.07276119402985072 0.86888973156516258 0.07276119402985072 10.594818653918306 0.011194029850746254 0.30037313432835827 0.1751865671641791 0.43010057471264374 0.14172885572139313
decision_type=2 2 2 2 2 2 2 2 2 2 2 2 2 2 2 2 2 2 2 2 2 2 2 2 2 2 2 2 2 2
left_child=1 2 3 -1 -4 24 -7 -8 -9 -10 11 16 15 -12 -15 -13 18 25 -11 20 21 -20 -19 -24 -3 -18 -27 29 -29 -28
right_child=-2 5 4 -5 -6 6 7 8 9 10 13 12 -14 14 -16 -17 17 22 19 -21 -22 -23 23 -25 -26 26 27 28 -30 -31
leaf_value=-0.013339064604590629 -0.00074174804112152304 0.0062430756494211391 0.08193766291003575 -0.087356985678375298 -0.015894457516912815 0.11015038974873387 -0.0079679726801079129 0.14692793423491327 -0.19516554517245815 0.053283837069199348 0.044492249393376718 0.05581074721144063 0.0035164592166942454 0.032256056015712041 -0.050070098582956905 0.010100020525894187 -0.087654462639756112 -0.015863246367901717 -0.099710267957648036 0.0067955648885601894 0.0031554460108854186 0.049557307345962615 -0.13853286725278632 -0.043451075337145394 0.034098456322498319 -0.023400041216816353 0.02208101180905479 -0.073307072848303595 0.078901626660758853 0.12852690345027737
leaf_weight=14.663111906111228 8269.6481990906432 54.315811111197036 5.497101563960312 8.778702582279946 5.8563294195919298 2.0150928036673568 146.43851451250794 2.0846414068946606 0.82325844292063166 8.6092244277315313 35.297870051144855 24.044943236745894 107.83993859415568 8.783080474007873 6.4378810263588084 19.718357124831527 2.6525698383338741 8.2877312516502588 11.765311002964152 118.24760567428893 19.745936812774744 3.2109048230122417 4.8717435756698233 5.5634685373515822 47.460601885429242 23.516451350369607 15.876576111651962 6.0101975748766545 2.529581047987449 3.1931392741098525
leaf_count=16577 499086 21122 87 5582 1704 598 28820 22 17 757 2693 451 7764 99 1540 428 74 647 932 3798 1599 844 76 425 14784 2541 414 1491 136 197
internal_value=-0.000347961 0.0041491 -0.0173914 -0.041058 0.0314739 0.00523638 0.00281198 0.00244259 0.0059144 0.00524175 0.00561999 0.0023854 0.0126669 0.0303143 -0.00256474 0.0352149 -0.00427343 -0.0180814 0.00192228 -0.000968374 -0.0274088 -0.0677073 -0.0559797 -0.0878406 0.0192327 -0.00488712 -0.000592902 0.0188331 -0.0282211 0.0399049
internal_weight=8993.78 724.136 34.7952 23.4418 11.3534 689.34 587.564 585.549 439.11 437.026 436.203 385.684 151.603 50.5188 15.221 43.7633 234.08 72.5015 161.579 152.97 34.7222 14.9762 18.7229 10.4352 101.776 53.7785 51.1259 27.6095 8.53978 19.0697
internal_count=615305 116219 23950 22159 1791 92269 56363 55765 26945 26923 26906 22574 8643 4332 1639 879 13931 6001 7930 7173 3375 1776 1148 501 35906 4853 4779 2238 1627 611
is_linear=0
shrinkage=0.1


Tree=242
num_leaves=31
num_cat=0
split_feature=6 10 5 20 20 1 20 20 1 20 20 4 20 20 1 1 20 20 4 4 4 4 4 4 4 4 4 4 1 20
split_gain=1.32388 3.47696 2.13912 2.81493 2.58462 2.35222 6.33978 2.40567 2.14337 2.00201 2.30148 5.48211 2.11629 1.94957 2.61274 2.76715 4.2486 3.83792 3.73086 2.141 3.1836 1.89899 1.81203 1.7089 1.67654 1.65812 1.6108 1.48983 2.3127 1.80255
threshold=1.0000000180025095e-35 1.0000000180025095e-35 2.5000000000000004 0.73006254226115963 0.48573718321573106 10.500000000000002 0.0087427913135088957 0.1794445347237473 3469.5000000000005 0.037024150506160876 0.010311235075537412 0.27447318007662841 0.014403908899675666 0.1496451646912845 586.50000000000011 643.50000000000011 0.50044079361139437 0.41095553580064209 0.10074626865671636 0.34309772974209424 0.21455223880597024 0.13675766283524909 0.23656609195402303 0.12988184079601986 0.20149253731343292 0.3702825670498085 0.83062810945273646 0.12593283582089551 111.50000000000001 0.00051485066868080535
decision_type=2 2 2 2 2 2 2 2 2 2 2 2 2 2 2 2 2 2 2 2 2 2 2 2 2 2 2 2 2 2
left_child=26 -2 9 4 5 -4 -7 -8 -5 10 27 12 -12 25 21 17 -17 18 -16 20 -19 23 -10 -15 -9 -11 -1 28 29 -3
right_child=1 2 3 8 -6 6 7 24 22 13 11 -13 -14 14 15 16 -18 19 -20 -21 -22 -23 -24 -25 -26 -27 -28 -29 -30 -31
leaf_value=-0.00050671682625583398 0.00020978631750059241 -0.095109294060829241 0.10997538636626221 -0.11571040012429179 0.09897390740721046 -0.095605233675953624 0.067752160407943671 0.054987659143992534 0.059199917396206204 0.056915668724107499 -0.10085791609886206 -0.16755510582417421 0.015914432277241704 -0.0024344821225774026 0.10232847685646151 -0.13281359263860837 0.009327499917350773 0.11787292494892201 -0.029390156472397944 0.14651053254880167 -0.002481470002264756 -0.085286377222141774 -0.074339552707474485 0.31715402760377648 -0.06308966818761215 -0.07146741067423612 0.082635540934245244 0.022590356949397657 -0.13275481841480122 0.21005307556050559
leaf_weight=7612.5376502392883 1078.7703956142304 0.3436973262578279 3.2787299184128669 1.893371348385698 7.2318214629776767 3.9410272492095855 12.692380136140857 2.0471697509638025 2.8409603582695127 13.549241888169488 2.0044503363314998 2.9615457449399392 6.8759587975218892 2.6381031926139253 2.8383805803023305 2.1260928229312404 192.27641354736988 4.243016744963823 8.8714360948069935 3.6628861650824538 4.5597114022821188 4.8790476739886799 1.5819238105323163 0.17864433463546436 2.9143481346254703 1.0866914659272868 2.3309443543403168 12.802566203114109 1.594918943243101 0.44312345425714739
leaf_count=532086 71098 33 25 111 137 131 277 103 66 599 75 146 245 625 78 306 6155 52 311 6 66 1457 54 38 184 52 542 399 70 38
internal_value=3.60038e-05 0.00287975 0.0122814 0.0343478 0.0463534 0.0310544 0.0190719 0.0446723 -0.0266768 0.00911712 -0.0166907 -0.049735 -0.010443 0.0120124 0.00972446 0.0117408 0.00777297 0.0436471 0.00253755 0.0822642 0.0555307 -0.047543 0.0114371 0.0178345 -0.0143698 0.0473835 -0.000481267 0.0090799 -0.0635429 0.0767527
internal_weight=9000 1385.13 306.358 38.4217 32.1055 24.8737 21.5949 17.6539 6.31626 267.936 27.0263 11.842 8.88041 240.91 226.274 218.578 194.403 24.1754 11.7098 12.4656 8.80273 7.6958 4.42288 2.81675 4.96152 14.6359 7614.87 15.1843 2.38174 0.786821
internal_count=615565 82937 11839 1088 857 720 695 564 231 10751 1006 466 320 9745 9094 6974 6461 513 389 124 118 2120 120 663 287 651 532628 540 141 71
is_linear=0
shrinkage=0.1


Tree=243
num_leaves=31
num_cat=0
split_feature=4 0 1 20 1 1 18 5 0 18 1 4 0 1 1 8 18 20 16 0 20 20 4 1 1 4 20 16 0 5
split_gain=1.31535 1.31236 1.17826 2.23552 3.44733 7.21904 5.89358 4.13367 2.29215 2.26921 2.06129 2.27457 1.94572 1.72296 7.94763 3.92479 2.02084 3.38728 1.99759 2.38335 1.64844 2.70769 1.98509 1.64797 2.95237 2.49019 2.59414 2.89637 1.74439 1.65471
threshold=0.83062810945273646 14.920766595605043 139.50000000000003 0.25113437415743511 137.50000000000003 132.50000000000003 1.0000000180025095e-35 1.5000000000000002 4.7370903179328581 1.0000000180025095e-35 149.50000000000003 0.03731343283582092 5.9175588080376196 124.50000000000001 126.50000000000001 1.0000000180025095e-35 1.0000000180025095e-35 0.11989985479935429 1.0000000180025095e-35 3.0190547573358404 0.096322059873980514 0.022150443092980039 0.12875957854406131 122.50000000000001 111.50000000000001 0.24253731343283591 0.021224470973887768 1.0000000180025095e-35 8.2859500782050688 1.5000000000000002
decision_type=2 2 2 2 2 2 2 2 2 2 2 2 2 2 2 2 2 2 2 2 2 2 2 2 2 2 2 2 2 2
left_child=2 -2 3 4 5 13 -6 20 -8 -9 11 -4 -5 23 18 -16 17 -17 -15 -20 21 -7 -23 24 -1 26 27 29 -27 -25
right_child=1 -3 10 12 6 7 8 9 -10 -11 -12 -13 -14 14 15 16 -18 -19 19 -21 -22 22 -24 25 -26 28 -28 -29 -30 -31
leaf_value=0.0031883323824691331 0.16849043174837711 0.024746560649188325 0.046650491839280245 -0.10912108945628554 -0.083895378744187149 -0.058261741905540169 0.033313551572049495 -0.0069144353512707035 0.10294700142518978 -0.13587284897328983 -0.00043119609047851987 -0.042382696905849004 0.015718881342968869 -0.098801630034784774 -0.042388297606048848 -0.039966629270587556 0.066743546511581223 0.086749813247244095 0.032934266958424913 -0.096807349272706331 -0.068013233540270154 0.45911467530309258 0.11951787728252367 0.12495309372530235 -0.029056727809145828 0.0014089681452308682 0.097617643678148791 0.057386155792575881 -0.1448711678111177 -0.11616324834465759
leaf_weight=460.31665990347028 0.87301462887444303 2.3310666499382933 3.3373150353727423 1.2591963019513048 3.8849957987622465 0.73648627825605162 23.990030527347702 1.6794078391321798 5.88732218556106 7.2771228956989944 8222.498905887358 20.467011655442548 146.32104099562275 10.756588261912841 8.7763308264256938 6.15056814430136 10.972715282812715 3.2107593502150849 3.1356131627690038 2.5816299351863563 1.1248986497957956 0.22070170423830837 0.78210799244698137 0.33329439740191635 30.261933045079786 6.544632950652157 6.9906566180070513 4.4928665021434426 0.93120865430682886 1.9489763166566263
leaf_count=56849 341 430 372 257 1758 300 553 424 56 537 530785 5807 3960 1331 1611 783 216 71 107 109 313 34 82 227 5663 766 774 86 40 425
internal_value=-0.000148195 0.0639124 -0.000171009 0.00362222 0.000922282 -0.000919175 0.0319688 -0.0782515 0.0470348 -0.111692 -0.000516264 -0.0299004 0.0146537 0.00072079 -0.0179088 0.0135024 0.0376252 0.00349473 -0.0734146 -0.0256508 0.0263202 0.0873309 0.194257 0.00238 0.00119926 0.0296494 0.0548814 0.0107858 -0.016812 -0.0809515
internal_weight=9000.08 3.20408 8996.87 750.568 602.988 569.225 33.7623 11.8207 29.8774 8.95653 8246.3 23.8043 147.58 557.404 45.5842 29.1104 20.334 9.36133 16.4738 5.71724 2.86419 1.7393 1.00281 511.82 490.579 21.2416 13.7658 6.77514 7.47584 2.28227
internal_count=615067 771 614296 77332 73115 70748 2367 1690 609 961 536964 6179 4217 69058 4228 2681 1070 854 1547 216 729 416 116 64830 62512 2318 1512 738 806 652
is_linear=0
shrinkage=0.1


Tree=244
num_leaves=31
num_cat=0
split_feature=4 12 4 1 4 4 1 19 1 1 0 9 20 0 0 1 1 20 1 0 0 4 20 0 0 20 6 4 15 20
split_gain=1.79519 6.10469 4.18489 2.55296 2.4614 3.20216 2.45324 2.09891 5.61682 6.68154 6.23913 7.38223 5.65024 7.6132 4.70845 4.49848 5.21374 4.21624 4.17934 3.8412 3.79948 3.68375 3.68064 6.5484 4.76233 3.65082 5.20193 3.31687 3.26049 4.36492
threshold=0.40818965517241385 1.0000000180025095e-35 0.48000478927203072 72.500000000000014 0.41333955223880608 0.46974895636758746 7136.0000000000009 1.0000000180025095e-35 24327.500000000004 28587.500000000004 15.50862240028964 1.0000000180025095e-35 0.74416403913925067 20.463442869473706 10.896377728113045 1004.0000000000001 978.50000000000011 0.70614097360683437 3332.5000000000005 18.279564469395996 8.1472121567055069 0.41218869731800772 0.96371328872753381 10.594818653918306 15.922980495134411 0.89441734684883911 1.0000000180025095e-35 0.47600574712643684 1.0000000180025095e-35 0.63024275792341733
decision_type=2 2 2 2 2 2 2 2 2 2 2 2 2 2 2 2 2 2 2 2 2 2 2 2 2 2 2 2 2 2
left_child=-1 3 4 -2 -3 -6 -4 8 12 -10 14 -12 15 18 -11 16 -5 28 -14 22 -18 -13 24 -24 25 26 -20 -15 -17 -30
right_child=1 2 6 7 5 -7 -8 -9 9 10 11 21 13 27 -16 17 20 -19 19 -21 -22 -23 23 -25 -26 -27 -28 -29 29 -31
leaf_value=-0.00030352449350183467 0.067268914765977808 0.10295935177129548 -0.091591272674735422 -0.0086178115591503002 0.025312582446028461 0.10773466088067923 0.046909812232340163 0.0076536347796057683 -0.1595293884229888 -0.017583252371507326 0.059831193125141895 0.041612297409166166 0.04308439872416709 -0.03762168829501214 -0.19220585903698603 -0.035442340520936533 0.12087346283200701 -0.094683985927674491 0.031908714737639267 0.069376684829973265 -0.052748372005685544 -0.13262167398709124 -0.069765531648910376 0.08244555634096698 -0.12637734208796375 -0.055065136387367854 -0.12306775775521839 0.015910310642628624 -0.071470732708668938 0.10568561653981066
leaf_weight=8266.3153449602123 6.0287116627005153 7.5111826162428761 3.5296284684618504 68.482048078083608 27.315503483217981 5.6966725475649573 2.0055693848989904 321.27278398832368 4.454196446924473 2.9060228363669038 10.059009742544729 1.718092644587158 64.015754630949232 35.347513730579522 3.2947781780676451 36.257821241251804 5.5098076125141224 10.559168484462132 19.885864647578277 8.3039733974946994 1.634277961682528 4.1313746934756637 3.9279182562604538 10.079465735703705 3.8048185301886397 11.139654128390246 2.430601332569494 17.209765751023951 2.1423077546060076 3.9646860961802304
leaf_count=531829 835 579 5715 20577 2413 336 44 35929 304 219 130 19 1550 1384 144 7147 77 1707 950 216 106 90 36 68 250 281 178 2019 62 58
internal_value=0.000109482 0.00495472 0.040151 0.00249315 0.0512914 0.0395356 -0.0414081 0.00189469 -0.00369065 -0.047792 -0.0252811 0.00788426 0.000154123 0.0117874 -0.110368 -0.0157863 -0.000137272 -0.0381481 0.0253448 0.00628195 0.0811558 -0.0814461 -0.00393756 0.0397629 -0.0203657 -0.00830948 0.0150294 -0.0200928 -0.0240569 0.0435399
internal_weight=8970.93 704.619 46.0586 658.56 40.5234 33.0122 5.5352 652.532 331.259 26.5635 22.1093 15.9085 304.695 176.145 6.2008 128.55 75.6261 52.924 123.588 59.5723 7.14409 5.84947 51.2683 14.0074 37.2609 33.4561 22.3165 52.5573 42.3648 6.10699
internal_count=615252 83423 9087 74336 3328 2749 5759 73501 37572 906 602 239 36666 6932 363 29734 20760 8974 3529 1979 183 109 1763 104 1659 1409 1128 3403 7267 120
is_linear=0
shrinkage=0.1


Tree=245
num_leaves=31
num_cat=0
split_feature=4 5 1 13 4 4 1 20 20 4 20 20 20 4 4 3 18 1 1 16 11 7 4 9 4 19 7 1 1 1
split_gain=1.38823 1.18563 0.996423 1.74629 2.54059 2.34677 1.8293 2.69874 2.63661 4.45512 3.78094 2.59511 2.52505 2.45395 2.42634 1.90418 2.85012 1.65093 3.94072 3.46167 3.04389 3.11643 5.63626 4.90956 4.78941 10.1453 8.35566 6.42127 9.40748 7.71616
threshold=0.83062810945273646 1.0000000180025095e-35 37272.500000000007 1.0000000180025095e-35 0.40939054726368168 0.43010057471264374 43138.000000000007 0.94737100035896937 0.92759410062517034 0.39412134728655579 0.92156384690717086 0.83662031597016284 0.93381963191493456 0.37713015382855847 0.45653914336364165 0.49813432835820898 1.0000000180025095e-35 20091.500000000004 17959.000000000004 1.0000000180025095e-35 1.0000000180025095e-35 1.7500000000000002 0.46974895636758746 1.0000000180025095e-35 0.32419082747183631 1.0000000180025095e-35 2.5000000000000004 24327.500000000004 23098.500000000004 25377.000000000004
decision_type=2 2 2 2 2 2 2 2 2 2 2 2 2 2 2 2 2 2 2 2 2 2 2 2 2 2 2 2 2 2
left_child=2 -2 17 6 -5 -6 7 8 9 11 14 13 -10 -4 -11 -9 -17 18 -1 -20 21 22 23 -19 25 -23 27 28 -26 -29
right_child=1 -3 3 4 5 -7 -8 15 12 10 -12 -13 -14 -15 -16 16 -18 20 19 -21 -22 24 -24 -25 26 -27 -28 29 -30 -31
leaf_value=-0.00030215827383039631 0.13602036170699722 0.019865675358142185 -0.13984885577618864 -0.072821402355164405 0.06850601746550114 -0.034744841579483272 0.0020059765013057933 -0.034826453689942784 -0.084172561846951391 -0.15314098539627061 0.058525370660080414 0.032553699588928814 -0.0041483350252530414 0.18379569062672049 0.011109340864682673 0.065676113265380337 0.0032015195592387511 0.0044107878036835409 0.012547756258767232 0.069695948021759491 -0.028799119504990374 0.027109589220701526 -0.11919962996691853 0.065946453223473547 -0.12318328024712857 -0.015578528237436249 -0.004698168825727024 -0.22615508816421662 0.043616500329033435 -0.06665273251465724
leaf_weight=7849.3128072499421 1.3336926427873543 2.5763057172716799 1.5204159169079492 7.1621942928759408 3.6760006481781584 5.4873490557074547 422.27624232229027 3.2225345904007545 5.35401132144034 3.3785285642006775 1.8911552801728246 45.058288909349358 14.961478688346688 0.27695116912946094 1.225637481518788 22.783332300838083 10.746623332845045 41.030696825589985 99.802233182432246 11.858831852092406 52.463220559875481 94.819087959767785 2.8866566293872884 18.95521966391243 4.8526212086435416 134.85478542055353 94.093420121382223 3.4605690406169769 11.151884647086263 24.545300457801204
leaf_count=579726 61 717 247 79 20 54 13721 92 69 249 14 699 182 6 103 129 154 691 3029 320 1145 1313 49 137 315 6387 4413 179 156 777
internal_value=-8.69461e-05 0.0594858 -0.000112847 0.00401524 -0.0282006 0.00667563 0.00500256 0.0164624 0.00541993 0.0170942 -0.0605197 0.0278534 -0.0252382 -0.0899794 -0.109417 0.0385959 0.0456525 -0.000381248 -3.67955e-05 0.0186171 -0.00605731 -0.00328683 0.0172876 0.0238557 -0.00680409 0.00204493 -0.0215205 -0.0574863 -0.00695777 -0.0863618
internal_weight=8997.02 3.91 8993.11 549.021 16.3255 9.16335 532.695 110.419 73.6665 53.351 6.49532 46.8557 20.3155 1.79737 4.60417 36.7525 33.53 8444.09 7960.97 111.661 483.113 430.65 62.8726 59.9859 367.778 229.674 138.104 44.0104 16.0045 28.0059
internal_count=615233 778 614455 15818 153 74 15665 1944 1569 1318 366 952 251 253 352 375 283 598637 583075 3349 15562 14417 877 828 13540 7700 5840 1427 471 956
is_linear=0
shrinkage=0.1


Tree=246
num_leaves=31
num_cat=0
split_feature=4 15 3 4 20 20 5 1 1 4 20 4 20 1 4 5 4 3 4 1 1 3 3 1 3 4 16 1 3 4
split_gain=1.3696 2.1319 1.39551 2.10351 3.06243 2.18529 2.8965 3.1004 2.4037 3.34483 3.73471 2.78035 2.1692 3.24335 2.05618 2.94332 1.95848 1.95555 3.42476 2.56187 2.11649 2.41997 1.7785 1.70073 1.68895 1.63255 1.69909 1.54922 2.03124 2.92084
threshold=0.41728855721393049 1.0000000180025095e-35 0.48320895522388069 0.020833333333333325 0.98592335930637953 0.93381963191493456 2.5000000000000004 2313.0000000000005 666.50000000000011 0.14925373134328368 0.52642975449311058 0.041666666666666664 0.01795700428909516 968.00000000000011 0.026119402985074626 1.0000000180025095e-35 0.39412134728655579 0.1105721393034826 0.11676245210727972 4357.0000000000009 4203.5000000000009 0.12363184079601992 0.22201492537313436 94197.000000000015 0.30037313432835827 0.029508706467661686 1.0000000180025095e-35 566.00000000000011 0.22201492537313436 0.033582089552238813
decision_type=2 2 2 2 2 2 2 2 2 2 2 2 2 2 2 2 2 2 2 2 2 2 2 2 2 2 2 2 2 2
left_child=2 -2 3 4 12 6 7 8 9 10 -5 -10 -1 -14 15 -7 -8 19 24 -16 -20 -22 -18 -15 -19 -9 -27 28 29 -12
right_child=1 -3 -4 5 -6 14 16 25 11 -11 27 -13 13 23 17 -17 22 18 20 -21 21 -23 -24 -25 -26 26 -28 -29 -30 -31
leaf_value=-0.080085927697201006 0.0037810671958384461 0.048580069456210205 -0.00077788424691482502 -0.028541016383104467 0.069632201905810695 0.041061998304144615 0.0096851653931476489 0.020683431716019357 -0.01362806579795766 -0.073533062990847303 0.14350250649043403 0.019873726256200597 0.046198416927016921 0.0076945929356036433 0.061033301226528891 -0.094703440190116908 -0.092134999195438078 0.05831062015407177 0.051492261617118541 -0.018757112957622231 0.085430292095246357 -0.023503644029243945 0.083897824773479901 -0.055767531335058289 0.017442809160826616 -0.020119041809453467 -0.077556533772446062 -0.009025926394347043 0.12215103551886544 -0.16875804562746319
leaf_weight=2.5392594349141282 559.97114991975104 10.827979134046471 7858.3122459870483 16.815418399812192 9.7782868514768762 2.6602966119535258 66.77909435303809 9.304745438275857 36.563772073073778 9.006216117373695 0.55126518197357632 76.814154932726524 23.675715042481897 82.167436400894076 4.8421639505540979 3.9945367835462093 0.6353343456503352 27.814499604399316 6.3116248176957042 23.814707024605013 2.2460827741306302 22.152383834472857 5.9393822006168184 4.4516338240355244 15.889170750509946 105.29285449745657 5.4150864687617277 2.4787729497766122 3.9238260600250205 0.65603979281149805
leaf_count=283 72922 246 468765 4029 83 34 14902 260 1584 13929 6 16859 1177 2277 53 50 268 334 264 582 27 915 1373 91 259 12409 965 159 109 64
internal_value=-0.000109666 0.0046309 -0.00043062 0.00433592 0.015947 0.00117155 -0.00278665 -0.00762487 0.00212131 -0.0214427 -0.00223567 0.00906958 0.0112946 0.0133984 0.0134429 -0.0404307 0.0148122 0.0169213 0.0254691 -0.00527489 -0.000123034 -0.0134754 0.0668873 0.00443307 0.0434525 -0.0195472 -0.0229285 0.0558906 0.0872508 -0.0261774
internal_weight=9001.63 570.799 8430.83 572.514 122.612 449.901 340.176 266.822 146.809 33.4315 24.4253 113.378 112.834 110.295 109.725 6.65483 73.3538 103.071 74.4138 28.6569 30.7101 24.3985 6.57472 86.6191 43.7037 120.013 110.708 7.6099 5.13113 1.2073
internal_count=615278 73168 542110 73345 3911 69434 66916 50373 36739 18296 4367 18443 3828 3545 2518 84 16543 2434 1799 635 1206 942 1641 2368 593 13634 13374 338 179 70
is_linear=0
shrinkage=0.1


Tree=247
num_leaves=31
num_cat=0
split_feature=1 1 0 20 1 4 1 1 4 1 1 20 18 1 8 20 0 4 12 0 4 1 13 4 1 17 1 20 0 20
split_gain=1.54441 8.11632 4.76861 5.77826 3.4529 13.7976 10.2055 10.5035 9.7295 9.99676 9.33703 8.4637 7.25214 8.69882 8.77663 7.75911 6.90425 6.89461 6.01388 5.85088 5.50766 5.19925 11.3948 4.76187 5.18014 4.98263 4.60344 4.3645 4.32282 4.07236
threshold=1267.5000000000002 1255.0000000000002 38.515431306832447 0.28860574634206371 1190.5000000000002 0.16920426602619093 1160.0000000000002 1102.0000000000002 0.20857279693486594 1176.0000000000002 1080.5000000000002 0.3724684122637682 1.0000000180025095e-35 1176.0000000000002 1.0000000180025095e-35 0.85059515696560528 40.639317029662735 0.16728855721393032 1.0000000180025095e-35 6.7479954012188346 0.27447318007662841 1212.0000000000002 1.0000000180025095e-35 0.43703358208955234 1229.0000000000002 1.0000000180025095e-35 1047.5000000000002 0.4607205690159672 47.521315307063404 0.71094166581115481
decision_type=2 2 2 2 2 2 2 2 2 2 2 2 2 2 2 2 2 2 2 2 2 2 2 2 2 2 2 2 2 2
left_child=1 4 3 -3 6 18 7 10 12 -10 26 17 -8 15 -15 -14 -11 -12 -6 -7 -9 -21 23 24 -23 -26 29 -24 -16 -1
right_child=-2 2 -4 -5 5 19 8 20 9 16 11 -13 13 14 28 -17 -18 -19 -20 21 -22 22 27 -25 25 -27 -28 -29 -30 -31
leaf_value=-0.00032795245425017437 -0.00190360237229529 -0.049597787713182996 -0.012403822962024025 0.063142572701758257 -0.074689592224892368 0.071560893158118352 -0.054001918358357673 -0.058160438531733111 -0.071030519536246645 -0.027203110707110331 0.02490621578886212 0.073858225940333533 0.10902830154378336 -0.048015162900299231 -0.025743503492959469 -0.037444776482271319 0.091892567616650045 -0.10361228833971033 0.038433286553095296 -0.058727463240837066 -0.0084399050697235647 0.012942954054946552 -0.095270345139170709 0.077320073966601496 -0.029656087684062107 -0.1393785898885328 -0.029097321102514725 0.11615950069763421 0.10933530733343995 0.013020178549020003
leaf_weight=3681.7787065282291 4545.5462841622593 5.0750621829065485 15.429903617128728 43.615973358158953 39.140315094031394 12.161604678665752 5.682100221500149 45.880638572823955 15.442434452590531 9.0878478476515756 18.132939162809638 32.868582350842189 34.15033075842075 11.170472463243641 3.1977831291733319 4.0449258291628203 10.482340715825556 5.4225246415771826 5.3407838184502898 13.781213358757666 43.309438053672238 21.956166885240236 1.0729441808653053 5.3973018457036224 18.24758182925871 5.3527939567575222 53.261143475392601 10.844178099883719 9.1428054878488165 243.69077736783947
leaf_count=366772 201288 1008 634 814 2719 830 870 5262 1109 982 680 1022 393 511 97 109 232 1276 314 1462 5488 894 167 606 1947 304 4181 249 125 11721
internal_value=-0.000609067 0.000720987 0.0360401 0.0513917 0.000201567 -0.0156453 0.000701314 -7.2951e-05 0.0318859 -0.0108776 0.00067732 0.0410711 0.0541043 0.0640591 0.0162033 0.0935166 0.0365879 -0.00467905 -0.0611071 0.00712361 -0.0340169 -0.00309998 0.00909347 -0.0114951 -0.0220175 -0.0545422 0.000104479 0.0971237 0.0743327 0.000500691
internal_weight=8969.71 4424.16 64.1209 48.691 4360.04 133.295 4226.75 4124.34 102.401 35.0126 4035.15 56.424 67.3884 61.7063 23.5111 38.1953 19.5702 23.5555 44.4811 88.8138 89.1901 76.6522 62.871 50.9538 45.5565 23.6004 3978.73 11.9171 12.3406 3925.47
internal_count=614066 412778 2456 1822 410322 9492 400830 396402 4428 2323 385652 2978 2105 1235 733 502 1214 1956 3033 6459 10750 5629 4167 3751 3145 2251 382674 416 222 378493
is_linear=0
shrinkage=0.1


Tree=248
num_leaves=31
num_cat=0
split_feature=20 2 0 0 18 13 4 5 0 2 2 4 2 2 3 2 4 8 4 5 2 8 2 13 4 2 7 5 10 2
split_gain=1.51885 3.46245 1.93526 4.14005 1.80127 5.07614 3.26253 5.14302 3.01829 3.63122 4.64553 4.04468 2.91171 3.82155 4.91391 3.50527 3.41383 2.90931 2.90907 2.56361 5.17438 3.48231 2.97129 2.9137 2.77591 2.47524 2.20133 2.67498 2.6001 2.71724
threshold=0.038477381673827658 3.6242520361853052 8.8342876250336833 9.1113486011167151 1.0000000180025095e-35 1.0000000180025095e-35 0.43703358208955234 1.5000000000000002 1.4071646653051333 3.6242520361853052 4.0163424379838117 0.27950870646766179 6.3758758838633627 4.9732735209982879 0.58768656716417922 5.8678824850335358 0.38227969348659008 1.0000000180025095e-35 0.12875957854406131 1.5000000000000002 5.9648630413710704 1.0000000180025095e-35 6.4815759566919269 1.0000000180025095e-35 0.40419061302681997 4.816232960488728 1.2500000000000002 2.5000000000000004 1.0000000180025095e-35 3.4498615536424366
decision_type=2 2 2 2 2 2 2 2 2 2 2 2 2 2 2 2 2 2 2 2 2 2 2 2 2 2 2 2 2 2
left_child=4 2 -2 -4 5 6 26 -8 -6 17 18 -12 13 25 16 -16 -15 -10 -11 20 24 -22 23 -21 -13 -7 -1 -28 29 -29
right_child=1 -3 3 -5 8 12 7 -9 9 10 11 19 -14 14 15 -17 -18 -19 -20 22 21 -23 -24 -25 -26 -27 27 28 -30 -31
leaf_value=-0.0073989541135717754 0.06211460681828096 0.00049425310434582457 -0.19882794536489706 0.027390046512050972 0.014189419777256638 0.0086406743828302129 0.13063262928445513 -0.050786300447715954 -0.012219392942560414 -0.11108103331455788 -0.0050254006382999365 0.026686915602553141 -0.0084491725538057682 0.063034490682088926 0.024459714022266842 -0.063178442783378377 -0.030384261298006768 -0.1165323847835958 0.039273251456059345 -0.030026251966688358 -0.0094507128578966548 -0.089425551697201122 0.0099871046886271901 -0.072812748599578203 0.1844676917507454 -0.069739009669130908 -0.015936817174273036 -0.063235976525241197 0.084957947491819938 0.010377964145302466
leaf_weight=538.35826201089321 14.237466766859145 7439.2875744755329 0.92522056064626568 6.4406536877140752 59.879141503261053 33.656482001406403 4.3638003402247696 2.4343137475302683 5.0835701499599946 1.3538520646980057 366.89999093371443 15.850287707929967 34.262611129932338 46.94109800903243 15.563209768479284 6.4575641379924482 4.2673908899305379 5.6401209204923362 25.995778180193156 58.141547788371099 18.50212310290954 7.7146983444690695 12.893888700287787 21.914991618483327 1.1994380658143189 4.5770613626882541 50.615987319324631 5.1693204431794575 4.525435615098103 167.1761909057459
leaf_count=84357 1683 457143 15 284 7348 2719 1040 6582 452 116 24561 979 2889 1185 1056 187 144 458 637 2751 2157 974 629 3058 75 1350 3563 189 68 6341
internal_value=2.34503e-05 0.000610342 0.0405865 -0.00102498 -0.00285836 -7.28726e-05 -0.00330164 0.0656689 -0.00711429 -0.0094714 -0.00830675 -0.0104886 0.0170462 0.0248832 0.0382626 -0.00124006 0.0552496 -0.0670828 0.0318305 -0.0252038 -0.00509624 -0.0329845 -0.0345635 -0.0417388 0.0377867 -0.000742412 -0.00391386 0.00433377 0.0101347 0.00816999
internal_weight=8980.33 7460.89 21.6033 7.36587 1519.44 918.369 772.643 6.79811 601.069 541.19 530.467 503.117 145.725 111.463 73.2293 22.0208 51.2085 10.7237 27.3496 136.217 43.2665 26.2168 92.9504 80.0565 17.0497 38.2335 765.845 227.487 176.871 172.346
internal_count=614990 459125 1982 299 155865 111670 102140 7622 44195 36847 35937 35184 9530 6641 2572 1243 1329 910 753 10623 4185 3131 6438 5809 1054 4069 94518 10161 6598 6530
is_linear=0
shrinkage=0.1


Tree=249
num_leaves=31
num_cat=0
split_feature=1 4 4 4 0 4 0 0 17 4 4 0 0 0 4 20 1 4 4 5 1 1 20 12 1 1 0 1 4 18
split_gain=1.25454 1.36229 2.30724 2.25332 2.62857 2.01598 1.94379 1.52835 1.23412 1.27767 1.05171 0.953009 3.10632 1.22777 1.74628 0.8733 4.30848 6.21834 6.76396 7.62128 4.35598 9.67896 4.74799 4.29838 4.27973 8.76663 5.43868 4.27373 6.49698 3.93925
threshold=174508.00000000003 0.33553496883399109 0.3702825670498085 0.40419061302681997 21.522794736655303 0.29393978383942371 21.787407554265702 38.515431306832447 1.0000000180025095e-35 0.27847222222222229 0.26560444901927155 34.269177493652457 25.158375567637062 24.214128466287423 0.10074626865671636 0.83662031597016284 2764.0000000000005 0.17816091954022989 0.2731672099273747 1.0000000180025095e-35 2553.5000000000005 2514.0000000000005 0.87408394402281786 1.0000000180025095e-35 1422.5000000000002 1741.0000000000002 14.728311919785602 1554.5000000000002 0.15866858237547896 1.0000000180025095e-35
decision_type=2 2 2 2 2 2 2 2 2 2 2 2 2 2 2 2 2 2 2 2 2 2 2 2 2 2 2 2 2 2
left_child=15 5 -3 4 -4 7 -5 8 -2 10 11 12 13 14 -10 -1 17 20 19 -19 21 23 -23 27 -20 26 -26 28 -17 -21
right_child=1 2 3 6 -6 -7 -8 -9 9 -11 -12 -13 -14 -15 -16 16 -18 18 24 29 -22 22 -24 -25 25 -27 -28 -29 -30 -31
leaf_value=-0.00045541208576710835 -0.030915893531455726 0.080909017277330075 -0.1603666096419262 0.06518932088204453 0.03503067894426929 -0.076026658672602332 -0.027128994130470853 -0.047278866034418193 0.14102064261917488 0.11352278837849866 -0.059462868799089214 0.105480414030089 -0.12157701753134338 0.14376120452575855 -0.039479803186035146 -0.015777249220894164 -0.00054588210302798396 -0.11347772351990547 0.035868752353907705 0.0025720771093181247 0.065201819035702574 0.021851413611404663 -0.11850712900344203 -0.066887223320234404 0.055248846442252975 0.011922944009170986 -0.066296066970658735 0.032191767853253492 0.063630742272906798 -0.04458485851758312
leaf_weight=6510.7812292692252 2.7090434604324409 7.3419943023473051 1.4774986128322773 6.4723551647039113 1.2891796734184024 3.020171465817838 3.5217192084528506 3.3240496320649973 0.81514865858480412 2.1472709998488426 1.2057112454203887 1.7451102589257059 1.1830558597575871 1.2807598896324632 1.5651171478675676 48.270726656774059 1872.7147803135013 8.571366021060383 46.875139111871249 50.090428274997976 20.374353984370828 3.5285984361544234 7.6031535672955215 5.3739690871443591 4.3236090708524015 144.0413620127656 24.787410475721117 160.78048132994445 13.099586545722557 27.406373158039059
leaf_count=547746 61 41 45 115 18 60 43 58 22 12 34 19 40 10 81 2164 48729 306 2204 1819 251 79 207 422 73 4352 1327 3184 428 1499
internal_value=0.000227173 0.018101 0.0362458 0.0105485 -0.069318 -0.00110162 0.0326581 0.0130632 0.0289178 0.0452213 0.0264061 0.0421187 0.0192923 0.064814 0.0223346 0.000149079 0.0017635 0.00941634 -0.000233311 -0.0240011 0.0208193 0.0170303 -0.0740156 0.0214848 0.00906394 0.00180745 -0.048244 0.0236225 0.00117251 -0.0141047
internal_weight=8987.72 39.0982 20.1027 12.7608 2.76668 18.9954 9.99407 15.9753 12.6512 9.94217 7.7949 6.58919 4.84408 3.66103 2.38027 8948.62 2437.84 565.127 306.096 86.0682 259.031 238.657 11.1318 227.525 220.028 173.152 29.111 222.151 61.3703 77.4968
internal_count=615449 659 262 221 63 397 158 337 279 218 206 172 153 113 103 614790 67044 18315 11580 3624 6735 6484 286 6198 7956 5752 1400 5776 2592 3318
is_linear=0
shrinkage=0.1


Tree=250
num_leaves=31
num_cat=0
split_feature=1 20 0 11 20 1 0 20 1 1 1 1 16 20 1 0 1 18 1 1 20 1 16 5 1 1 13 1 1 1
split_gain=1.20071 1.28095 5.9039 5.79904 5.48154 5.31168 2.98591 4.71499 3.44521 2.30806 8.00469 7.02843 10.8662 4.78164 4.50765 4.43986 5.40464 4.29008 4.94447 4.58264 4.5509 5.37533 8.59398 3.94267 3.36369 8.16691 5.80064 13.1905 18.3581 11.3775
threshold=174508.00000000003 0.21313734932922487 6.2661748307850127 1.0000000180025095e-35 0.52115977695809612 1004.0000000000001 5.6840281132715713 0.72044748797222335 1399.5000000000002 740.00000000000011 1518.0000000000002 656.50000000000011 1.0000000180025095e-35 0.023097797286593749 643.50000000000011 4.1006673472185859 1586.5000000000002 1.0000000180025095e-35 1340.0000000000002 1190.5000000000002 0.023097797286593749 823.50000000000011 1.0000000180025095e-35 2.5000000000000004 372.50000000000006 456.50000000000006 1.0000000180025095e-35 448.50000000000006 429.50000000000006 436.50000000000006
decision_type=2 2 2 2 2 2 2 2 2 2 2 2 2 2 2 2 2 2 2 2 2 2 2 2 2 2 2 2 2 2
left_child=1 9 3 4 -3 -6 7 -7 -9 11 17 14 13 -13 24 -12 -17 18 19 20 -11 22 -22 -14 -1 26 -26 28 -28 -30
right_child=-2 2 -4 -5 5 6 -8 8 -10 10 15 12 23 -15 -16 16 -18 -19 -20 -21 21 -23 -24 -25 25 -27 27 -29 29 -31
leaf_value=-0.00079738785635944547 0.017565306701475918 -0.06650319974375106 -0.0003947713285280016 -0.25227719178828872 0.063811020462626711 -0.066161174194111633 -0.068646108496372593 -0.11630054824705563 0.086451528533110236 -0.033714871175178039 -0.0090340560093350054 0.0096587041098915687 -0.0084618639731546871 0.045860810792981085 -0.046331963761501005 0.070149660301966205 0.0097307307453794456 -0.032295595947686072 -0.060597930393795602 0.052776764903281016 0.0003114407603998322 -0.02030861480026059 0.089566683434203931 -0.084918688403371703 0.01141688722198245 -0.003146501077195882 0.00040231422993701455 -0.11204709937576701 0.1261063667787426 0.0025314394271963563
leaf_weight=1231.2969297910795 39.569124570523854 22.234921331561964 6164.0053345123752 1.1845845052685025 8.8956475300801703 5.3037994953701872 9.8681490865346841 0.97164694673847396 6.0966874731238931 42.56399586995758 133.67567256530492 57.179125699523865 23.650412447052076 100.80715003421028 19.331484092073879 15.73984680342255 249.39181070891937 104.79454726175754 15.304555078459087 14.366449145441946 35.023100141224859 42.909533981417553 15.589426717124296 9.4354335694806633 217.36674015546942 308.35870791272646 36.101359423220856 5.1821743256878099 32.337660715915263 9.680975512666917
leaf_count=132025 679 10838 331561 117 587 718 696 28 197 8730 9306 4469 782 6134 2946 843 15124 12873 3129 2228 5838 9142 755 804 10465 38743 2660 902 280 1246
internal_value=0.000184023 0.000107081 -0.000684647 -0.0334366 -0.0285793 -0.001497 -0.0276188 0.00510496 0.0585803 0.0019171 -0.00318156 0.00358131 0.0218452 0.0327584 0.00170477 0.00582556 0.0133176 -0.0164585 -0.00644607 -0.000937553 -0.00660811 0.00572878 0.0278034 -0.0302658 0.00220936 0.00828824 0.0200154 0.0424523 0.0527012 0.0976351
internal_weight=8978.22 8938.65 6218.56 54.5554 53.3709 31.1359 22.2403 12.3721 7.06833 2720.09 669.359 2050.73 191.072 157.986 1859.66 398.807 265.132 270.552 165.757 150.453 136.086 93.5221 50.6125 33.0858 1840.32 609.028 300.669 83.3022 78.12 42.0186
internal_count=614845 614166 344742 13181 13064 2226 1639 943 225 269424 67968 201456 12189 10603 189267 25273 15967 42695 29822 26693 24465 15735 6593 1586 186321 54296 15553 5088 4186 1526
is_linear=0
shrinkage=0.1


Tree=251
num_leaves=31
num_cat=0
split_feature=20 1 10 0 1 0 0 0 13 18 5 0 1 1 5 0 0 20 20 1 0 1 1 0 0 0 0 20 0 18
split_gain=1.06593 2.68784 3.61399 3.17483 2.58158 3.35747 3.81434 2.38313 3.67135 2.21977 3.66674 3.22314 2.90458 2.81962 2.38323 2.59774 2.53417 2.5377 2.9827 2.25492 2.63827 2.17849 2.39463 2.11083 2.10037 2.99751 2.74712 2.64358 2.03819 2.01942
threshold=0.80467226748466358 1936.0000000000002 1.0000000180025095e-35 106.70516706979716 1846.5000000000002 55.187617783717165 9.8405408509311965 32.057751292829899 1.0000000180025095e-35 1.0000000180025095e-35 1.5000000000000002 39.877151738390872 1741.0000000000002 974.50000000000011 1.0000000180025095e-35 39.877151738390872 34.828079358464599 0.88421228964015974 0.85965504547710581 1791.5000000000002 78.264908328995872 1422.5000000000002 1384.0000000000002 42.18679277863135 28.504126943894985 24.838949403228479 23.288057653076411 0.93381963191493456 43.901065614140514 1.0000000180025095e-35
decision_type=2 2 2 2 2 2 2 2 2 2 2 2 2 2 2 2 2 2 2 2 2 2 2 2 2 2 2 2 2 2
left_child=-1 2 3 4 7 6 -6 8 -2 11 13 -9 21 -11 16 -16 -15 18 -18 -14 -21 22 -12 -17 25 26 27 -10 29 -8
right_child=1 -3 -4 -5 5 -7 28 9 24 10 12 -13 19 14 15 23 17 -19 -20 20 -22 -23 -24 -25 -26 -27 -28 -29 -30 -31
leaf_value=-0.00052075657828244898 0.012545957372814526 0.00052382209337481836 -0.090160110741134725 -0.026626706159231919 0.11735864842140374 0.086284637931929989 0.021299177884630951 -0.010217472099614794 -0.0058384623445883431 0.059147904511519446 -0.033612547593788657 0.026315301006347352 0.1143496501092096 -0.10894483829832276 0.040554121586695142 -0.070920298240655613 -0.051743774770959407 -0.13429683725023872 0.090558650677319941 -0.10076854015015778 0.050386502673408044 -0.070032301043910977 0.033713366949974975 0.0034806271600851171 0.09209132046988798 -0.040258101265331303 0.12217209356927682 0.13262040237635403 -0.11852331514370665 -0.145830519533662
leaf_weight=6128.6200023097153 96.154628827527631 2412.6591785902638 3.6366934998659408 22.478101524866361 2.446083419024947 10.464346648193894 5.9480188317538687 34.778773755097063 6.4567147081252241 9.8454733238322643 27.46344707463868 79.020351610495709 2.3680270295590153 3.6567452698945981 19.260943215806037 4.1373312990181139 2.8793510789982975 1.2798461494967339 3.0155560993589461 1.8049854179844258 3.2051757955923676 12.124137706821783 6.5411806013435116 48.684183691628277 9.5670321062207204 4.1575199430808416 4.3299797456711522 1.7534382250159977 1.8081799247302113 0.82300128508359183
leaf_count=530861 2386 67872 236 2329 8 111 227 1049 166 317 2288 2962 30 156 431 155 104 48 51 67 56 728 123 1915 142 107 50 8 53 26
internal_value=0.000221618 0.00182209 0.00910493 0.00995144 0.0119867 0.0457122 0.00720406 0.0100919 0.0215968 0.00467624 -0.00347287 0.0151503 -0.0243198 0.00855238 0.0025445 0.00911652 -0.0411916 -0.00665989 0.0210514 0.0339372 -0.00406936 -0.0336378 -0.0206616 -0.00234695 0.0547318 0.0333264 0.0577224 0.0237321 -0.024203 0.000984963
internal_weight=8971.37 2842.75 430.089 426.453 403.974 21.4896 11.0253 382.485 122.419 260.066 146.266 113.799 53.507 92.7594 82.914 72.0825 10.8315 7.17475 5.89491 7.37819 5.01016 46.1288 34.0046 52.8215 26.2647 16.6977 12.5401 8.21015 8.5792 6.77102
internal_count=615062 84201 16329 16093 13764 425 314 13339 2859 10480 6469 4011 3292 3177 2860 2501 359 203 155 153 123 3139 2411 2070 473 331 224 174 306 253
is_linear=0
shrinkage=0.1


Tree=252
num_leaves=31
num_cat=0
split_feature=1 1 1 18 20 4 4 20 20 20 5 4 4 4 20 15 5 16 4 20 4 4 20 20 4 4 5 6 5 20
split_gain=1.05982 4.43549 3.22892 3.49834 3.20269 3.01285 3.56459 4.70731 3.69987 3.52616 3.47789 2.86515 2.69878 2.46057 2.37496 4.34598 2.25195 4.2344 2.15356 2.09852 5.62632 3.56986 2.19786 2.09204 4.89419 3.37602 2.33321 2.09189 2.04077 2.13448
threshold=4575.5000000000009 5853.5000000000009 4203.5000000000009 1.0000000180025095e-35 0.92156384690717086 0.10432213930348259 0.13275862068965522 0.85059515696560528 0.91001430758476776 0.940221888383869 1.5000000000000002 0.044776119402985114 0.048507462686567158 0.42518656716417919 0.91565628707710289 1.0000000180025095e-35 1.5000000000000002 1.0000000180025095e-35 0.45653914336364165 0.096322059873980514 0.24605099502487568 0.34309772974209424 0.75325221739436621 0.73949172190507462 0.37334877337450689 0.24056513409961691 1.0000000180025095e-35 1.0000000180025095e-35 1.5000000000000002 0.05951179972591434
decision_type=2 2 2 2 2 2 2 2 2 2 2 2 2 2 2 2 2 2 2 2 2 2 2 2 2 2 2 2 2 2
left_child=2 5 -1 12 11 9 8 19 10 28 -7 -5 27 -14 15 -15 17 -6 -16 21 22 -8 -21 24 25 -13 -25 -4 -2 -30
right_child=1 -3 3 4 16 6 7 -9 -10 -11 -12 23 13 14 18 -17 -18 -19 -20 20 -22 -23 -24 26 -26 -27 -28 -29 29 -31
leaf_value=0.00036739912771152383 -0.07237607680865879 -0.00073105159630240028 0.011260967860351072 -0.04199325627167376 0.0034611088606166028 0.097199793247371866 -0.042112959165831847 0.0034937587478233848 -0.09314173244817886 -0.18908190434957217 -0.023657508293217534 0.010403222583488404 -0.021735887139973525 -0.068659468336133761 0.12678105209203663 0.084562259632171149 0.065466318306241778 -0.14252006464021311 -0.034250235738998262 -0.08776966412010917 -0.091601298358039485 0.052858188546952727 0.014102095848182263 0.024701377625230919 0.11263673955089462 -0.14308515921088258 0.084051571129600114 0.084271098263680719 -0.15597283990581826 0.011724859303751143
leaf_weight=6496.5291157813554 10.098656437825415 2186.7776661090884 12.499859443807511 3.364220288116484 11.406884388998153 7.4506668577087094 13.619909766770435 45.837939978082431 1.8838848914019752 1.7940968852490176 3.4993841543328017 5.2878878413466719 42.066087959101424 4.4251759213511814 3.3796392065705732 3.1825004601851106 3.744246542453765 2.4061299269087604 1.1010634246049447 2.6498267572169452 18.723169801174663 5.5792509140446773 10.548911043850238 9.3643875452689844 3.5110003429581411 1.9657425510231403 22.633309158496559 5.720329704694449 0.84530478552915145 7.4331481773406267
leaf_count=530153 527 73227 326 99 104 180 535 1457 55 57 130 204 2985 434 27 70 49 103 112 304 2156 145 396 150 177 178 268 92 58 239
internal_value=4.35473e-05 -0.00179775 0.000686706 0.015933 0.0330272 -0.019746 -0.0132199 -0.0197753 0.036306 -0.0552681 0.0585766 0.0468627 0.000891569 -0.0103093 0.0294541 -0.0045626 -0.00332166 -0.0219678 0.0872101 -0.0406397 -0.0563525 -0.0145145 -0.00635005 0.0538532 0.0157191 -0.0311923 0.0666823 0.0341829 -0.0422043 -0.00539859
internal_weight=8949.33 2316.74 6632.59 136.058 63.6838 129.964 109.793 96.959 12.8339 20.1712 10.9501 46.1265 72.3747 54.1545 12.0884 7.60768 17.5573 13.813 4.4807 51.1211 31.9219 19.1992 13.1987 42.7623 10.7646 7.25363 31.9977 18.2202 18.3771 8.27845
internal_count=614997 79466 535531 5378 1332 6239 5358 4993 365 881 310 1076 4046 3628 643 504 256 207 139 3536 2856 680 700 977 559 382 418 418 824 297
is_linear=0
shrinkage=0.1


Tree=253
num_leaves=31
num_cat=0
split_feature=1 1 19 4 4 9 20 20 1 10 4 0 4 6 20 4 1 1 9 0 4 0 20 20 0 4 4 4 4 0
split_gain=1.37079 2.29859 3.80053 1.9085 1.72191 2.60573 1.58793 1.64102 1.99581 1.59655 1.57654 1.59104 1.55626 1.45355 1.4041 1.73242 1.31754 3.14136 6.7779 5.0395 4.36778 3.55483 3.41654 4.20527 2.63729 2.45554 3.49849 2.44983 2.56658 3.1125
threshold=42.500000000000007 47.500000000000007 1.0000000180025095e-35 0.31238026819923376 0.14273460284782988 1.0000000180025095e-35 0.010311235075537412 0.1154678898060522 19.500000000000004 1.0000000180025095e-35 0.052238805970149259 7.6246512480542989 0.30438218390804606 1.0000000180025095e-35 0.081131237388976471 0.07885536398467434 10045.000000000002 9696.5000000000018 1.0000000180025095e-35 29.789300053129214 0.43308457711442799 10.441516387208273 0.77692050401218449 0.77219929139569443 139.67331269664609 0.33271144278606973 0.20677860696517419 0.19888059701492544 0.41728855721393049 60.848635024704144
decision_type=2 2 2 2 2 2 2 2 2 2 2 2 2 2 2 2 2 2 2 2 2 2 2 2 2 2 2 2 2 2
left_child=6 2 -2 4 -4 -6 9 10 -9 12 11 -8 -1 -11 15 -12 17 24 19 21 27 -19 23 -23 -3 26 -21 -20 29 -29
right_child=1 16 3 -5 5 -7 7 8 -10 13 14 -13 -14 -15 -16 -17 -18 18 20 25 -22 22 -24 -25 -26 -27 -28 28 -30 -31
leaf_value=0.00052138392528992296 -0.095634088985710006 -0.00054893850129451329 -0.030728552008527615 -0.13806036733925767 0.0028073340421868177 0.14057349073559341 -0.0080519635391125468 0.10287757198110481 -0.073667498722158498 -0.053131484806072528 0.084754901703802898 -0.17756559995693372 -0.038797973591731927 0.042179660867490601 0.079904077528159492 0.018804633721887742 0.0022156404373918004 0.040283361781413445 -0.12566111080880624 -0.010407980693108694 0.058808942557728505 -0.084397943274675771 -0.13010972267774021 0.35104709586026484 -0.024464740053384712 -0.038724326550651444 0.084710378472961451 -0.021511261369828626 -0.20997212948265789 -0.16056909265581931
leaf_weight=86.23982686499221 6.6810174305064729 6922.9923040649555 6.8984404910588619 1.0034735564768205 5.1336974025762174 1.8741180209908632 6.1648704744220586 0.78495214227586885 3.4756585829309188 1.8174844435416133 4.2782034313458999 0.6083326032385229 11.396550688597925 13.37646029505413 4.7251800539670503 57.741617165262141 1692.2488100518858 2.6568930100183952 7.5236153242876815 6.0425038952380481 2.544502943288534 0.60276916390284885 5.1915365248569287 0.35088726226240396 46.418428331715404 3.7830638578161588 10.73916810331866 10.716983704856824 0.98538989346707317 1.8940738351084299
leaf_count=10224 1601 531813 359 81 312 123 591 12 718 107 286 10 1343 273 459 5727 55222 72 386 227 62 101 164 7 3027 146 201 482 36 77
internal_value=-0.000186826 -0.000369865 -0.032958 -0.00487304 0.00473774 0.0396505 0.0082025 0.0191957 -0.0411418 0.000624388 0.0226925 -0.0232768 -0.00406815 0.0307786 0.0273574 0.023354 -0.000289127 -0.00089272 -0.0251391 0.00695332 -0.0649645 -0.0563657 -0.0981522 0.0758192 -0.000708225 0.034055 0.0504615 -0.0798765 -0.0545415 -0.0423966
internal_weight=8926.89 8736.28 21.5907 14.9097 13.9063 7.00782 190.609 77.7788 4.26061 112.83 73.5182 6.7732 97.6364 15.1939 66.745 62.0198 8714.69 7022.44 53.0314 29.3668 23.6646 8.80209 6.14519 0.953656 6969.41 20.5647 16.7817 21.1201 13.5964 12.6111
internal_count=614249 594499 2476 875 794 435 19750 7803 730 11947 7073 601 11567 380 6472 6013 592023 536801 1961 918 1043 344 272 108 534840 574 428 981 595 559
is_linear=0
shrinkage=0.1


Tree=254
num_leaves=31
num_cat=0
split_feature=1 1 0 17 0 0 4 7 7 4 7 16 1 4 0 4 1 0 13 0 4 4 4 1 4 0 1 4 4 1
split_gain=1.81864 3.16639 2.4434 3.27968 3.1274 2.69359 2.23159 4.14883 4.10554 4.92536 2.68903 6.41091 5.03314 9.98304 4.40979 4.25077 3.00294 5.02335 2.84653 2.64516 2.40039 2.47578 2.34197 2.33102 2.76722 2.40298 2.71693 3.85102 2.73724 2.16466
threshold=25377.000000000004 20959.500000000004 12.523537888553525 1.0000000180025095e-35 9.6943707462818267 13.595428464155423 0.29015840338537208 8.5000000000000018 8.5000000000000018 0.20457375478927206 3.5000000000000004 1.0000000180025095e-35 32675.000000000004 0.17123756218905478 36.584111632772526 0.24253731343283591 53973.000000000007 16.733957169254566 1.0000000180025095e-35 62.368971137533727 0.1751865671641791 0.14925373134328368 0.033582089552238813 53973.000000000007 0.19284825870646763 78.264908328995872 62575.000000000007 0.13383084577114429 0.13777985074626864 28587.500000000004
decision_type=2 2 2 2 2 2 2 2 2 2 2 2 2 2 2 2 2 2 2 2 2 2 2 2 2 2 2 2 2 2
left_child=1 -1 3 4 -3 -4 8 -8 10 22 11 12 13 18 -15 -16 17 -14 -2 29 21 -18 -10 24 -21 -25 27 -27 -28 -12
right_child=6 2 5 -5 -6 -7 7 -9 9 -11 19 -13 16 14 15 -17 20 -19 -20 23 -22 -23 -24 25 -26 26 28 -29 -30 -31
leaf_value=0.000146721343021602 -0.14583590880609282 -0.0041506090972638909 -0.1501257800568985 -0.13512197639303011 0.083742221510752696 -0.01825330181406155 0.010748132616037563 -0.11348312550742368 -0.010027071490695552 -0.13353891665605691 -0.033223007951537896 -0.15216251596955821 -0.16528812507732826 0.036989997373176424 -0.0080250533650670242 -0.19578224659152579 -0.017923664659337188 0.023708410102552403 -0.010642947738538779 0.011038064251561584 0.0061789081212008726 -0.079394625726704443 0.072758700828103179 0.0054255041767013222 -0.030979901205654876 -0.16778370948310362 0.010447008863954563 -0.015200805607132956 -0.091666692659324117 0.019845475971543132
leaf_weight=7988.7486300004211 9.0913170066778548 10.098083869292173 1.5687400972528838 1.2771721640601743 6.7573957479908122 122.47556333741522 415.31431385303586 2.7057273060418074 4.3587924009189072 1.4898745955506445 8.3415718897304014 3.2349746003746978 1.449811222613788 10.955730455927553 3.4184999730787231 1.8628866565413771 36.882117836648831 46.886758618173189 1.879381641745568 72.953016901039518 34.718893334272252 7.9673515642643897 15.818821014981948 11.795644324214665 19.962737077381462 3.8852317752316621 7.9212771067395789 2.8804359138011932 3.9262453927658498 97.845970686568762
leaf_count=585226 343 535 89 84 198 4071 12608 257 59 208 916 123 90 129 62 60 1235 935 26 1627 1048 265 337 209 667 60 112 59 122 3118
internal_value=0.000338011 -0.00011654 -0.0149089 0.019379 0.0310858 -0.019921 0.00480413 0.00994402 -0.00044235 0.0419197 -0.00280887 -0.0128332 -0.00992744 -0.0489839 0.000806711 -0.074252 -0.0016194 0.0180396 -0.122676 0.00410726 -0.013562 -0.0288438 0.0548752 -0.00585449 0.0020106 -0.0298867 -0.0522649 -0.102823 -0.0233933 0.0156767
internal_weight=8958.47 8130.93 142.177 18.1327 16.8555 124.044 827.547 418.02 409.527 21.6675 387.86 158.348 155.113 27.2078 16.2371 5.28139 127.905 48.3366 10.9707 229.512 79.5684 44.8495 20.1776 123.325 92.9158 30.4088 18.6132 6.76567 11.8475 106.188
internal_count=614878 590203 4977 817 733 4160 24675 12865 11810 604 11206 4316 4193 620 251 122 3573 1025 369 6890 2548 1500 396 2856 2294 562 353 119 234 4034
is_linear=0
shrinkage=0.1


Tree=255
num_leaves=31
num_cat=0
split_feature=15 20 4 4 20 4 4 0 1 10 6 7 0 4 20 0 1 1 1 4 0 4 4 20 20 20 4 4 20 20
split_gain=1.33277 2.52869 1.86819 2.04508 1.754 2.20994 1.4689 1.17742 1.63371 1.01876 5.41363 4.96829 2.95508 3.58475 2.5708 2.12328 5.49235 5.65825 6.87947 4.6435 4.24408 3.84189 3.42176 3.41954 3.97945 2.90042 5.72401 3.47865 3.01859 2.93519
threshold=1.0000000180025095e-35 0.6458013785127773 0.033582089552238813 0.48400383141762454 0.67673906224717384 0.43010057471264374 0.016666666666666677 2.1776369112410761 940.50000000000011 1.0000000180025095e-35 1.0000000180025095e-35 2.5000000000000004 40.639317029662735 0.32481343283582104 0.91001430758476776 19.210715033053194 586.50000000000011 826.50000000000011 1723.5000000000002 0.38227969348659008 12.018316546824574 0.42913557213930359 0.42815377137302008 0.93381963191493456 0.68664547289247635 0.86888973156516258 0.16147388059701498 0.20457375478927206 0.79556783744981563 0.70614097360683437
decision_type=2 2 2 2 2 2 2 2 2 2 2 2 2 2 2 2 2 2 2 2 2 2 2 2 2 2 2 2 2 2
left_child=9 2 6 7 -3 -6 -2 -4 -9 -1 11 -11 15 -14 -15 20 -17 -18 19 -19 -12 22 25 24 -22 27 -27 -20 29 -29
right_child=1 4 3 -5 5 -7 -8 8 -10 10 12 -13 13 14 -16 16 17 18 21 -21 23 -23 -24 -25 -26 26 -28 28 -30 -31
leaf_value=0.00037368132061138277 -0.02570622328619614 -0.1206269501834093 -0.090071757220636095 0.11114012621499797 -0.054930829678737629 0.053483564450497678 0.15729015231928495 0.025091101609200944 -0.025250874881869063 -0.014008182343018292 0.021576734978234081 0.029216804391263188 -0.03581509571976077 0.10001724512009687 -0.036967435974035477 -0.10630580771902308 0.075751482223928149 -0.07751329309515613 0.05097767582362709 0.1432866207967545 -0.011140918541050879 -0.1386801187427594 0.18237154690042728 0.041251575087638326 -0.085939840934518799 -0.057795579184944094 0.027319151757426677 0.010921316382522453 0.038971511909238483 -0.10326822194036088
leaf_weight=8364.5880827974288 0.66858661838341404 2.8737431883346281 1.8247492325899717 1.406805439852177 9.5408697662642208 2.3416795772500327 1.2753799359779803 10.059630819829183 17.947145339625422 176.16058467790572 75.123534812541038 31.318627119122539 22.256541675014891 3.8583704591728738 2.1242927899584174 3.146155798516701 20.694964346243069 9.9192646591691283 55.434388308320194 1.0536345338914532 29.563444845334743 1.3923995215445746 1.4259965564124275 8.3891948028467578 9.3660453718039189 10.684857057407497 30.327515715267509 5.0315026210155356 10.241460492601616 4.0734786479733884
leaf_count=587491 81 292 408 16 901 48 92 192 2002 10064 4259 745 635 43 42 399 345 717 965 25 1917 71 10 124 657 367 535 155 306 229
internal_value=0.00054882 -0.0160801 -0.000764319 -0.00668345 -0.0505206 -0.0335657 0.0943524 -0.0122398 -0.00716876 0.00063863 0.00497061 -0.00748345 0.0134675 -0.0173428 0.0513774 0.0166214 0.0244587 0.0271963 0.019442 -0.0563117 0.00680082 0.02645 0.0284115 -0.0166575 -0.0291368 0.0265155 0.00514441 0.0382362 0.00172719 -0.040166
internal_weight=8924.11 47.9386 33.1823 31.2383 14.7563 11.8825 1.94397 29.8315 28.0068 8876.17 511.586 207.479 304.107 28.2392 5.98266 275.868 153.426 150.279 129.584 10.9729 122.442 118.612 117.219 47.3187 38.9295 115.793 41.0124 74.7808 19.3464 9.10498
internal_count=614133 4032 2791 2618 1241 949 173 2602 2194 610101 22610 10809 11801 720 85 11081 4124 3725 3380 742 6957 2638 2567 2698 2574 2557 902 1655 690 384
is_linear=0
shrinkage=0.1


Tree=256
num_leaves=31
num_cat=0
split_feature=4 4 0 1 4 1 1 11 1 4 4 4 19 1 4 20 7 9 20 0 0 1 4 4 19 0 1 1 1 1
split_gain=1.63355 2.23949 1.52439 1.35922 2.36797 2.76052 6.03315 5.88363 15.3175 10.4192 10.2408 8.97858 6.73542 4.41064 5.44875 4.56525 3.63332 4.50796 5.87778 3.63171 3.58954 3.52144 3.41333 3.60677 3.3389 3.25989 3.18763 5.04302 5.23273 3.04078
threshold=0.66147388059701506 0.60827114427860707 119.80018395417834 139.50000000000003 0.14172885572139313 25377.000000000004 20091.500000000004 1.0000000180025095e-35 23098.500000000004 0.39962686567164191 0.25394900497512446 0.42518656716417919 1.0000000180025095e-35 23098.500000000004 0.34628831417624528 0.88421228964015974 3.5000000000000004 1.0000000180025095e-35 0.99999855885341915 33.69417009994774 26.571394952235355 24327.500000000004 0.30838122605363993 0.31296641791044782 1.0000000180025095e-35 67.68659019904031 20959.500000000004 24327.500000000004 23098.500000000004 27142.500000000004
decision_type=2 2 2 2 2 2 2 2 2 2 2 2 2 2 2 2 2 2 2 2 2 2 2 2 2 2 2 2 2 2
left_child=1 3 -2 -1 -5 6 -6 10 19 -10 12 13 26 15 16 -12 17 18 -15 20 22 -19 -9 -24 -16 -17 -8 28 -28 -7
right_child=2 -3 -4 4 5 29 7 8 9 -11 11 -13 -14 14 24 25 -18 21 -20 -21 -22 -23 23 -25 -26 -27 27 -29 -30 -31
leaf_value=0.0035863078174268545 -0.034199388198391009 0.028872314381417043 0.034926456306184593 0.0016102495999749319 -0.0022018898613391856 0.026243193920452518 0.092135678728717266 -0.20522839528716952 0.050611114445232475 -0.2832117525535876 -0.018701050864547788 0.017251164573841172 -0.041201939476504024 0.044671464846457586 -0.13430370562862842 -0.14389235715576143 0.041527102533481755 -0.17229308182638631 -0.16530092063409219 -0.25651770337241026 -0.031045192788491202 -0.039340632929160499 0.10562529540780663 -0.17211735855380933 -0.036620098082661791 -0.026207904098377199 0.030019354749254143 0.081820217916121041 -0.14460999093011359 0.0020566397083588411
leaf_weight=747.48795622243506 23.668903878700807 26.044514798562886 3.6871605569031081 2611.6759684141834 4770.3290770344174 57.60463813401293 12.652169872308152 4.7968472006032261 9.6420256459387002 1.035376084037124 6.2655042638070908 25.665526516560931 9.8240421404043428 8.3876819005236047 6.9569767410866898 11.862062736647202 9.4954731095640437 3.1204518582671881 1.5851274351589388 2.3811854850500813 3.1588288731873035 5.5097028526943177 0.85375022515654553 1.0336149386130271 7.0400286614894867 2.9364453100133678 4.6053774973843229 7.4301628991961479 2.7348926494596526 532.35337100100423
leaf_count=77510 9240 6282 254 143153 354673 973 113 67 284 46 527 1014 761 174 261 344 209 115 27 27 40 94 6 114 341 129 54 57 100 17394
internal_value=-0.000483324 -0.000408282 -0.0248823 -0.000494272 -0.000869867 -0.00204557 -0.00282076 -0.0226379 -0.0692656 0.0182407 -0.0141677 -0.0326235 0.0298454 -0.0528907 -0.0341974 -0.0902482 -0.00880479 -0.0344956 0.0112974 -0.145699 -0.11889 -0.087413 -0.160404 -0.0464804 -0.0851721 -0.12054 0.0552979 0.0237431 -0.0350454 0.00441826
internal_weight=8921.82 8894.47 27.3561 8868.42 8120.94 5509.26 4919.3 148.973 22.9016 10.6774 126.072 88.825 37.2466 63.1595 42.0954 21.064 28.0984 18.603 9.97281 12.2242 9.84304 8.63015 6.68421 1.88737 13.997 14.7985 27.4226 14.7704 7.34027 589.958
internal_count=614383 604889 9494 598607 521097 377944 359577 4904 584 330 4320 3235 1085 2221 1221 1000 619 410 201 254 227 209 187 120 602 473 324 211 154 18367
is_linear=0
shrinkage=0.1


Tree=257
num_leaves=31
num_cat=0
split_feature=20 0 20 1 5 8 7 3 1 1 1 1 1 1 8 5 0 16 1 0 13 18 18 1 1 1 20 1 17 1
split_gain=1.14833 2.44673 3.18355 2.8416 2.828 2.75843 2.22816 2.18961 1.94906 4.82682 2.56243 2.41465 5.33152 2.17203 2.13572 2.1287 2.18688 2.02304 3.12848 2.70047 2.25711 3.98633 3.68469 4.34765 3.4179 2.28709 2.23918 2.12596 2.06817 2.06811
threshold=0.0087427913135088957 2.3601013847401293 0.00032557105109019168 313.50000000000006 1.0000000180025095e-35 1.0000000180025095e-35 1.7500000000000002 0.040702736318407963 521.00000000000011 429.50000000000006 388.50000000000006 456.50000000000006 498.50000000000006 949.50000000000011 1.0000000180025095e-35 1.5000000000000002 1.0715048711424948 1.0000000180025095e-35 10.500000000000002 1.1849232864319958 1.0000000180025095e-35 1.0000000180025095e-35 1.0000000180025095e-35 116.50000000000001 59.500000000000007 10.500000000000002 0.002630551044890734 345.00000000000006 1.0000000180025095e-35 26.500000000000004
decision_type=2 2 2 2 2 2 2 2 2 2 2 2 2 2 2 2 2 2 2 2 2 2 2 2 2 2 2 2 2 2
left_child=1 7 5 6 -5 -3 -4 -1 9 10 17 -11 -13 -10 -14 16 -15 20 -19 28 21 25 24 -24 29 -9 -21 -27 -20 -22
right_child=-2 2 3 4 -6 -7 -8 8 13 11 -12 12 14 15 -16 -17 -18 18 19 26 22 -23 23 -25 -26 27 -28 -29 -30 -31
leaf_value=0.077640091275528608 4.6011963804022266e-05 -0.014224700575823519 -0.031283402132412499 -0.13590838961486781 -0.0017072987220945514 0.085265711572848291 -0.11612345637621109 0.010309035890119958 -0.031434580050419082 0.060023269880891565 -0.052073822358993938 -0.066947503728662358 0.02504209998258965 -0.16779355746517366 0.13517559443683477 0.0040303211996392529 -0.026285147025602543 -0.038884899134158692 0.045385469521699674 -0.047827983629839296 0.0086353133511921296 0.0080598650115792318 0.031605067002506822 -0.057301134757034466 0.039762514495486838 -0.033250920136324379 0.015670752173761075 0.011124606801275284 -0.090367369141307802 -0.11873805186456643
leaf_weight=3.5061539291486943 8315.0572326115362 5.6483973722024512 60.557300505555759 1.6136054387316097 58.432300319253045 5.5005818745776196 3.2623608119320116 18.894278760737961 41.665293730029589 19.898166231869254 9.8823774350330478 5.892053673585905 6.1830772908870113 1.3820682790683338 2.4618482437799685 57.673654552385415 5.205131333306781 9.68697657343 33.825304441386834 7.3889631354832117 2.9198504106607279 74.233851221739314 9.3142129819025303 13.432996367395388 36.84779880525457 85.977848377011469 22.354893881012686 12.346449394306545 1.1607606793040748 2.2624391600256786
leaf_count=1076 539529 694 5760 314 5042 422 121 1546 7058 792 1684 1705 400 419 164 3749 815 417 1274 367 118 7601 1043 2237 2145 25652 751 1000 506 639
internal_value=-0.000263413 -0.00441718 -0.0163218 -0.0209286 -0.00531367 0.034861 -0.0356203 -0.00109904 -0.00167313 0.00171061 -0.00189734 0.0373895 0.00640854 -0.0136511 0.0564052 -0.00212068 -0.0559752 -0.000397659 0.0141167 0.0220486 -0.00461308 -0.0100725 0.0115224 -0.0208971 0.0290682 -0.0215556 -0.000103591 -0.0276787 0.0408815 -0.0469722
internal_weight=8934.47 619.411 135.015 123.866 60.0459 11.149 63.8197 484.396 480.89 374.964 340.529 34.4351 14.537 105.926 8.64493 64.2609 6.5872 330.647 74.4169 64.7299 256.23 191.452 64.7773 22.7472 42.0301 117.219 29.7439 98.3243 34.9861 5.18229
internal_count=615040 75511 12353 11237 5356 1116 5881 63158 62082 50041 46980 3061 2269 12041 564 4983 1234 45296 3315 2898 41981 35799 6182 3280 2902 28198 1118 26652 1780 757
is_linear=0
shrinkage=0.1


Tree=258
num_leaves=31
num_cat=0
split_feature=0 3 3 4 7 1 1 4 1 4 18 20 1 7 20 1 4 1 8 18 20 1 1 4 4 4 4 12 6 1
split_gain=0.96254 3.02893 2.35635 2.54069 1.82973 6.31178 1.86131 2.02053 1.85046 4.7729 3.62239 2.16349 3.50145 3.10661 4.84112 2.71154 2.32141 2.10756 1.99351 2.87431 2.17889 1.99568 1.96722 1.84668 1.6624 1.6256 3.29854 2.37287 2.15046 1.59467
threshold=97.128639846686283 0.51119402985074636 0.48320895522388069 0.074999999999999997 6.5000000000000009 75903.000000000015 27142.500000000004 0.22856800766283528 1642.5000000000002 0.16728855721393032 1.0000000180025095e-35 0.92156384690717086 2664.0000000000005 1.7500000000000002 0.73474227287083338 10610.000000000002 0.20057471264367818 3067.5000000000005 1.0000000180025095e-35 1.0000000180025095e-35 0.79556783744981563 2423.5000000000005 1723.5000000000002 0.048507462686567158 0.067164179104477681 0.19888059701492544 0.19098258706467666 1.0000000180025095e-35 1.0000000180025095e-35 1399.5000000000002
decision_type=2 2 2 2 2 2 2 2 2 2 2 2 2 2 2 2 2 2 2 2 2 2 2 2 2 2 2 2 2 2
left_child=-1 2 3 -2 8 6 7 -6 9 10 29 12 18 14 15 17 -15 -14 19 21 -20 -10 -22 -16 -25 26 -13 28 -27 -4
right_child=1 -3 4 -5 5 -7 -8 -9 11 -11 -12 25 13 16 23 -17 -18 -19 20 -21 22 -23 -24 24 -26 27 -28 -29 -30 -31
leaf_value=0.00029937264105732745 0.049054366104981345 0.035187684895926316 0.032568322485709095 0.0010266791431964883 -0.13230954694340727 -0.18480928223097182 0.046712324336179174 0.02125771695211448 -0.073922721165642177 -0.030533671367410843 -0.038800144832090433 -0.0148134674973827 0.038177339482463074 -0.058271760787410615 0.06083462451201687 0.099381103402533602 -0.014132747523649101 -0.079799045510522387 -0.16191911341276058 -0.021129894370074065 -0.09037317632220164 -0.16402501192344862 0.059373230284734214 -0.18867149962137669 -0.025434798039840147 0.015087432570887988 -0.14061741407424747 -0.13347633991317373 -0.024021796831671317 0.093877970469559036
leaf_weight=8501.1155528016134 12.729303701315073 18.343276656232774 9.3999184526037478 81.768545012619143 1.2960536489263241 1.4383809873834241 16.337530157528818 2.5278537147678435 5.6443676572525892 18.11880106976605 4.7078584930277421 62.273019955959171 6.9559046328067762 23.239239266724326 2.4825228885747519 6.0262197095435104 24.453115791722666 1.9355724086053667 0.79830447724088927 5.1366450195200732 1.2150675570592282 4.3548080576583743 3.1557616177015007 0.63832428678870456 27.568291192641482 54.457192034053151 2.1563421174651003 1.2588307741098095 18.952805178007111 7.7321299884933969
leaf_count=595914 249 503 507 6069 73 30 290 96 649 2040 394 1606 180 957 66 294 968 106 72 189 65 201 89 25 1084 1452 88 62 489 222
internal_value=6.66413e-05 -0.00456568 -0.00634964 0.00749623 -0.0105131 0.0175739 0.0320126 -0.0307915 -0.012586 0.00741058 0.0388898 -0.015748 -0.0259865 -0.0177964 0.000863671 0.047594 -0.0356405 0.0124952 -0.0636191 -0.0819302 -0.0100022 -0.113164 0.0177445 -0.0218515 -0.0291289 -0.00738603 -0.0190239 0.00265592 0.00499031 0.0602389
internal_weight=8928.22 427.102 408.759 94.4978 314.261 21.5998 20.1614 3.82391 292.661 39.9587 21.8399 252.702 113.604 93.2992 45.6068 14.9177 47.6924 8.89148 20.305 15.1358 5.16913 9.99918 4.37083 30.6891 28.2066 139.098 64.4294 74.6688 73.41 17.132
internal_count=615029 19115 18612 6318 12294 489 459 169 11805 3163 1123 8642 4945 3680 1755 580 1925 286 1265 1039 226 850 154 1175 1109 3697 1694 2003 1941 729
is_linear=0
shrinkage=0.1


Tree=259
num_leaves=31
num_cat=0
split_feature=3 0 4 6 4 0 4 4 7 4 0 0 1 1 1 1 12 19 1 1 1 1 8 19 8 1 1 9 4 1
split_gain=1.40375 1.54856 1.84396 1.46864 1.4087 1.64954 1.63032 1.25589 1.45421 1.05026 1.2391 1.02208 2.33313 4.22948 2.10028 9.78099 6.54257 6.45619 5.73852 8.35545 6.52488 8.49258 11.1416 7.77816 6.41749 24.5647 22.3573 6.22154 5.77565 5.46058
threshold=0.74440298507462699 75.888150891181155 0.070857279693486611 1.0000000180025095e-35 0.43703358208955234 1.6375168272200065 0.44493159203980109 0.059701492537313453 1.7500000000000002 0.055762852404643411 128.52565582794094 7.8815565222890962 137.50000000000003 149.50000000000003 521.00000000000011 474.50000000000006 1.0000000180025095e-35 1.0000000180025095e-35 534.50000000000011 586.50000000000011 643.50000000000011 701.00000000000011 1.0000000180025095e-35 1.0000000180025095e-35 1.0000000180025095e-35 636.50000000000011 636.50000000000011 1.0000000180025095e-35 0.38777985074626875 706.50000000000011
decision_type=2 2 2 2 2 2 2 2 2 2 2 2 2 2 2 2 2 2 2 2 2 2 2 2 2 2 2 2 2 2
left_child=11 2 7 -3 5 -4 -6 8 -2 -5 -11 -1 -13 -14 15 -15 17 -17 -16 28 23 22 -22 24 26 -26 27 -21 -20 -23
right_child=1 3 4 9 6 -7 -8 -9 -10 10 -12 12 13 14 18 16 -18 -19 19 20 21 29 -24 -25 25 -27 -28 -29 -30 -31
leaf_value=-0.0020566124023873801 -0.11470554758670076 0.048973875524358466 -0.03215092501534423 -0.11690277029983071 0.21710714109229229 -0.1817914796905368 -0.063869612089332548 0.064859655914412867 0.050248696801445218 -0.056916672249788164 0.063447743954367489 0.011393873693490729 -0.062703747575901775 -0.0013873905843750905 0.029930082696758814 -0.07426647567987113 0.012391472764074894 0.04499032505365648 -0.056239639258512608 0.041810330830150171 -0.0034579036665098404 0.041494740635821759 -0.08438167238407468 -0.055058436581218055 -0.073311978384509272 0.097413222169658614 -0.10562887851152841 -0.11632371669983509 0.077102843971006738 0.0006504414241306956
leaf_weight=2060.6626006312254 1.4208168187178691 3.7066264755558205 1.0783498800592499 1.1784786740317938 0.24545887112617482 2.3248106952523813 1.3012696397490797 1.5138454604893925 0.85668211523443449 2.1013762743677948 1.4423333387821911 190.53942428936716 10.681544299155574 919.21668440510439 67.79563137655532 41.502146986800653 16.295522307453211 5.0970385133114169 37.032551224852796 64.70932099557831 45.900461265873673 32.934694177354686 27.034228207474371 11.905333021695695 10.920143114955861 36.927190783433616 13.419536206871269 2.5874659616829367 3.5606890867020402 5324.7577764507396
leaf_count=234177 55 73 62 31 1 110 205 28 34 71 31 6319 2278 66778 3377 5735 1040 715 10106 2125 6588 1692 3776 2855 1350 464 709 1363 1788 261054
internal_value=-0.000158486 -0.028724 -0.058214 0.00185909 -0.0984106 -0.134375 -0.0192799 -0.00573436 -0.0526579 -0.0351231 -0.00792688 -0.000103521 0.000482923 0.00017134 0.000272158 -0.0039978 -0.0421494 -0.0612221 0.00101053 0.000661149 0.000990527 0.000440124 -0.0334534 0.0222695 0.0294303 0.0584488 0.0122286 0.0357303 -0.0445433 0.000901519
internal_weight=8940.65 17.17 8.74123 8.42881 4.94989 3.40316 1.54673 3.79134 2.2775 4.72219 3.54371 8923.48 6862.82 6672.28 6661.6 982.111 62.8947 46.5992 5679.49 5611.69 5571.1 5430.63 72.9347 140.469 128.564 47.8473 80.7163 67.2968 40.5932 5357.69
internal_count=614990 701 495 206 378 172 206 117 89 133 102 614289 380112 373793 371515 74268 7490 6450 297247 293870 281976 273110 10364 8866 6011 1814 4197 3488 11894 262746
is_linear=0
shrinkage=0.1


Tree=260
num_leaves=31
num_cat=0
split_feature=1 20 1 3 18 13 3 1 3 0 1 8 13 0 9 8 0 1 1 20 20 0 0 3 1 1 1 1 1 1
split_gain=1.0486 2.66826 2.01433 2.697 1.55102 2.82896 3.8289 3.07865 3.89564 2.72719 2.52136 3.89572 2.42568 2.20879 3.73966 2.18878 2.01447 1.89247 4.34563 4.57593 2.15442 1.78522 1.78244 1.66969 1.58932 3.34108 1.55321 3.4391 1.91727 3.13857
threshold=111.50000000000001 0.4607205690159672 122.50000000000001 0.49813432835820898 1.0000000180025095e-35 1.0000000180025095e-35 0.69216417910447781 51.500000000000007 0.56156716417910457 4.5500001807651058 47.500000000000007 1.0000000180025095e-35 1.0000000180025095e-35 4.1006673472185859 1.0000000180025095e-35 1.0000000180025095e-35 3.4571345646921503 59.500000000000007 36.500000000000007 0.010311235075537412 0.073294228665561026 1.4071646653051333 1.9899391896937053 0.69216417910447781 36.500000000000007 42.500000000000007 54.500000000000007 59.500000000000007 100.50000000000001 66.500000000000014
decision_type=2 2 2 2 2 2 2 2 2 2 2 2 2 2 2 2 2 2 2 2 2 2 2 2 2 2 2 2 2 2
left_child=1 4 3 -2 5 7 9 13 22 17 11 -6 26 15 -15 -1 24 18 19 -7 -19 -14 -9 -10 -13 -26 -12 -28 29 -29
right_child=2 -3 -4 -5 10 6 -8 8 23 -11 12 16 21 14 -16 -17 -18 20 -20 -21 -22 -23 -24 -25 25 -27 27 28 -30 -31
leaf_value=0.0060114407091289256 0.14768898190826896 -0.20232349729059088 0.00030635844556808857 -0.029689780618694064 0.02985427197544166 -0.030222434765199958 -0.016943316894792664 -0.05674704219982462 0.058781454132769077 0.1024584476950321 0.051138857757478423 -0.062295712520200233 0.057899558217157282 0.028111201327290631 -0.079627815626087686 -0.022663104366214427 -0.12210653603385163 0.0468164039292773 -0.11791547751753187 0.19370431169767585 -0.1280534719845263 -0.036175525494608805 -0.020136397125850164 0.00050018157824354814 0.059899653296155569 -0.11241843810892911 -0.15073510062933726 0.02589129726943698 0.045338099379273238 -0.036272223593944317
leaf_weight=94.509241097734957 0.88143289741128583 0.61942300468217482 8423.9673793499078 31.167724892260594 11.927163282758556 2.6510000194539343 16.770901156356558 18.981401987368372 6.3159334736556074 5.983295777172315 21.233750139246695 6.5184411240043101 2.4859095079591489 53.082711889350321 3.4298694422468534 37.058070282512745 2.8703130586072811 23.760151248578044 2.6494626848943881 1.3916198500373864 0.7260589222132684 10.69788577390136 44.417398749577842 22.171341809502337 3.937016824260354 1.5754454770940354 1.1569035805296142 32.825197348138317 24.789520941092633 10.792279508983482
leaf_count=10180 201 33 551980 5517 1062 215 665 12542 420 192 370 856 280 2693 122 9182 168 1455 749 122 46 1363 9983 1320 259 225 75 518 978 1526
internal_value=0.000465483 0.0050871 0.00021116 -0.0248114 0.00536356 0.00174754 0.0227192 -0.00229243 -0.0172953 0.0406188 0.0145936 -0.0127388 0.0216457 0.00503718 0.0215723 -0.00206521 -0.0468309 0.0287514 -0.0183754 0.0468615 0.0416312 -0.0184369 -0.0310975 0.0134218 -0.0288718 0.0106517 0.0274657 0.0202397 0.0231312 0.0105102
internal_weight=8921.34 465.328 8456.02 32.0492 464.708 333.898 53.9325 279.966 91.8861 37.1616 130.81 26.8284 103.981 188.08 56.5126 131.567 14.9012 31.1783 6.69208 4.04262 24.4862 13.1838 63.3988 28.4873 12.0309 5.51246 90.7977 69.5639 68.407 43.6175
internal_count=615297 57599 557698 5718 57566 49886 3444 46442 24265 2779 7680 2570 5110 22177 2815 19362 1508 2587 1086 337 1501 1643 22525 1740 1340 484 3467 3097 3022 2044
is_linear=0
shrinkage=0.1


Tree=261
num_leaves=31
num_cat=0
split_feature=1 1 20 20 4 20 1 0 5 20 0 4 1 1 13 17 17 20 4 20 13 4 1 0 0 20 5 0 1 0
split_gain=1.24704 2.83365 2.83 2.52884 4.11975 3.08428 2.86579 2.70723 2.50299 4.43633 2.58142 2.80549 2.40976 5.67434 4.80559 4.20088 3.2088 2.25068 1.88405 1.8337 3.01131 2.31191 2.07508 1.96742 1.82239 1.94357 3.077 2.03268 2.00616 1.81395
threshold=143.50000000000003 149.50000000000003 0.51605052850477839 0.25113437415743511 0.24626865671641801 0.20646690046996591 122.50000000000001 9.1113486011167151 1.5000000000000002 0.32154975984495543 19.458346668455334 0.28740671641791055 137.50000000000003 132.50000000000003 1.0000000180025095e-35 1.0000000180025095e-35 1.0000000180025095e-35 0.31535310990944715 0.27847222222222229 0.055520433039996923 1.0000000180025095e-35 0.074999999999999997 26.500000000000004 4.2726958094591696 5.4678891022253095 0.066167545970289857 2.5000000000000004 4.5500001807651058 69.500000000000014 11.377212369845063
decision_type=2 2 2 2 2 2 2 2 2 2 2 2 2 2 2 2 2 2 2 2 2 2 2 2 2 2 2 2 2 2
left_child=2 -2 3 5 29 12 -6 17 -9 10 11 18 13 19 16 -15 -14 -8 -10 -1 22 -22 -21 -24 25 -23 27 28 -27 -5
right_child=1 -3 -4 4 6 -7 7 8 9 -11 -12 -13 14 15 -16 -17 -18 -19 -20 20 21 24 23 -25 -26 26 -28 -29 -30 -31
leaf_value=-0.0004488708732622992 -0.047014959705985439 -0.00010625626118081026 -0.15895473458910347 0.029280572488692619 -0.082262968958963512 -0.051302059489900256 -0.092471150688465648 0.070485388234449872 -0.13245805123048079 0.04598288005932144 0.10862729735825752 -0.2278009527524989 0.042515771570917099 -0.10859259111467845 -0.13057854827666873 0.053711807903550485 -0.061901059358997368 0.036215513216009 0.045711869719001118 0.078161863783555066 -0.025575375016476283 0.092269930068964112 -0.030943752044029119 0.011323606564363424 0.11579489505386405 0.099917258571092044 -0.18723098032824123 0.092661784506554157 -0.1172958324227885 -0.0042463632035552425
leaf_weight=458.84400998788715 12.89811247770376 8141.6610706861065 1.0632954520988267 20.677497410251817 1.9348671744810406 10.901664929175238 2.6029156270669764 25.746758902809233 1.1326999191369429 18.824018290091772 0.69896454509580497 1.1779279597831189 34.958897326298029 7.7161124418198579 1.8672028228174884 2.0101395470956049 3.2136187055602923 2.8440963677567197 1.2467926328536121 3.7233052415540433 3.1513097890128874 4.2643055734806676 14.457818972033236 46.212674537651765 5.2856660773977628 0.6387721084174699 0.74333763553295273 2.4726264758501202 1.2717232031282035 73.49904678704479
leaf_count=57109 3535 530082 37 1287 300 1825 362 526 48 304 18 132 1495 697 166 779 2130 68 17 105 144 125 5057 5103 200 21 46 72 136 1676
internal_value=0.000179136 -0.000180452 0.00407233 0.00430281 0.0159017 0.001404 0.0373257 0.041589 0.0490486 0.0251354 -0.0670636 -0.101583 0.0023765 0.000654607 0.0260632 -0.0750489 0.0337253 -0.0252788 -0.0391016 0.00201546 0.0157679 0.0521391 0.0056983 0.00125127 0.0688259 0.0423891 0.000897047 0.0328019 -0.0446709 0.00311484
internal_weight=8907.74 8154.56 753.182 752.119 150.386 601.733 56.209 54.2742 48.8272 23.0804 4.25639 3.55742 590.832 550.792 40.0397 9.72625 38.1725 5.44701 2.37949 541.066 82.2215 17.8277 64.3938 60.6705 14.6764 9.39076 5.12646 4.38312 1.9105 94.1765
internal_count=613602 533617 79985 79948 4738 75210 1775 1475 1045 519 215 197 73385 69594 3791 1476 3625 430 65 68118 11009 744 10265 10160 600 400 275 229 157 2963
is_linear=0
shrinkage=0.1


Tree=262
num_leaves=31
num_cat=0
split_feature=1 1 20 13 1 1 18 1 18 1 18 1 4 20 13 1 0 4 4 20 1 4 13 4 1 20 1 17 20 1
split_gain=1.24121 6.89473 19.8316 10.923 20.7028 19.6388 8.28657 11.5469 6.46633 6.38714 7.66503 6.15912 22.404 9.8736 4.60701 5.28143 5.84793 4.42513 4.15393 3.98097 3.72657 7.1959 8.35805 6.17844 3.67167 5.50041 5.34743 4.86607 9.13358 5.25867
threshold=456.50000000000006 429.50000000000006 0.078505117024280577 1.0000000180025095e-35 436.50000000000006 436.50000000000006 1.0000000180025095e-35 448.50000000000006 1.0000000180025095e-35 407.50000000000006 1.0000000180025095e-35 399.00000000000006 0.29015840338537208 0.026128301514950426 1.0000000180025095e-35 436.50000000000006 13.411604758315073 0.13675766283524909 0.13675766283524909 0.56398194235936749 512.50000000000011 0.46032052381769323 1.0000000180025095e-35 0.14667145593869738 534.50000000000011 0.63024275792341733 579.00000000000011 1.0000000180025095e-35 0.490380395617937 523.50000000000011
decision_type=2 2 2 2 2 2 2 2 2 2 2 2 2 2 2 2 2 2 2 2 2 2 2 2 2 2 2 2 2 2
left_child=1 9 3 4 8 -5 17 -8 -3 11 -11 -1 13 -13 19 16 -16 -6 -15 -4 21 22 23 -2 25 27 -26 29 -29 -22
right_child=20 2 14 5 6 -7 7 -9 -10 10 -12 12 -14 18 15 -17 -18 -19 -20 -21 24 -23 -24 -25 26 -27 -28 28 -30 -31
leaf_value=0.00056923319920120289 0.017039841731465093 -0.00048745783523129689 -0.11242197410462754 0.12256643874900662 -0.045325801539662959 -0.045474018803752791 0.032362253064907143 -0.15885594093067076 -0.14485919999710123 -0.010803180859997534 -0.0979391569165938 -0.038138608668550435 -0.12744857251509906 0.1131998889775904 0.13903683242984807 -0.046112913358477496 -0.03778681639990026 0.097402357738479495 0.049646628955334608 -0.024672107297071658 0.04451196777507805 0.12524792193968723 -0.075250804790947923 -0.027429713618829267 -0.034598292508070602 0.062894533121253648 -0.00032563405751198128 -0.092762111350869147 0.0094558466910728868 -0.062964265992223142
leaf_weight=2109.4221211842478 52.565694562159479 4.9040864132402904 10.918204162415352 31.551458060741425 2.3721961728297201 8.9213430403833609 27.738307572435591 3.5636777133913702 8.4443255671067163 37.556008704896158 13.806600945536045 8.8829546124761674 7.5191158464458558 18.566935910785105 4.2825074942375094 11.2344861956808 3.3205761987483129 25.769671770278364 23.055002769746352 9.8202063314383832 37.432765832614677 3.5294890218392529 22.635075501162646 77.021786906010675 45.861462335778924 21.692859535884054 6204.5161038476517 11.486736901755647 36.576826471893582 5.1828413414914385
leaf_count=199218 4171 725 666 279 83 958 453 254 493 7531 1483 687 726 452 226 2183 527 368 561 530 2235 455 5096 8642 15857 515 353377 2603 2092 1275
internal_value=8.36202e-05 0.00204254 0.022586 0.0438785 0.0207225 0.0855256 0.0459941 0.0105924 -0.0918183 0.000627416 -0.0342259 0.00145335 0.0335946 0.0575706 -0.0383524 -0.00255355 0.0618107 0.0853712 0.0779968 -0.07087 -0.000629099 -0.0159113 -0.0191843 -0.00939114 -0.00025501 0.0176607 -0.000577106 0.00683953 -0.0149733 0.0314409
internal_weight=8890.15 2371.65 152.841 113.265 72.7923 40.4728 59.4439 31.302 13.3484 2218.81 51.3626 2167.45 58.024 50.5049 39.576 18.8376 7.60308 28.1419 41.6219 20.7384 6518.5 155.752 152.223 129.587 6362.75 112.372 6250.38 90.6792 48.0636 42.6156
internal_count=614721 218403 7745 3613 2376 1237 1158 707 1218 210658 9014 201644 2426 1700 4132 2936 753 451 1013 1196 396318 18364 17909 12813 377954 8720 369234 8205 4695 3510
is_linear=0
shrinkage=0.1


Tree=263
num_leaves=31
num_cat=0
split_feature=1 4 8 0 4 20 20 0 12 7 0 4 4 5 20 0 1 20 0 18 20 0 4 1 12 4 1 1 19 4
split_gain=1.04861 2.49311 2.03098 3.19423 2.37101 2.28412 1.58274 2.0058 1.48728 1.43181 2.54934 1.55586 1.54086 1.32017 1.26046 1.9798 1.2554 1.60238 1.25275 1.20467 1.15349 1.09247 1.05185 1.05183 1.16857 1.33176 0.982441 0.957793 0.987443 0.938413
threshold=30.500000000000004 0.10833333333333332 1.0000000180025095e-35 4.0197801389944017 0.3109810144678905 0.049888253390746838 0.0060580581883988354 2.3601013847401293 1.0000000180025095e-35 1.7500000000000002 1.0000000180025095e-35 0.12313432835820901 0.1751865671641791 2.5000000000000004 0.039960705629244198 6.8638254622722243 10.500000000000002 0.0035323332707490611 8.1472121567055069 1.0000000180025095e-35 0.0020918981482343246 3.0898234090136172 0.11940298507462686 10.500000000000002 1.0000000180025095e-35 0.34060945273631849 19.500000000000004 19.500000000000004 1.0000000180025095e-35 0.089552238805970186
decision_type=2 2 2 2 2 2 2 2 2 2 2 2 2 2 2 2 2 2 2 2 2 2 2 2 2 2 2 2 2 2
left_child=1 8 6 5 18 20 7 9 14 10 -3 -12 19 -11 15 29 17 -9 -5 -13 21 22 -4 -14 25 -25 -8 28 -26 -1
right_child=-2 2 3 4 -6 -7 26 16 -10 13 11 12 23 -15 -16 -17 -18 -19 -20 -21 -22 -23 -24 24 27 -27 -28 -29 -30 -31
leaf_value=-0.021574319998932778 -9.873613019584923e-05 -0.090402987093372814 0.16290569114630438 0.055576372357173644 -0.060764839455565059 0.1254808515523437 0.026427931529644524 -0.11262578368788012 0.017944620987602154 0.024172081718601381 0.13244270096306854 -0.059104305264275542 0.00082001489257043823 0.11748858793122503 0.10610195276752479 -0.18881442710374227 -0.11505191519651686 0.1243108618963633 -0.012396738935422903 0.058321876217260996 -0.054033184307850118 0.12777920416365909 -0.027093801157465531 0.066638342816689636 0.22588968739346213 -0.058697591636299784 0.066575565197776326 -0.087110874443705008 -0.023579995144400838 -0.093478722647668322
leaf_weight=17.742077960088874 8748.0639531923589 2.2352247750677661 0.3110431566456161 12.968193020729819 2.63904213043861 0.89716873457655211 11.808908286227963 0.51787949586287074 8.8479817749394005 3.4409669241867951 1.1894157665665286 4.0371523018184261 9.149223187647296 2.7100866585969925 0.65132395405089383 0.8060662541538467 1.8428490654914638 0.63592197420075536 3.428125027101486 1.1149188450071958 13.100236468791989 0.60067258775234211 4.6077438554893888 10.599266824894579 0.24109876755392257 0.9214674489921898 12.597266763499645 1.1180131583605541 0.46404158906079829 2.0218639730810528
leaf_count=876 604620 343 39 315 81 34 654 53 996 47 89 558 775 21 47 21 125 32 57 110 1702 30 1046 425 58 57 864 364 105 243
internal_value=3.5367e-05 0.00883976 0.0162242 -0.00194076 0.0272055 -0.0303679 0.0270608 0.0148694 -0.0164982 0.0212061 0.0124793 0.0204546 0.0156364 0.0652863 -0.0308588 -0.0351955 -0.0638372 0.0179627 0.0413646 -0.033693 -0.0378773 0.000467957 -0.015079 0.0269354 0.0448414 0.0566135 0.0471502 -0.0295485 0.0617177 -0.0289302
internal_weight=8881.31 133.245 103.176 38.5522 19.0354 19.5169 64.6237 40.2175 30.0693 37.2209 31.0698 28.8346 27.6452 6.15105 21.2213 20.57 2.99665 1.1538 16.3963 5.15207 18.6197 5.51946 4.91879 22.4931 13.3439 11.5207 24.4062 1.82315 0.70514 19.7639
internal_count=614787 10167 7984 3304 453 2851 4680 3162 2183 2952 2884 2541 2452 68 1187 1140 210 85 372 668 2817 1115 1085 1784 1009 482 1518 527 163 1119
is_linear=0
shrinkage=0.1


Tree=264
num_leaves=31
num_cat=0
split_feature=1 1 0 20 4 20 4 20 17 1 4 1 1 4 1 1 1 1 8 4 0 4 4 1 1 1 18 1 1 8
split_gain=1.68583 7.17499 4.49896 7.4903 4.42209 3.74572 3.42784 3.04911 5.00519 8.61824 13.6725 6.61066 9.14628 12.8067 5.47849 10.2319 13.4683 10.7888 5.45825 5.31008 5.82712 4.88794 4.70759 5.03056 4.76873 5.67717 4.42855 6.76712 4.3456 4.24045
threshold=1267.5000000000002 1255.0000000000002 37.18684609972977 0.34581603453140503 0.2992537313432837 0.54735484738588491 0.39619252873563227 0.62495714042578265 1.0000000180025095e-35 1229.0000000000002 0.40357587064676625 732.50000000000011 740.00000000000011 0.16920426602619093 859.50000000000011 823.50000000000011 793.00000000000011 732.50000000000011 1.0000000180025095e-35 0.31238026819923376 12.350451396992581 0.18857758620689657 0.30438218390804606 1176.0000000000002 1190.5000000000002 1176.0000000000002 1.0000000180025095e-35 1243.5000000000002 1160.0000000000002 1.0000000180025095e-35
decision_type=2 2 2 2 2 2 2 2 2 2 2 2 2 2 2 2 2 2 2 2 2 2 2 2 2 2 2 2 2 2
left_child=1 7 3 -3 -5 -4 -6 -1 11 14 -11 29 13 -13 15 16 17 -10 19 -14 -21 -18 24 28 25 -20 -25 -28 -24 -9
right_child=-2 2 5 4 6 -7 -8 8 9 10 -12 12 18 -15 -16 -17 21 -19 22 20 -22 -23 23 26 -26 -27 27 -29 -30 -31
leaf_value=-0.00080904508310733708 -0.0019209053418432897 -0.026406278613298313 0.014886969895821041 0.083447170841988716 0.026686157123956934 -0.097590509113829951 -0.16770700379603876 0.0197486837957359 0.0087949670822945521 -0.16286158351662283 0.074428277845682539 0.096715058853968583 -0.039937368891848485 -0.14766266689553764 0.032212142168850939 -0.040214694447726559 0.013553385193259658 -0.12672726355193006 0.015831807070444629 -0.10667686988175505 0.019163999668884144 0.093314931195521436 -0.026899508170558962 -0.11041810724466175 -0.055106199339805574 0.087557946738041126 0.13029317687280889 -0.066703685618936734 -0.15064937446636689 -0.089829106026968378
leaf_weight=3628.9703116529217 4516.1021555710104 10.374180052189329 12.716306645743318 32.774706813041121 4.5293391793966284 3.85934698593337 1.1342732822522519 4.7717615663132174 143.4388503834798 6.590618195361456 3.844785020686686 17.234678905457262 64.00154569777078 2.4491735494229934 140.64488594542854 38.051957120595034 10.796912428806534 6.1250760187685946 86.791010845314304 4.0954806944937436 36.243858030473348 26.641034373868024 30.65865718961868 1.589038750564211 8.0421878198394534 12.64257692848332 5.8649556236341596 2.4815685828216374 3.1270914260530835 13.587912436574697
leaf_count=372075 201508 1178 402 408 122 266 115 1309 5517 498 40 259 8077 241 6097 1568 196 516 4161 775 3489 346 2824 369 651 198 150 142 253 1255
internal_value=-0.000566462 0.000835165 0.0337115 0.0489968 0.0693475 -0.0113014 -0.0122457 0.000335077 0.0065347 0.0141723 -0.0754353 -0.00325055 0.000625142 0.0663082 0.0167293 0.00705351 0.0166718 0.00324494 -0.00443437 -0.0220275 0.00638791 0.0703121 0.00770663 -0.0199587 0.0189609 0.0249515 0.042592 0.0717225 -0.0383534 -0.0613493
internal_weight=8880.18 4364.07 65.3882 48.8125 38.4383 16.5757 5.66361 4298.69 669.716 376.134 10.4354 293.581 275.222 19.6839 365.699 225.054 187.002 149.564 255.538 104.341 40.3393 37.4379 151.197 43.7213 107.476 99.4336 9.93556 8.34652 33.7857 18.3597
internal_count=615005 413497 2491 1823 645 668 237 411006 38931 14778 538 24153 21589 500 14240 8143 6575 6033 21089 12341 4264 542 8748 3738 5010 4359 661 292 3077 2564
is_linear=0
shrinkage=0.1


Tree=265
num_leaves=31
num_cat=0
split_feature=1 1 4 1 20 1 4 20 8 0 4 4 19 0 4 8 3 17 4 4 1 0 1 0 20 20 1 13 18 0
split_gain=1.63287 6.33846 3.95801 3.59559 8.00729 5.90024 7.50087 7.17793 6.62628 6.00508 5.61662 4.6382 7.06138 6.89555 7.59059 6.90541 6.52289 6.20745 5.30826 4.79485 4.5777 5.32587 4.38846 4.47329 4.6693 4.47164 4.10782 6.62479 4.41168 7.63484
threshold=1267.5000000000002 1255.0000000000002 0.39962686567164191 1723.5000000000002 0.69150269515457052 1462.5000000000002 0.17298564648024253 0.85059515696560528 1.0000000180025095e-35 24.53950841572669 0.24626865671641801 0.16417910447761203 1.0000000180025095e-35 40.639317029662735 0.35822325155830054 1.0000000180025095e-35 0.14365671641791047 1.0000000180025095e-35 0.62593283582089565 0.42123756218905478 1631.0000000000002 12.350451396992581 1364.0000000000002 42.18679277863135 0.71094166581115481 0.80015549118554496 1760.5000000000002 1.0000000180025095e-35 1.0000000180025095e-35 31.139950169622114
decision_type=2 2 2 2 2 2 2 2 2 2 2 2 2 2 2 2 2 2 2 2 2 2 2 2 2 2 2 2 2 2
left_child=1 -1 -3 4 10 11 7 20 9 -8 -2 12 22 14 -13 -15 -14 -16 -17 -19 21 -7 25 24 -24 -6 27 28 -5 -30
right_child=3 2 -4 26 5 6 8 -9 -10 -11 -12 13 16 15 17 18 -18 19 -20 -21 -22 -23 23 -25 -26 -27 -28 -29 29 -31
leaf_value=0.0012653780326767556 -0.036284853126002166 0.036237963772260316 -0.14548702901262536 0.009078945993123021 -0.1120127557542259 0.15040675507085505 0.019330551068628746 0.034597738385745216 -0.06794250033030072 -0.039864486961027866 -0.0052484404349349666 0.059352235397070331 -0.046478181855434758 0.027767558072204258 -0.045336357442166332 -0.073465409659273673 0.064089593530363684 0.11996923625778173 0.11367957993585882 -0.065067948430172232 0.0077127984374460437 -0.07083276741209292 -0.1077802924936383 -0.056753886482353216 0.029099005005303821 -0.021204261377833586 -0.00039662642772133011 -0.081864297247102175 -0.022646325851924699 0.076574142871226894
leaf_weight=4306.0381531406574 131.69814915482857 63.452803732361645 1.2216016232414393 68.645370817608637 9.3423520539654437 1.1577394483611012 31.111575674338383 49.411417275492568 32.613900692900643 38.154656504790182 104.6350971781776 60.893165051747928 7.1159691182110718 22.219141992864024 15.039848653876108 16.104128723964099 21.325852746187593 5.0547772952122605 1.6731040785962239 1.9370781640609491 24.388291652605403 18.086710613104515 2.7467673656938159 11.638278594939036 26.886429952457547 12.924667633953502 3764.0800334215046 6.1887547204969442 10.482097651343791 29.8118961956352
leaf_count=410932 13811 2247 238 3005 697 9 906 1039 1755 2285 15482 1874 409 1557 1151 1475 705 94 169 835 747 900 132 380 525 511 149896 384 295 329
internal_value=0.000353517 0.00173208 0.0328055 -0.000977938 -0.00788447 0.000569014 -0.0120296 0.00849731 -0.0307762 -0.0132765 -0.0225437 0.0119964 -0.00498682 0.0247048 0.0411538 -0.00939904 0.0364262 -0.00914482 -0.0558523 0.0687051 -0.0210598 -0.0575231 -0.0235246 -0.00422075 0.0164114 -0.0593039 0.000172482 0.0187793 0.0244968 0.0507629
internal_weight=8896.08 4370.71 64.6744 4525.37 646.159 409.826 194.924 93.0442 101.88 69.2662 236.333 214.902 91.9803 122.921 82.9249 39.9964 28.4418 22.0317 17.7772 6.99186 43.6327 19.2445 63.5385 41.2715 29.6332 22.267 3879.21 115.128 108.939 40.294
internal_count=614774 413417 2485 201357 47448 18155 7641 2695 4946 3191 29293 10514 3359 7155 3954 3201 1114 2080 1644 929 1656 909 2245 1037 657 1208 153909 4013 3629 624
is_linear=0
shrinkage=0.1


Tree=266
num_leaves=31
num_cat=0
split_feature=1 4 4 20 20 1 1 20 3 0 1 19 8 4 1 20 0 1 20 1 3 20 3 1 1 1 20 8 4 19
split_gain=2.03029 2.01717 3.4212 1.49004 1.63937 1.23473 4.64706 4.64083 2.94057 3.07126 2.50195 6.90695 8.13156 4.35433 3.86045 3.22083 2.46396 2.43115 2.37346 2.26114 9.62229 5.55634 2.66293 2.31997 6.59746 6.52949 7.37996 5.59122 4.24244 3.96147
threshold=94197.000000000015 0.40419061302681997 0.41728855721393049 0.86888973156516258 0.92759410062517034 180.50000000000003 177.00000000000003 0.44069283993303926 0.69216417910447781 17.606692177272944 143.50000000000003 1.0000000180025095e-35 1.0000000180025095e-35 0.22630597014925377 173.50000000000003 0.36199550496186472 9.1113486011167151 192.50000000000003 0.80015549118554496 196.50000000000003 0.53544776119402993 0.037024150506160876 0.61380597014925387 380.50000000000006 388.50000000000006 361.50000000000006 0.52642975449311058 1.0000000180025095e-35 0.30150254474752686 1.0000000180025095e-35
decision_type=2 2 2 2 2 2 2 2 2 2 2 2 2 2 2 2 2 2 2 2 2 2 2 2 2 2 2 2 2 2
left_child=5 3 -3 -2 -5 6 7 10 17 -10 -1 13 14 15 -13 -12 -8 -7 -11 20 21 -19 -22 25 27 26 28 -25 -21 -27
right_child=1 2 -4 4 -6 8 16 -9 9 18 11 12 -14 -15 -16 -17 -18 19 -20 23 22 -23 -24 24 -26 29 -28 -29 -30 -31
leaf_value=0.0032257353016224969 0.090202716152996631 0.076249171814437258 -0.010062200417706533 -0.05052769047250838 -0.014046982092758563 -0.015989794995584786 0.037852343016836182 0.038879637839729982 0.057473234217560482 -0.11708669544601967 -0.023229019083434797 0.036530777691491247 -0.074479838757453301 -0.056793185722737033 -0.073195409155029006 0.029604170462886201 -0.045164073132532054 -0.065640635601769956 0.010271861043029974 -0.0023289950034196551 -0.098230614042473657 0.047323879248589815 -0.00056973546944429987 -0.059266133739183491 0.00028727289606580753 -0.038650509677750439 0.020640182458202799 0.057578773945289791 -0.024105383944625906 0.0066804188044851101
leaf_weight=739.38439335282601 1.2702696036067198 6.5452792561263804 15.392161233889054 14.130533277886569 96.049410381529015 95.610452263586922 50.953811831775965 33.045374871682725 17.894391992420427 1.7177407306153316 56.722556523134699 51.687393818265264 8.6664475985162408 32.205957924959876 3.4184580284345421 14.485273599224454 3.8450402928356189 4.7892695984919547 9.8777241127099824 512.25033369803714 7.5651853705858212 47.926931002613856 4.4251872616478067 4.6925996775571539 6679.9583396367543 82.419333813431876 123.44135811481101 32.174889311791048 108.39369230381999 25.164283615566092
leaf_count=79857 210 109 722 1049 2089 6772 1820 1063 732 90 5923 2557 1346 5647 246 1134 776 594 367 52001 1037 1081 996 1212 413989 8176 4389 1396 16113 1761
internal_value=0.000216197 -0.0120282 0.0156898 -0.0174841 -0.0187256 0.000402796 0.00372032 0.00206944 -2.24252e-05 0.0314951 0.00072767 -0.0103201 0.015563 -0.0262814 0.029724 -0.0124816 0.0320274 -0.000142683 -0.00859491 5.58119e-05 0.0186699 0.037061 -0.0621877 -0.000103328 0.000520104 -0.00502013 -0.00169073 0.0427064 -0.00613218 -0.0280474
internal_weight=8886.1 133.388 21.9374 111.45 110.18 8752.72 994.415 939.616 7758.3 29.4899 906.57 167.186 63.7723 103.414 55.1059 71.2078 54.7989 7728.81 11.5955 7633.2 64.7066 52.7162 11.9904 7568.49 6716.83 851.669 744.085 36.8675 620.644 107.584
internal_count=615254 4179 831 3348 3138 611075 100369 97773 510706 1189 96710 16853 4149 12704 2803 7057 2596 509517 457 502745 3708 1675 2033 499037 416597 82440 72503 2608 68114 9937
is_linear=0
shrinkage=0.1


Tree=267
num_leaves=31
num_cat=0
split_feature=1 4 20 20 10 4 4 0 1 20 1 17 0 20 20 4 1 1 9 20 20 4 4 0 0 0 0 4 12 1
split_gain=1.13915 1.6461 1.81497 2.67699 3.01688 2.43295 1.80574 2.4851 1.35741 3.99287 3.94249 5.16081 3.65883 5.01893 3.64953 5.59432 5.83077 3.3519 5.9547 4.54328 3.8471 3.25174 3.24929 3.1494 3.28426 2.98138 2.89795 4.8765 3.85021 4.46842
threshold=134377.00000000003 0.45409482758620695 0.93381963191493456 0.92759410062517034 1.0000000180025095e-35 0.34628831417624528 0.46654228855721402 32.057751292829899 1436.5000000000002 0.80467226748466358 1518.0000000000002 1.0000000180025095e-35 41.425433686275902 0.20646690046996591 0.61401581934296112 0.2731672099273747 1462.5000000000002 1554.5000000000002 1.0000000180025095e-35 0.12441516710294666 0.59745994448975315 0.39412134728655579 0.12988184079601986 51.660680889015815 45.616441709830262 0.96051794107304345 9.5433360994580294 0.055762852404643411 1.0000000180025095e-35 2088.5000000000005
decision_type=2 2 2 2 2 2 2 2 2 2 2 2 2 2 2 2 2 2 2 2 2 2 2 2 2 2 2 2 2 2
left_child=8 2 3 4 -2 -6 -3 -8 9 -1 11 12 13 -10 -15 -16 21 18 20 22 -12 -17 -20 24 -11 -19 27 -27 29 -29
right_child=1 6 -4 -5 5 -7 7 -9 10 23 17 -13 -14 14 15 16 -18 25 19 -21 -22 -23 -24 -25 -26 26 -28 28 -30 -31
leaf_value=0.00037654447875736397 -0.055118598692918325 0.12039382341565329 0.00087137629421253811 0.12986585791173852 -0.0100183733226913 0.11804167095018109 -0.18506952469499374 0.10604669351422907 -0.055848829191161201 0.016511572180891176 -0.048810066558495728 -0.078463171868736262 -0.060776360355558737 0.097978884585050385 -0.085002945611114142 0.11931204501823132 -0.03124443444893469 -0.04834244893678219 -0.10665694676339199 0.14295788522771688 0.043636981002220215 -0.059973065779795103 0.054817179297397524 -0.0013305880209642993 0.058527635813232476 -0.028467215053407088 -0.0020274782701685044 -0.02466222329720404 0.062956251329307267 0.013055102471417213
leaf_weight=4436.6479125258056 3.5233271604811289 2.7348665684985458 52.335637474781834 2.7809328750008708 2.6598544734879397 3.3546702765161172 0.54201080481288932 0.63886076351627707 9.7528079700423387 122.62743708566995 10.757778562197929 14.626124877831897 10.991404886073722 5.8292351400414217 4.8811651979049229 7.1653089314495428 6.7040148547384879 13.449166387850708 1.4218671345151985 5.8730132989585391 7.7400869751581913 1.1779527576582038 10.08588778041303 85.448049342208833 21.931240158184664 34.44323516607983 3657.6526042268724 35.378181528558343 13.710858548234681 280.05860768946422
leaf_count=425618 253 45 999 42 214 116 67 3 1753 3551 1636 1456 1285 759 496 127 491 1053 111 54 401 108 278 5973 754 1733 144722 5431 604 14604
internal_value=-2.61143e-05 0.0128131 0.00900008 0.0435344 0.0183629 0.0614086 0.0757713 -0.0275734 -0.000126177 0.00104256 -0.00144623 -0.0266537 -0.0103581 0.0052476 0.028381 0.00802299 0.0381995 -0.00106769 0.0293625 0.0713905 -0.0101273 0.0939995 0.0348659 0.0138894 0.0228859 -0.00133829 -0.00118109 0.00733344 0.0110797 0.00882487
internal_weight=8866.92 68.5702 64.6544 12.3188 9.53785 6.01452 3.91574 1.18087 8798.35 4666.65 4131.7 61.128 46.5019 35.5105 25.7577 19.9284 15.0473 4070.57 35.8786 17.3808 18.4979 8.34326 11.5078 230.007 144.559 4034.69 4021.24 363.591 329.148 315.437
internal_count=614737 1739 1624 625 583 330 115 70 612998 435896 177102 6475 5019 3734 1981 1222 726 170627 2480 443 2037 235 389 10278 4305 168147 167094 22372 20639 20035
is_linear=0
shrinkage=0.1


Tree=268
num_leaves=31
num_cat=0
split_feature=20 4 4 0 4 0 1 0 1 18 8 4 5 4 0 1 0 16 0 1 4 4 11 20 4 0 9 0 5 0
split_gain=1.97689 1.81319 3.63268 3.70352 2.35456 3.96287 5.00579 2.17291 2.12824 5.16662 3.5495 4.5568 3.15553 3.27027 3.0122 2.32658 2.94976 4.7405 2.813 2.31063 3.28031 3.88143 4.74455 2.96728 4.04748 3.58869 2.72355 2.25185 1.96858 3.4098
threshold=0.97394144385072001 0.13275862068965522 0.11567164179104478 23.901401759135322 0.15466954022988508 47.521315307063404 28587.500000000004 28.504126943894985 4509.0000000000009 1.0000000180025095e-35 1.0000000180025095e-35 0.27847222222222229 1.5000000000000002 0.18857758620689657 62.368971137533727 23098.500000000004 62.368971137533727 1.0000000180025095e-35 57.973155683127395 28587.500000000004 0.45009578544061307 0.41728855721393049 1.0000000180025095e-35 0.99999855885341915 0.38383084577114435 14.728311919785602 1.0000000180025095e-35 22.983669228593588 1.0000000180025095e-35 24.53950841572669
decision_type=2 2 2 2 2 2 2 2 2 2 2 2 2 2 2 2 2 2 2 2 2 2 2 2 2 2 2 2 2 2
left_child=-1 2 -2 -4 5 6 -3 -5 9 12 -11 -12 13 -6 -13 -10 18 -18 19 23 21 28 26 -17 -25 -26 -23 -27 29 -21
right_child=1 4 3 7 8 -7 -8 -9 15 10 11 14 -14 -15 -16 16 17 -19 -20 20 -22 22 -24 24 25 27 -28 -29 -30 -31
leaf_value=-0.0002725314631227821 0.0026725316756822143 0.08192984276640447 -0.20105088710507704 0.072119692528465465 0.011070476858738186 -0.0014093136666561866 -0.049559372403287401 -0.04071412696277088 -0.0065276959208537258 0.058758116373408248 -0.16338942922924785 0.057290744750848832 0.0074639324287518851 -0.13395874889861273 -0.10946968976869156 0.057342129908658973 -0.0048028452763185315 -0.18191937799552882 0.078274481161000484 -0.0063945256134107266 0.047955579491006393 -0.12811517957534466 0.031930182850359978 0.026934527364168931 0.038141332028049056 -0.2318552507300102 -0.030687973165937483 -0.058318189729741371 -0.019883448365634212 0.042828588067510227
leaf_weight=8253.1807216596098 117.52864859008696 18.131095446413386 1.3595197950489843 1.8706440916284943 2.6735122287645963 19.332170539535582 3.4454881157726041 19.476789301814279 144.3058996781474 33.725622567872051 1.6445501951966415 5.2205885127186775 19.979037825993146 3.7156524723395705 1.3667460109572855 23.636504725785926 57.168604833655991 1.5521727900486428 7.0815770681947461 28.980365859228186 15.630687057273461 5.9676029223483074 5.4618448321707538 21.635714672505859 1.766810999251901 1.4369783364236357 5.5264854086562991 1.5589862819761036 18.770630372455344 27.358786925440654
leaf_count=604248 2110 194 40 23 46 407 55 444 2564 461 145 52 838 114 101 231 1281 70 68 398 148 81 44 239 20 28 44 35 299 292
internal_value=0.000135748 0.00559428 -0.00440191 -0.0410184 0.00853266 0.0314719 0.0609328 -0.0308267 0.00638114 0.0225889 0.0443884 -0.0144837 -0.0120988 -0.073272 0.0226911 0.00337058 0.00976057 -0.00948459 0.0166174 0.0138492 0.00559942 -0.00159171 -0.0448067 0.0316062 0.00856292 -0.0748932 -0.0812711 -0.141553 0.00816402 0.0175087
internal_weight=8870.49 617.31 140.236 22.707 477.074 40.9088 21.5766 21.3474 436.165 68.3257 41.9575 8.23188 26.3682 6.38916 6.58733 367.84 223.534 58.7208 164.813 157.731 107.696 92.0657 16.9559 50.035 26.3985 4.76278 11.4941 2.99596 75.1098 56.3392
internal_count=615120 10872 2617 507 8255 656 249 467 7599 1757 759 298 998 160 153 5842 3278 1351 1927 1859 1306 1158 169 553 322 83 125 63 989 690
is_linear=0
shrinkage=0.1


Tree=269
num_leaves=31
num_cat=0
split_feature=4 14 20 1 1 19 1 20 20 1 1 4 0 18 1 19 0 4 20 0 4 4 20 20 0 1 0 0 0 7
split_gain=0.956482 2.70604 1.98577 2.82184 8.3614 4.28509 3.19137 4.54334 3.22759 3.96504 7.48778 4.07215 3.72369 4.25631 3.71648 3.53469 4.75385 3.81014 3.02174 3.20245 2.91317 3.01169 2.85599 2.64748 2.6219 2.53647 6.98863 2.37749 2.70232 2.17514
threshold=0.43703358208955234 1.0000000180025095e-35 0.061604981372169389 4910.5000000000009 3067.5000000000005 1.0000000180025095e-35 2764.0000000000005 0.63024275792341733 0.77219929139569443 1004.0000000000001 978.50000000000011 0.44098258706467669 16.946241795626953 1.0000000180025095e-35 800.50000000000011 1.0000000180025095e-35 17.827942801454949 0.49813432835820909 0.61962107968522817 6.5009516731296211 0.45009578544061307 0.49023631840796028 0.72518565854827288 0.97394144385072001 18.735914370530313 2514.0000000000005 14.340531860547591 8.2859500782050688 8.0174438635109553 1.7500000000000002
decision_type=2 2 2 2 2 2 2 2 2 2 2 2 2 2 2 2 2 2 2 2 2 2 2 2 2 2 2 2 2 2
left_child=-1 2 -2 4 6 23 8 -8 9 10 11 -4 25 24 -13 17 20 -11 -12 -20 -17 -22 -9 27 -14 -10 -27 28 -6 -7
right_child=1 -3 3 -5 5 29 7 22 12 15 18 14 13 -15 -16 16 -18 -19 19 -21 21 -23 -24 -25 -26 26 -28 -29 -30 -31
leaf_value=-0.00054034387984056606 0.040740736255415744 0.15304655009400647 -0.13952535849744807 0.011665627827683801 -0.072692733303599918 0.020122579384881573 -0.16839652776104044 0.12556982005760681 0.048563052297830159 -0.079455073699668893 0.13914996055883394 0.0089891049865250278 -0.21689348251168533 -0.12572068359097396 -0.071146194087467904 0.22590462119847185 -0.058850606090167817 0.016634030062572663 0.11680448206434219 -0.072686397112051312 -0.042035772848379047 0.14428424208996618 0.018821880518613086 0.037741873787545843 0.010683107799564252 -0.19174091986045397 0.11972324643420676 -0.12329087985703679 0.15205105564330496 -0.062418221515795951
leaf_weight=8463.6992067577557 14.263904278081098 1.2247121123946261 2.3779618934913733 176.39634164980635 2.6384248700378552 8.0496240253087326 0.8356952374742822 5.2161634752410446 29.609072389299399 19.399561670743427 5.0840138666462718 33.455490166365962 0.52151150241844035 2.9468383840285233 6.9979639352150107 1.1143531950183367 4.5576199683337109 5.2415776871093831 1.7302032797597351 1.8407349104527382 1.9616537758338384 1.5554349905250999 4.8244415052758995 1.4965144551824767 17.292945139703079 1.5761968088336282 1.3268352339509872 11.513094675872706 0.6710909874527714 5.2912371118436559
leaf_count=556914 10237 52 664 8096 301 1434 122 84 564 3376 347 15255 50 206 2844 142 5044 2381 16 93 436 545 396 22 2659 48 20 1444 19 490
internal_value=-0.000322495 0.00464719 0.0041557 0.00268787 -0.00615306 -0.0546535 0.00347134 0.0556319 -0.000622132 -0.0126811 0.00479369 -0.0123491 0.0186902 -0.0143945 -0.00487334 -0.0392762 0.0136558 -0.0590153 0.0896295 0.0191264 0.0850065 0.0403644 0.0742782 -0.0890202 0.00402089 0.0398171 -0.0493857 -0.101818 -0.02712 -0.0126147
internal_weight=8834.71 371.011 369.787 355.523 179.126 29.66 149.466 10.8763 138.59 85.3166 51.4864 42.8314 53.2734 20.7613 40.4535 33.8302 9.18906 24.6411 8.65495 3.57094 4.63144 3.51709 10.0406 16.3191 17.8145 32.5121 2.90303 14.8226 3.30952 13.3409
internal_count=614301 57387 57335 47098 39002 3710 35292 602 34690 31143 19219 18763 3547 2915 18099 11924 6167 5757 456 109 1123 981 480 1786 2709 632 68 1764 320 1924
is_linear=0
shrinkage=0.1


end of trees

feature_importances:
global_pop=2305
abs_week_distance=1255
cf_score_user_norm=1029
cf_score=952
week_position=418
item_duration_proxy=284
log_global_pop=239
module_DDD=205
engagement_band=203
activity_subpage=154
activity_resource=147
module_BBB=146
module_FFF=142
activity_other=129
activity_forumng=98
activity_url=94
activity_quiz=84
activity_oucontent=80
type_match=70
activity_oucollaborate=39
activity_glossary=27

parameters:
[boosting: gbdt]
[objective: lambdarank]
[metric: ndcg]
[tree_learner: serial]
[device_type: cpu]
[data_sample_strategy: bagging]
[data: ]
[valid: ]
[num_iterations: 300]
[learning_rate: 0.1]
[num_leaves: 31]
[num_threads: 0]
[seed: 1]
[deterministic: 0]
[force_col_wise: 0]
[force_row_wise: 0]
[histogram_pool_size: -1]
[max_depth: -1]
[min_data_in_leaf: 30]
[min_sum_hessian_in_leaf: 0.001]
[bagging_fraction: 0.8]
[pos_bagging_fraction: 1]
[neg_bagging_fraction: 1]
[bagging_freq: 1]
[bagging_seed: 18467]
[bagging_by_query: 0]
[feature_fraction: 0.9]
[feature_fraction_bynode: 1]
[feature_fraction_seed: 26500]
[extra_trees: 0]
[extra_seed: 15724]
[early_stopping_round: 0]
[early_stopping_min_delta: 0]
[first_metric_only: 0]
[max_delta_step: 0]
[lambda_l1: 0]
[lambda_l2: 0]
[linear_lambda: 0]
[min_gain_to_split: 0]
[drop_rate: 0.1]
[max_drop: 50]
[skip_drop: 0.5]
[xgboost_dart_mode: 0]
[uniform_drop: 0]
[drop_seed: 6334]
[top_rate: 0.2]
[other_rate: 0.1]
[min_data_per_group: 100]
[max_cat_threshold: 32]
[cat_l2: 10]
[cat_smooth: 10]
[max_cat_to_onehot: 4]
[top_k: 20]
[monotone_constraints: ]
[monotone_constraints_method: basic]
[monotone_penalty: 0]
[feature_contri: ]
[forcedsplits_filename: ]
[refit_decay_rate: 0.9]
[cegb_tradeoff: 1]
[cegb_penalty_split: 0]
[cegb_penalty_feature_lazy: ]
[cegb_penalty_feature_coupled: ]
[path_smooth: 0]
[interaction_constraints: ]
[verbosity: -1]
[saved_feature_importance_type: 0]
[use_quantized_grad: 0]
[num_grad_quant_bins: 4]
[quant_train_renew_leaf: 0]
[stochastic_rounding: 1]
[linear_tree: 0]
[max_bin: 255]
[max_bin_by_feature: ]
[min_data_in_bin: 3]
[bin_construct_sample_cnt: 200000]
[data_random_seed: 41]
[is_enable_sparse: 1]
[enable_bundle: 1]
[use_missing: 1]
[zero_as_missing: 0]
[feature_pre_filter: 1]
[pre_partition: 0]
[two_round: 0]
[header: 0]
[label_column: ]
[weight_column: ]
[group_column: ]
[ignore_column: ]
[categorical_feature: ]
[forcedbins_filename: ]
[precise_float_parser: 0]
[parser_config_file: ]
[objective_seed: 19169]
[num_class: 1]
[is_unbalance: 0]
[scale_pos_weight: 1]
[sigmoid: 1]
[boost_from_average: 1]
[reg_sqrt: 0]
[alpha: 0.9]
[fair_c: 1]
[poisson_max_delta_step: 0.7]
[tweedie_variance_power: 1.5]
[lambdarank_truncation_level: 30]
[lambdarank_norm: 1]
[label_gain: ]
[lambdarank_position_bias_regularization: 0]
[eval_at: 10]
[multi_error_top_k: 1]
[auc_mu_weights: ]
[num_machines: 1]
[local_listen_port: 12400]
[time_out: 120]
[machine_list_filename: ]
[machines: ]
[gpu_platform_id: -1]
[gpu_device_id: -1]
[gpu_use_dp: 0]
[num_gpu: 1]

end of parameters

pandas_categorical:[]
